metric/train_loss,metric/train_ppl,samples,step,throughput/batches_per_sec,throughput/device/batches_per_sec,throughput/device/flops_per_sec,throughput/device/mfu,throughput/device/samples_per_sec,throughput/device/tokens_per_sec,throughput/flops_per_sec,throughput/samples_per_sec,throughput/tokens_per_sec,time/total,time/train,time/val,total_tokens
1.9307847380638123,6.894918824391731,30,0,8.759789729670748,1.4599649549451248,0.0,0.0,1.4599649549451248,2990.0082277276156,0.0,8.759789729670748,17940.049366365693,23.883081424981356,23.883081424981356,0.0,368640.0
1.3227023005485534,3.7535509072551516,60,1,8.723181621613778,1.4538636036022963,0.0,0.0,1.4538636036022963,2977.5126601775028,0.0,8.723181621613778,17865.075961065017,45.21714430116117,45.21714430116117,0.0,737280.0
1.8148147851228713,6.139938864102223,90,2,8.616202602084112,1.4360337670140186,0.0,0.0,1.4360337670140186,2940.99715484471,0.0,8.616202602084112,17645.98292906826,66.05677880346775,66.05677880346775,0.0,1105920.0
2.3132019490003586,10.106734148036981,120,3,8.611988056187778,1.435331342697963,0.0,0.0,1.435331342697963,2939.5585898454283,0.0,8.611988056187778,17637.35153907257,87.00181514956057,87.00181514956057,0.0,1474560.0
3.096680444478989,22.124386119084566,150,4,8.588515357014284,1.4314192261690473,0.0,0.0,1.4314192261690473,2931.546575194209,0.0,8.588515357014284,17589.279451165254,107.97018982842565,107.97018982842565,0.0,1843200.0
1.103920391201973,3.0159666464101185,190,5,8.647386409130895,1.4412310681884823,0.0,0.0,1.4412310681884823,2951.641227650012,0.0,8.647386409130895,17709.847365900074,135.90821831300855,135.90821831300855,0.0,2334720.0
2.2087277442216875,9.104126244565839,220,6,8.627339838754654,1.4378899731257757,0.0,0.0,1.4378899731257757,2944.7986649615887,0.0,8.627339838754654,17668.791989769532,156.85733472555876,156.85733472555876,0.0,2703360.0
1.7711319386959077,5.877502570018665,250,7,8.625711420757028,1.4376185701261714,0.0,0.0,1.4376185701261714,2944.242831618399,0.0,8.625711420757028,17665.456989710394,177.84711293689907,177.84711293689907,0.0,3072000.0
1.5996665880084038,4.951381299257812,280,8,8.592506879229393,1.4320844798715655,0.0,0.0,1.4320844798715655,2932.909014776966,0.0,8.592506879229393,17597.454088661798,198.81008698232472,198.81008698232472,0.0,3440640.0
1.5418766498565675,4.673352292703001,310,9,8.630078368097985,1.4383463946829975,0.0,0.0,1.4383463946829975,2945.733416310779,0.0,8.630078368097985,17674.400497864674,219.77934939973056,219.77934939973056,0.0,3809280.0
1.6996850341558456,5.472223556754927,350,10,8.603523800486043,1.4339206334143404,0.0,0.0,1.4339206334143404,2936.669457232569,0.0,8.603523800486043,17620.016743395416,247.69982469268143,247.69982469268143,0.0,4300800.0
1.4134972035884856,4.110304870886979,380,11,8.606105107778506,1.4343508512964174,0.0,0.0,1.4343508512964174,2937.550543455063,0.0,8.606105107778506,17625.30326073038,268.6578392852098,268.6578392852098,0.0,4669440.0
1.5012445241212844,4.4872701126407355,410,12,8.598663772023198,1.4331106286705328,0.0,0.0,1.4331106286705328,2935.0105675172513,0.0,8.598663772023198,17610.06340510351,289.5971540827304,289.5971540827304,0.0,5038080.0
1.380512923002243,3.9769409689390005,440,13,8.593875582923317,1.4323125971538864,0.0,0.0,1.4323125971538864,2933.3761989711593,0.0,8.593875582923317,17600.257193826954,310.5566478334367,310.5566478334367,0.0,5406720.0
1.170366534590721,3.223173826741514,470,14,8.628611537881477,1.438101922980246,0.0,0.0,1.438101922980246,2945.232738263544,0.0,8.628611537881477,17671.396429581266,331.50517898984253,331.50517898984253,0.0,5775360.0
1.545491413772106,4.69027592697877,510,15,8.62688388073655,1.4378139801227583,0.0,0.0,1.4378139801227583,2944.643031291409,0.0,8.62688388073655,17667.858187748454,359.4567156136036,359.4567156136036,0.0,6266880.0
2.1796151757240296,8.842902640259366,540,16,8.592417560087174,1.4320695933478622,0.0,0.0,1.4320695933478622,2932.878527176422,0.0,8.592417560087174,17597.271163058533,380.4438059143722,380.4438059143722,0.0,6635520.0
2.2191580653190615,9.199582157118435,570,17,8.62073100408128,1.4367885006802132,0.0,0.0,1.4367885006802132,2942.5428493930767,0.0,8.62073100408128,17655.257096358462,401.5812082532793,401.5812082532793,0.0,7004160.0
2.0702792912721635,7.927036760890943,600,18,8.611068104971704,1.435178017495284,0.0,0.0,1.435178017495284,2939.2445798303415,0.0,8.611068104971704,17635.46747898205,422.576792024076,422.576792024076,0.0,7372800.0
2.2542851626873017,9.528479562351874,630,19,8.606695132393702,1.4344491887322837,0.0,0.0,1.4344491887322837,2937.751938523717,0.0,8.606695132393702,17626.5116311423,443.5815601181239,443.5815601181239,0.0,7741440.0
1.122531071305275,3.0726213933311293,670,20,8.630812744927049,1.4384687908211748,0.0,0.0,1.4384687908211748,2945.984083601766,0.0,8.630812744927049,17675.904501610596,471.5508601684123,471.5508601684123,0.0,8232960.0
2.031976816058159,7.629152893940124,700,21,8.585829535182638,1.4309715891971064,0.0,0.0,1.4309715891971064,2930.629814675674,0.0,8.585829535182638,17583.778888054043,492.52451492473483,492.52451492473483,0.0,8601600.0
1.5698401600122451,4.80587996058557,730,22,8.586583603331741,1.431097267221957,0.0,0.0,1.431097267221957,2930.887203270568,0.0,8.586583603331741,17585.323219623406,513.5287993811071,513.5287993811071,0.0,8970240.0
0.8246057152748107,2.280981231946621,760,23,8.624949598884845,1.4374915998141409,0.0,0.0,1.4374915998141409,2943.9827964193605,0.0,8.624949598884845,17663.896778516162,534.5050173401833,534.5050173401833,0.0,9338880.0
2.526197922229767,12.50586735062027,790,24,8.579770321135651,1.4299617201892751,0.0,0.0,1.4299617201892751,2928.5616029476355,0.0,8.579770321135651,17571.369617685814,555.497649313882,555.497649313882,0.0,9707520.0
1.0746871739625932,2.929076465814792,830,25,8.615041741261505,1.435840290210251,0.0,0.0,1.435840290210251,2940.600914350594,0.0,8.615041741261505,17643.605486103563,583.4417678099126,583.4417678099126,0.0,10199040.0
2.744244545698166,15.552860017964655,860,26,8.602074229112823,1.4336790381854705,0.0,0.0,1.4336790381854705,2936.1746702038436,0.0,8.602074229112823,17617.04802122306,604.7731449212879,604.7731449212879,0.0,10567680.0
2.4977235972881315,12.1547932393747,890,27,8.621220172368389,1.4368700287280647,0.0,0.0,1.4368700287280647,2942.7098188350765,0.0,8.621220172368389,17656.25891301046,625.9252080917358,625.9252080917358,0.0,10936320.0
1.560015892982483,4.758896877601554,920,28,8.641922137154804,1.4403203561924676,0.0,0.0,1.4403203561924676,2949.7760894821736,0.0,8.641922137154804,17698.65653689304,646.8986060284078,646.8986060284078,0.0,11304960.0
1.880259159207344,6.555203483413718,950,29,8.59349117446338,1.4322485290772302,0.0,0.0,1.4322485290772302,2933.2449875501675,0.0,8.59349117446338,17599.469925301004,667.9067074861377,667.9067074861377,0.0,11673600.0
1.1983530238270759,3.3146532697616387,990,30,8.590881398766212,1.4318135664610354,0.0,0.0,1.4318135664610354,2932.3541841122005,0.0,8.590881398766212,17594.125104673203,695.8675060402602,695.8675060402602,0.0,12165120.0
1.7418369233608246,5.707818624025247,1020,31,8.612616111749592,1.4354360186249318,0.0,0.0,1.4354360186249318,2939.7729661438602,0.0,8.612616111749592,17638.637796863164,716.8603854626417,716.8603854626417,0.0,12533760.0
2.2474866837263106,9.46392009626064,1050,32,8.594870213409791,1.4324783689016318,0.0,0.0,1.4324783689016318,2933.715699510542,0.0,8.594870213409791,17602.294197063253,737.8452872782946,737.8452872782946,0.0,12902400.0
1.4782317906618119,4.3851848967112055,1080,33,8.637452581499032,1.4395754302498385,0.0,0.0,1.4395754302498385,2948.250481151669,0.0,8.637452581499032,17689.502886910017,758.8276084028184,758.8276084028184,0.0,13271040.0
1.4748330384492874,4.3703060389393436,1110,34,8.573628659146276,1.4289381098577127,0.0,0.0,1.4289381098577127,2926.4652489885957,0.0,8.573628659146276,17558.791493931574,779.8007442578673,779.8007442578673,0.0,13639680.0
1.2712529852986336,3.565317054654268,1150,35,8.59184043404508,1.43197340567418,0.0,0.0,1.43197340567418,2932.6815348207206,0.0,8.59184043404508,17596.089208924324,807.7499023489654,807.7499023489654,0.0,14131200.0
1.9004263639450074,6.688745674397677,1180,36,8.60374034878177,1.4339567247969616,0.0,0.0,1.4339567247969616,2936.7433723841773,0.0,8.60374034878177,17620.460234305065,828.7264212649316,828.7264212649316,0.0,14499840.0
1.4256276547908784,4.160468361317344,1210,37,8.611084114954503,1.4351806858257505,0.0,0.0,1.4351806858257505,2939.250044571137,0.0,8.611084114954503,17635.50026742682,849.7026860043406,849.7026860043406,0.0,14868480.0
2.3435274183750154,10.417920188549616,1240,38,8.595683453859408,1.4326139089765682,0.0,0.0,1.4326139089765682,2933.9932855840116,0.0,8.595683453859408,17603.959713504068,870.6929935663939,870.6929935663939,0.0,15237120.0
1.5956053256988525,4.931313219458296,1270,39,8.578562015212597,1.4297603358687663,0.0,0.0,1.4297603358687663,2928.1491678592333,0.0,8.578562015212597,17568.8950071554,891.6935509592295,891.6935509592295,0.0,15605760.0
1.4670822598040103,4.336563697849005,1310,40,8.632733173828063,1.4387888623046772,0.0,0.0,1.4387888623046772,2946.639589999979,0.0,8.632733173828063,17679.837539999873,975.2405259944499,975.2405259944499,0.0,16097280.0
0.9730230063199997,2.6459310477980953,1340,41,8.614669801511267,1.435778300251878,0.0,0.0,1.435778300251878,2940.473958915846,0.0,8.614669801511267,17642.843753495075,998.5447370298207,998.5447370298207,0.0,16465920.0
2.637222331762314,13.974333586167944,1370,42,8.615723128517756,1.4359538547529593,0.0,0.0,1.4359538547529593,2940.8334945340607,0.0,8.615723128517756,17645.000967204363,1019.6016066819429,1019.6016066819429,0.0,16834560.0
1.495924562215805,4.46346139347421,1400,43,8.622370766685352,1.4370617944475585,0.0,0.0,1.4370617944475585,2943.1025550286,0.0,8.622370766685352,17658.6153301716,1040.8334544133395,1040.8334544133395,0.0,17203200.0
2.040871360898018,7.697313415488748,1430,44,8.65346146406564,1.4422435773442732,0.0,0.0,1.4422435773442732,2953.7148464010716,0.0,8.65346146406564,17722.28907840643,1061.8011467531323,1061.8011467531323,0.0,17571840.0
1.4859866961836814,4.419323792146998,1470,45,8.595262554590239,1.4325437590983732,0.0,0.0,1.4325437590983732,2933.8496186334683,0.0,8.595262554590239,17603.09771180081,1089.8022769130766,1089.8022769130766,0.0,18063360.0
2.2519411891698837,9.506171213899355,1500,46,8.578483049159924,1.4297471748599875,0.0,0.0,1.4297471748599875,2928.1222141132544,0.0,8.578483049159924,17568.733284679525,1110.8446471095085,1110.8446471095085,0.0,18432000.0
1.741542774438858,5.706139922236474,1530,47,8.609531274184423,1.4349218790307372,0.0,0.0,1.4349218790307372,2938.72000825495,0.0,8.609531274184423,17632.3200495297,1131.8436466827989,1131.8436466827989,0.0,18800640.0
1.7845626920461655,5.956974345636748,1560,48,8.597511647795296,1.4329186079658824,0.0,0.0,1.4329186079658824,2934.6173091141272,0.0,8.597511647795296,17607.703854684765,1152.871647939086,1152.871647939086,0.0,19169280.0
1.396280398964882,4.040144258822475,1590,49,8.583947048583095,1.430657841430516,0.0,0.0,1.430657841430516,2929.9872592496968,0.0,8.583947048583095,17579.92355549818,1173.877433994785,1173.877433994785,0.0,19537920.0
1.3907761931419373,4.017967561809205,1630,50,8.612940859492133,1.4354901432486888,0.0,0.0,1.4354901432486888,2939.8838133733148,0.0,8.612940859492133,17639.302880239888,1201.8603314608335,1201.8603314608335,0.0,20029440.0
1.5435876363888383,4.681355180000211,1660,51,8.594771775393975,1.4324619625656625,0.0,0.0,1.4324619625656625,2933.682099334477,0.0,8.594771775393975,17602.09259600686,1222.848507553339,1222.848507553339,0.0,20398080.0
1.3722555726766585,3.9442371832641947,1690,52,8.639585784648677,1.4399309641081128,0.0,0.0,1.4399309641081128,2948.978614493415,0.0,8.639585784648677,17693.87168696049,1243.8227064032108,1243.8227064032108,0.0,20766720.0
0.9860760651528835,2.68069493537299,1720,53,8.629515221272761,1.4382525368787937,0.0,0.0,1.4382525368787937,2945.5411955277696,0.0,8.629515221272761,17673.247173166616,1264.7929318454117,1264.7929318454117,0.0,21135360.0
0.992381039261818,2.6976500421214333,1750,54,8.61112879589718,1.43518813264953,0.0,0.0,1.43518813264953,2939.2652956662373,0.0,8.61112879589718,17635.591773997425,1285.7626258395612,1285.7626258395612,0.0,21504000.0
1.1087496161460877,3.030566652752599,1790,55,8.603199176554394,1.4338665294257325,0.0,0.0,1.4338665294257325,2936.5586522639,0.0,8.603199176554394,17619.3519135834,1313.7202895935625,1313.7202895935625,0.0,21995520.0
2.6591768622398377,14.284526125228265,1820,56,8.60815447402926,1.4346924123382099,0.0,0.0,1.4346924123382099,2938.250060468654,0.0,8.60815447402926,17629.500362811923,1334.6944491248578,1334.6944491248578,0.0,22364160.0
1.6134481608867646,5.020091501293199,1850,57,8.575019317732327,1.4291698862887212,0.0,0.0,1.4291698862887212,2926.939927119301,0.0,8.575019317732327,17561.639562715805,1355.8504884820431,1355.8504884820431,0.0,22732800.0
1.5657148122787476,4.78609487282554,1880,58,8.618436508464656,1.4364060847441094,0.0,0.0,1.4364060847441094,2941.759661555936,0.0,8.618436508464656,17650.557969335616,1376.9524320736527,1376.9524320736527,0.0,23101440.0
1.713973081111908,5.5509721862506405,1910,59,8.615345795653964,1.4358909659423273,0.0,0.0,1.4358909659423273,2940.7046982498864,0.0,8.615345795653964,17644.228189499318,1397.9435921497643,1397.9435921497643,0.0,23470080.0
0.9466079026460648,2.5769535396235503,1950,60,8.59809450468047,1.4330157507800783,0.0,0.0,1.4330157507800783,2934.8162575976003,0.0,8.59809450468047,17608.8975455856,1425.8923027534038,1425.8923027534038,0.0,23961600.0
1.30570949614048,3.690306423267108,1980,61,8.608127076628763,1.434687846104794,0.0,0.0,1.434687846104794,2938.240708822618,0.0,8.608127076628763,17629.444252935707,1446.8728403206915,1446.8728403206915,0.0,24330240.0
1.7469877809286118,5.737294632972451,2010,62,8.626555296911658,1.4377592161519428,0.0,0.0,1.4377592161519428,2944.530874679179,0.0,8.626555296911658,17667.185248075075,1467.8298783451319,1467.8298783451319,0.0,24698880.0
1.218604815006256,3.3824652752419633,2040,63,8.577382724597072,1.4295637874328453,0.0,0.0,1.4295637874328453,2927.746636662467,0.0,8.577382724597072,17566.479819974804,1488.8208360206336,1488.8208360206336,0.0,25067520.0
1.5489198446273804,4.7063838102908,2070,64,8.626420797889704,1.4377367996482842,0.0,0.0,1.4377367996482842,2944.484965679686,0.0,8.626420797889704,17666.909794078114,1509.783603824675,1509.783603824675,0.0,25436160.0
2.2304441154003145,9.3039972105119,2110,65,8.617529414891582,1.4362549024819302,0.0,0.0,1.4362549024819302,2941.450040282993,0.0,8.617529414891582,17648.70024169796,1537.7314573023468,1537.7314573023468,0.0,25927680.0
1.2487861692905426,3.4861088422629374,2140,66,8.608433817848852,1.4347389696414752,0.0,0.0,1.4347389696414752,2938.345409825741,0.0,8.608433817848852,17630.072458954448,1558.8717769216746,1558.8717769216746,0.0,26296320.0
1.3563885629177093,3.882147822273781,2170,67,8.640078949076122,1.4400131581793536,0.0,0.0,1.4400131581793536,2949.146947951316,0.0,8.640078949076122,17694.881687707897,1579.833412932232,1579.833412932232,0.0,26664960.0
0.9344564318656922,2.545829249911816,2200,68,8.616872405753275,1.4361454009588792,0.0,0.0,1.4361454009588792,2941.2257811637846,0.0,8.616872405753275,17647.354686982708,1600.9541476257145,1600.9541476257145,0.0,27033600.0
1.1844340771436692,3.2688363886882725,2230,69,8.623000429929947,1.4371667383216578,0.0,0.0,1.4371667383216578,2943.317480082755,0.0,8.623000429929947,17659.90488049653,1622.0602836441249,1622.0602836441249,0.0,27402240.0
1.175379864871502,3.239373234248487,2270,70,8.634621428870634,1.439103571478439,0.0,0.0,1.439103571478439,2947.284114387843,0.0,8.634621428870634,17683.70468632706,1650.0032155662775,1650.0032155662775,0.0,27893760.0
0.8014498591423035,2.2287699896304707,2300,71,8.600280109751864,1.4333800182919774,0.0,0.0,1.4333800182919774,2935.5622774619696,0.0,8.600280109751864,17613.373664771818,1670.9771627411246,1670.9771627411246,0.0,28262400.0
2.8199858546257017,16.776613358986015,2330,72,8.598631316502562,1.4331052194170935,0.0,0.0,1.4331052194170935,2934.9994893662074,0.0,8.598631316502562,17609.996936197247,1691.9734615366906,1691.9734615366906,0.0,28631040.0
1.3256549000740052,3.7646500174330364,2360,73,8.632845277476815,1.4388075462461358,0.0,0.0,1.4388075462461358,2946.677854712086,0.0,8.632845277476815,17680.067128272516,1712.9474992491305,1712.9474992491305,0.0,28999680.0
1.6832953929901122,5.383266752622181,2390,74,8.576799223988461,1.4294665373314104,0.0,0.0,1.4294665373314104,2927.5474684547285,0.0,8.576799223988461,17565.284810728368,1733.9370949529111,1733.9370949529111,0.0,29368320.0
2.0439901262521745,7.721357003555062,2430,75,8.594447066324754,1.432407844387459,0.0,0.0,1.432407844387459,2933.571265305516,0.0,8.594447066324754,17601.427591833097,1761.902243508026,1761.902243508026,0.0,29859840.0
1.3575191915035247,3.8865395718269595,2460,76,8.608548512105786,1.4347580853509643,0.0,0.0,1.4347580853509643,2938.384558798775,0.0,8.608548512105786,17630.30735279265,1782.8751092888415,1782.8751092888415,0.0,30228480.0
1.7026660680770873,5.48856077961151,2490,77,8.612235136628748,1.4353725227714578,0.0,0.0,1.4353725227714578,2939.6429266359455,0.0,8.612235136628748,17637.857559815675,1803.851243449375,1803.851243449375,0.0,30597120.0
1.6729459166526794,5.327840074033171,2520,78,8.615845564291817,1.4359742607153028,0.0,0.0,1.4359742607153028,2940.87528594494,0.0,8.615845564291817,17645.25171566964,1824.8267566896975,1824.8267566896975,0.0,30965760.0
1.6226146817207336,5.066319827390841,2550,79,8.613060579266765,1.435510096544461,0.0,0.0,1.435510096544461,2939.924677723056,0.0,8.613060579266765,17639.548066338335,1845.8010980766267,1845.8010980766267,0.0,31334400.0
2.214222764968872,9.154291309973475,2590,80,8.617418308048116,1.436236384674686,0.0,0.0,1.436236384674686,2941.412115813757,0.0,8.617418308048116,17648.47269488254,1932.6389601808041,1932.6389601808041,0.0,31825920.0
1.9453858971595763,6.996331198501939,2620,81,8.661647350017484,1.4436078916695805,0.0,0.0,1.4436078916695805,2956.508962139301,0.0,8.661647350017484,17739.053772835807,1953.668100481853,1953.668100481853,0.0,32194560.0
1.148821622133255,3.154473556897966,2650,82,7.961624354622942,1.326937392437157,0.0,0.0,1.326937392437157,2717.5677797112976,0.0,7.961624354622942,16305.406678267786,1974.7008580956608,1974.7008580956608,0.0,32563200.0
1.8084075033664704,6.100724309340515,2680,83,8.596463204635638,1.432743867439273,0.0,0.0,1.432743867439273,2934.259440515631,0.0,8.596463204635638,17605.556643093787,1995.668313441798,1995.668313441798,0.0,32931840.0
2.5895799875259398,13.324174108437157,2710,84,8.592589954345199,1.4320983257241997,0.0,0.0,1.4320983257241997,2932.937371083161,0.0,8.592589954345199,17597.624226498967,2016.8052903618664,2016.8052903618664,0.0,33300480.0
1.16346173286438,3.2009951084809067,2750,85,8.581989511978989,1.4303315853298315,0.0,0.0,1.4303315853298315,2929.319086755495,0.0,8.581989511978989,17575.91452053297,2044.8416080642492,2044.8416080642492,0.0,33792000.0
2.5108979642391205,12.315984410132156,2780,86,8.608371036949382,1.4347285061582304,0.0,0.0,1.4347285061582304,2938.323980612056,0.0,8.608371036949382,17629.943883672335,2066.0090673472732,2066.0090673472732,0.0,34160640.0
1.1207982257008553,3.0673016253550895,2810,87,8.563484261294684,1.4272473768824474,0.0,0.0,1.4272473768824474,2923.0026278552523,0.0,8.563484261294684,17538.015767131514,2087.0610544607043,2087.0610544607043,0.0,34529280.0
2.0766643553972246,7.977813332253812,2840,88,8.56896820056094,1.4281613667601567,0.0,0.0,1.4281613667601567,2924.874479124801,0.0,8.56896820056094,17549.246874748806,2108.090589556843,2108.090589556843,0.0,34897920.0
1.6409612059593202,5.160127074128467,2870,89,8.591126845673971,1.4318544742789951,0.0,0.0,1.4318544742789951,2932.437963323382,0.0,8.591126845673971,17594.627779940292,2129.120998913422,2129.120998913422,0.0,35266560.0
1.2326693028211593,3.430374033228784,2910,90,8.621862833031122,1.4369771388385202,0.0,0.0,1.4369771388385202,2942.9291803412893,0.0,8.621862833031122,17657.575082047737,2157.1106672417372,2157.1106672417372,0.0,35758080.0
0.8824217677116394,2.4167454211066826,2940,91,8.62545043619988,1.43757507269998,0.0,0.0,1.43757507269998,2944.153748889559,0.0,8.62545043619988,17664.922493337355,2178.079787625,2178.079787625,0.0,36126720.0
1.6423745959997178,5.167425502890499,2970,92,8.580582786432723,1.4300971310721204,0.0,0.0,1.4300971310721204,2928.8389244357027,0.0,8.580582786432723,17573.033546614217,2199.061054058373,2199.061054058373,0.0,36495360.0
1.979759918153286,7.241004342766448,3000,93,8.60072788624483,1.4334546477074717,0.0,0.0,1.4334546477074717,2935.715118504902,0.0,8.60072788624483,17614.29071102941,2220.0423704255372,2220.0423704255372,0.0,36864000.0
1.41680458933115,4.123921740322187,3030,94,8.61157748410353,1.4352629140172548,0.0,0.0,1.4352629140172548,2939.418447907338,0.0,8.61157748410353,17636.510687444028,2241.0208897031844,2241.0208897031844,0.0,37232640.0
0.9881479695439339,2.686254836783773,3070,95,8.63615610551797,1.4393593509196614,0.0,0.0,1.4393593509196614,2947.8079506834665,0.0,8.63615610551797,17686.8477041008,2268.971901426092,2268.971901426092,0.0,37724160.0
1.039930421113968,2.829020167431632,3100,96,8.594826423407147,1.4324710705678578,0.0,0.0,1.4324710705678578,2933.700752522973,0.0,8.594826423407147,17602.204515137837,2290.0515674613416,2290.0515674613416,0.0,38092800.0
1.1167502462863923,3.0549103482554383,3130,97,8.634752399340535,1.439125399890089,0.0,0.0,1.439125399890089,2947.3288189749023,0.0,8.634752399340535,17683.972913849415,2311.0179953519255,2311.0179953519255,0.0,38461440.0
1.1317292872816325,3.101014410886942,3160,98,8.630097443041596,1.438349573840266,0.0,0.0,1.438349573840266,2945.739927224865,0.0,8.630097443041596,17674.439563349188,2331.983405329287,2331.983405329287,0.0,38830080.0
0.984417262673378,2.6762518780634386,3190,99,8.602054336027987,1.433675722671331,0.0,0.0,1.433675722671331,2936.167880030886,0.0,8.602054336027987,17617.007280185317,2352.974826667458,2352.974826667458,0.0,39198720.0
2.5061404585838316,12.257530203014625,3230,100,8.645904581564745,1.4409840969274574,0.0,0.0,1.4409840969274574,2951.135430507433,0.0,8.645904581564745,17706.812583044597,2380.91021264717,2380.91021264717,0.0,39690240.0
1.3286422550678254,3.7759131786166957,3260,101,8.61890637926514,1.43648439654419,0.0,0.0,1.43648439654419,2941.920044122501,0.0,8.61890637926514,17651.520264735005,2401.882371282205,2401.882371282205,0.0,40058880.0
1.35262441188097,3.867562299800213,3290,102,8.626659419869428,1.4377765699782379,0.0,0.0,1.4377765699782379,2944.566415315431,0.0,8.626659419869428,17667.39849189259,2422.9641732499003,2422.9641732499003,0.0,40427520.0
1.8091695606708527,6.105375182753423,3320,103,8.615218627523722,1.4358697712539537,0.0,0.0,1.4358697712539537,2940.661291528097,0.0,8.615218627523722,17643.967749168583,2443.9160914812237,2443.9160914812237,0.0,40796160.0
0.7685401111841201,2.1566155355948107,3350,104,8.624870677162153,1.4374784461936922,0.0,0.0,1.4374784461936922,2943.9558578046817,0.0,8.624870677162153,17663.73514682809,2464.859702249989,2464.859702249989,0.0,41164800.0
1.643937072902918,5.1755057968802465,3390,105,8.57063653538637,1.428439422564395,0.0,0.0,1.428439422564395,2925.443937411881,0.0,8.57063653538637,17552.663624471286,2492.9867876544595,2492.9867876544595,0.0,41656320.0
1.2180188715457916,3.380483922370754,3420,106,8.632677487472064,1.4387795812453439,0.0,0.0,1.4387795812453439,2946.6205823904643,0.0,8.632677487472064,17679.723494342787,2513.9622123613954,2513.9622123613954,0.0,42024960.0
2.4611738339066505,11.718559111741822,3450,107,8.611755482889148,1.4352925804815246,0.0,0.0,1.4352925804815246,2939.4792048261625,0.0,8.611755482889148,17636.875228956975,2534.9352066460997,2534.9352066460997,0.0,42393600.0
1.6274168580770492,5.090707699243098,3480,108,8.61731692079875,1.4362194867997917,0.0,0.0,1.4362194867997917,2941.3775089659734,0.0,8.61731692079875,17648.26505379584,2555.8905367851257,2555.8905367851257,0.0,42762240.0
1.185254372424606,3.2715188998272637,3510,109,8.591050076851445,1.4318416794752409,0.0,0.0,1.4318416794752409,2932.4117595652933,0.0,8.591050076851445,17594.47055739176,2576.9694588780403,2576.9694588780403,0.0,43130880.0
1.3751770377159118,3.9557769826542217,3550,110,8.646828185054726,1.4411380308424544,0.0,0.0,1.4411380308424544,2951.4506871653466,0.0,8.646828185054726,17708.70412299208,2605.074039015919,2605.074039015919,0.0,43622400.0
2.7620582818984984,15.832396970183952,3580,111,8.582221200544913,1.430370200090819,0.0,0.0,1.430370200090819,2929.398169785997,0.0,8.582221200544913,17576.38901871598,2626.0701201818883,2626.0701201818883,0.0,43991040.0
2.123128429055214,8.357241671520455,3610,112,8.611517983983978,1.4352529973306631,0.0,0.0,1.4352529973306631,2939.398138533198,0.0,8.611517983983978,17636.388831199187,2647.0562656261027,2647.0562656261027,0.0,44359680.0
1.0742636427283287,2.92783617311386,3640,113,8.596145685488175,1.4326909475813625,0.0,0.0,1.4326909475813625,2934.1510606466304,0.0,8.596145685488175,17604.90636387978,2668.0311183966696,2668.0311183966696,0.0,44728320.0
2.5871358513832092,13.291647778508128,3670,114,8.579742315715187,1.4299570526191978,0.0,0.0,1.4299570526191978,2928.552043764117,0.0,8.579742315715187,17571.312262584703,2689.0046571344137,2689.0046571344137,0.0,45096960.0
1.1267362341284752,3.0855694718929425,3710,115,8.58396721256375,1.4306612020939582,0.0,0.0,1.4306612020939582,2929.9941418884264,0.0,8.58396721256375,17579.96485133056,2716.957751987502,2716.957751987502,0.0,45588480.0
1.6694236040115356,5.309106767240259,3740,116,8.570594143545838,1.4284323572576398,0.0,0.0,1.4284323572576398,2925.4294676636464,0.0,8.570594143545838,17552.576805981877,2737.9383471533656,2737.9383471533656,0.0,45957120.0
1.014707514643669,2.7585564420068205,3770,117,8.58922443492372,1.43153740582062,0.0,0.0,1.43153740582062,2931.78860712063,0.0,8.58922443492372,17590.73164272378,2758.9119108095765,2758.9119108095765,0.0,46325760.0
1.7346901834011077,5.667171747915117,3800,118,8.6240050347385,1.4373341724564166,0.0,0.0,1.4373341724564166,2943.660385190741,0.0,8.6240050347385,17661.96231114445,2779.8744916655123,2779.8744916655123,0.0,46694400.0
1.6940138518810273,5.441277413068364,3830,119,8.628282833994408,1.438047138999068,0.0,0.0,1.438047138999068,2945.1205406700915,0.0,8.628282833994408,17670.723244020548,2800.8525792155415,2800.8525792155415,0.0,47063040.0
1.8805018275976182,6.55679441711781,3870,120,7.690600487852197,1.281766747975366,0.0,0.0,1.281766747975366,2625.0582998535497,0.0,7.690600487852197,15750.349799121299,2885.989510597661,2885.989510597661,0.0,47554560.0
2.27205211520195,9.69928445441168,3900,121,8.630832759685036,1.4384721266141727,0.0,0.0,1.4384721266141727,2945.9909153058256,0.0,8.630832759685036,17675.945491834955,2906.9109495058656,2906.9109495058656,0.0,47923200.0
1.6434175476431847,5.172817689217249,3930,122,8.618845117439438,1.4364741862399064,0.0,0.0,1.4364741862399064,2941.8991334193283,0.0,8.618845117439438,17651.39480051597,2927.8443038295954,2927.8443038295954,0.0,48291840.0
1.2553992986679077,3.509239329213786,3960,123,8.596267485179713,1.432711247529952,0.0,0.0,1.432711247529952,2934.1926349413416,0.0,8.596267485179713,17605.15580964805,2948.870166497305,2948.870166497305,0.0,48660480.0
1.1395464926958083,3.125350674384893,3990,124,8.578629445353462,1.429771574225577,0.0,0.0,1.429771574225577,2928.1721840139817,0.0,8.578629445353462,17569.03310408389,2969.9083245527,2969.9083245527,0.0,49029120.0
1.2659426867961883,3.5464343376433427,4030,125,8.607987745948115,1.434664624324686,0.0,0.0,1.434664624324686,2938.193150616957,0.0,8.607987745948115,17629.15890370174,2998.079127009958,2998.079127009958,0.0,49520640.0
1.9519684880971908,7.042537095260772,4060,126,8.584501335198933,1.4307502225331554,0.0,0.0,1.4307502225331554,2930.1764557479023,0.0,8.584501335198933,17581.058734487415,3019.2471354342997,3019.2471354342997,0.0,49889280.0
1.9574243426322937,7.08106515939737,4090,127,7.951625047754084,1.3252708412923473,0.0,0.0,1.3252708412923473,2714.1546829667273,0.0,7.951625047754084,16284.928097800364,3040.387140410021,3040.387140410021,0.0,50257920.0
1.6900864198803902,5.419949076243517,4120,128,8.585982269745639,1.4309970449576064,0.0,0.0,1.4309970449576064,2930.681948073178,0.0,8.585982269745639,17584.091688439068,3061.380977647379,3061.380977647379,0.0,50626560.0
1.3710333108901978,3.9394192378734267,4150,129,8.610478320744827,1.4350797201241379,0.0,0.0,1.4350797201241379,2939.0432668142344,0.0,8.610478320744827,17634.259600885405,3082.3936705067754,3082.3936705067754,0.0,50995200.0
1.3728113174438477,3.9464297816454526,4190,130,8.610984211793603,1.4351640352989339,0.0,0.0,1.4351640352989339,2939.2159442922166,0.0,8.610984211793603,17635.2956657533,3110.3751111738384,3110.3751111738384,0.0,51486720.0
1.149519008398056,3.156674210692899,4220,131,8.623996191828462,1.437332698638077,0.0,0.0,1.437332698638077,2943.6573668107817,0.0,8.623996191828462,17661.94420086469,3131.3350729458034,3131.3350729458034,0.0,51855360.0
1.9335224151611328,6.913820747620683,4250,132,8.58903719794151,1.4315061996569183,0.0,0.0,1.4315061996569183,2931.7246968973686,0.0,8.58903719794151,17590.34818138421,3152.3454798981547,3152.3454798981547,0.0,52224000.0
1.4354222476482392,4.201418673452838,4280,133,8.609050333978775,1.4348417223297958,0.0,0.0,1.4348417223297958,2938.555847331422,0.0,8.609050333978775,17631.33508398853,3173.3233030624688,3173.3233030624688,0.0,52592640.0
1.3801309883594512,3.975422327439985,4310,134,8.551714426117638,1.425285737686273,0.0,0.0,1.425285737686273,2918.9851907814873,0.0,8.551714426117638,17513.911144688922,3194.3132980596274,3194.3132980596274,0.0,52961280.0
1.5767541244626044,4.839222776484138,4350,135,8.617966400689607,1.4363277334482678,0.0,0.0,1.4363277334482678,2941.5991981020525,0.0,8.617966400689607,17649.595188612315,3224.5392638053745,3224.5392638053745,0.0,53452800.0
1.1071219235658645,3.0256378342868584,4380,136,8.642141411055675,1.4403569018426126,0.0,0.0,1.4403569018426126,2949.8509349736705,0.0,8.642141411055675,17699.105609842023,3245.474240081385,3245.474240081385,0.0,53821440.0
2.157124000787735,8.646235300134459,4410,137,8.630693907045412,1.4384489845075688,0.0,0.0,1.4384489845075688,2945.943520271501,0.0,8.630693907045412,17675.661121629004,3266.4260983653367,3266.4260983653367,0.0,54190080.0
1.9149435356259346,6.786555587567261,4440,138,8.632092592786949,1.4386820987978248,0.0,0.0,1.4386820987978248,2946.4209383379452,0.0,8.632092592786949,17678.52563002767,3287.3868700880557,3287.3868700880557,0.0,54558720.0
1.2854362368583678,3.616245152601515,4470,139,8.635442429461557,1.4392404049102594,0.0,0.0,1.4392404049102594,2947.5643492562112,0.0,8.635442429461557,17685.38609553727,3308.382209399715,3308.382209399715,0.0,54927360.0
2.4772835075855255,11.908870083041878,4510,140,8.592432549621096,1.432072091603516,0.0,0.0,1.432072091603516,2932.8836436040006,0.0,8.592432549621096,17597.301861624004,3336.3485326357186,3336.3485326357186,0.0,55418880.0
0.9108694702386856,2.486483517210314,4540,141,8.609667433176796,1.4349445721961325,0.0,0.0,1.4349445721961325,2938.7664838576793,0.0,8.609667433176796,17632.598903146078,3357.3075873646885,3357.3075873646885,0.0,55787520.0
2.0760397732257845,7.972832088039506,4570,142,8.610842751501776,1.4351404585836294,0.0,0.0,1.4351404585836294,2939.167659179273,0.0,8.610842751501776,17635.005955075638,3378.2823043093085,3378.2823043093085,0.0,56156160.0
0.8017569579184055,2.229454547274526,4600,143,8.642316455607462,1.440386075934577,0.0,0.0,1.440386075934577,2949.9106835140137,0.0,8.642316455607462,17699.464101084082,3399.415777293965,3399.415777293965,0.0,56524800.0
2.2757510244846344,9.735227662066693,4630,144,8.58098735666164,1.4301645594436065,0.0,0.0,1.4301645594436065,2928.977017740506,0.0,8.58098735666164,17573.862106443037,3420.4112631808966,3420.4112631808966,0.0,56893440.0
0.7060636788606643,2.0260005531673095,4670,145,8.639808439162808,1.4399680731938012,0.0,0.0,1.4399680731938012,2949.0546139009048,0.0,8.639808439162808,17694.32768340543,3448.51907414943,3448.51907414943,0.0,57384960.0
0.9457261517643929,2.5746823100444556,4700,146,8.598541353559092,1.433090225593182,0.0,0.0,1.433090225593182,2934.968782014837,0.0,8.598541353559092,17609.81269208902,3469.4932476766407,3469.4932476766407,0.0,57753600.0
1.0054650217294694,2.7331779644974077,4730,147,8.631338165980786,1.4385563609967977,0.0,0.0,1.4385563609967977,2946.1634273214418,0.0,8.631338165980786,17676.98056392865,3490.4567357804626,3490.4567357804626,0.0,58122240.0
2.0828985065221786,8.027703576293831,4760,148,8.619014895432754,1.4365024825721255,0.0,0.0,1.4365024825721255,2941.957084307713,0.0,8.619014895432754,17651.74250584628,3511.4295222777873,3511.4295222777873,0.0,58490880.0
1.7629386126995086,5.829543017836453,4790,149,8.616945176435975,1.4361575294059956,0.0,0.0,1.4361575294059956,2941.250620223479,0.0,8.616945176435975,17647.503721340876,3532.4066788423806,3532.4066788423806,0.0,58859520.0
1.6323808670043944,5.116040842663405,4830,150,8.593745299290573,1.4322908832150956,0.0,0.0,1.4322908832150956,2933.3317288245157,0.0,8.593745299290573,17599.990372947093,3560.3757936172187,3560.3757936172187,0.0,59351040.0
1.5214830935001373,4.5790112635533475,4860,151,8.635313417310494,1.4392189028850824,0.0,0.0,1.4392189028850824,2947.5203131086487,0.0,8.635313417310494,17685.12187865189,3581.5038406550884,3581.5038406550884,0.0,59719680.0
1.2417115092277526,3.461532843185608,4890,152,8.599817571151307,1.433302928525218,0.0,0.0,1.433302928525218,2935.4043976196463,0.0,8.599817571151307,17612.426385717878,3602.6026446763426,3602.6026446763426,0.0,60088320.0
1.5282324224710464,4.61002104683012,4920,153,8.617816468574832,1.4363027447624719,0.0,0.0,1.4363027447624719,2941.5480212735424,0.0,8.617816468574832,17649.288127641255,3623.574450943619,3623.574450943619,0.0,60456960.0
1.3192067205905915,3.7404529757031253,4950,154,8.628603321134728,1.4381005535224547,0.0,0.0,1.4381005535224547,2945.229933613987,0.0,8.628603321134728,17671.379601683922,3644.5416548456997,3644.5416548456997,0.0,60825600.0
0.8012998141348362,2.2284355989081903,4990,155,8.62809404050469,1.4380156734174483,0.0,0.0,1.4380156734174483,2945.056099158934,0.0,8.62809404050469,17670.336594953606,3672.4912370275706,3672.4912370275706,0.0,61317120.0
1.1431993901729585,3.136788137199962,5020,156,8.632299177044663,1.4387165295074438,0.0,0.0,1.4387165295074438,2946.491452431245,0.0,8.632299177044663,17678.94871458747,3693.4472356457263,3693.4472356457263,0.0,61685760.0
0.8075023561716079,2.242300518810563,5050,157,8.611321900707848,1.4352203167846413,0.0,0.0,1.4352203167846413,2939.3312087749455,0.0,8.611321900707848,17635.987252649673,3714.3891192749143,3714.3891192749143,0.0,62054400.0
1.776735908910632,5.910532381958871,5080,158,8.589927342101323,1.4316545570168873,0.0,0.0,1.4316545570168873,2932.028532770585,0.0,8.589927342101323,17592.17119662351,3735.3824699558318,3735.3824699558318,0.0,62423040.0
1.0016206890344619,2.722690889904692,5110,159,8.581030697162513,1.4301717828604188,0.0,0.0,1.4301717828604188,2928.9918112981377,0.0,8.581030697162513,17573.950867788826,3756.368921449408,3756.368921449408,0.0,62791680.0
1.347783237695694,3.848884005951675,5150,160,8.601988110636052,1.4336646851060089,0.0,0.0,1.4336646851060089,2936.145275097106,0.0,8.601988110636052,17616.871650582634,3841.747078422457,3841.747078422457,0.0,63283200.0
1.4461242765188218,4.246623839431532,5180,161,8.62425051931335,1.437375086552225,0.0,0.0,1.437375086552225,2943.744177258957,0.0,8.62425051931335,17662.46506355374,3862.6614529266953,3862.6614529266953,0.0,63651840.0
1.1377429366111755,3.1197190091980658,5210,162,8.586486156121868,1.4310810260203113,0.0,0.0,1.4310810260203113,2930.8539412895975,0.0,8.586486156121868,17585.123647737586,3883.618796028197,3883.618796028197,0.0,64020480.0
0.9407989636063576,2.562027567606026,5240,163,8.607121751760408,1.4345202919600681,0.0,0.0,1.4345202919600681,2937.8975579342195,0.0,8.607121751760408,17627.385347605315,3904.6244908869267,3904.6244908869267,0.0,64389120.0
1.9370397448539733,6.938181752354519,5270,164,8.552469813783137,1.4254116356305229,0.0,0.0,1.4254116356305229,2919.243029771311,0.0,8.552469813783137,17515.458178627865,3925.649690249935,3925.649690249935,0.0,64757760.0
1.7028123550117016,5.489363743073503,5310,165,8.599365585032029,1.4332275975053381,0.0,0.0,1.4332275975053381,2935.2501196909325,0.0,8.599365585032029,17611.500718145595,3953.8460058048368,3953.8460058048368,0.0,65249280.0
1.776215708255768,5.907458518725332,5340,166,8.60434610306772,1.43405768384462,0.0,0.0,1.43405768384462,2936.9501365137817,0.0,8.60434610306772,17621.70081908269,3974.868071600795,3974.868071600795,0.0,65617920.0
1.116291031241417,3.0535078095205597,5370,167,8.608207417526943,1.4347012362544904,0.0,0.0,1.4347012362544904,2938.2681318491964,0.0,8.608207417526943,17629.60879109518,3995.87783020176,3995.87783020176,0.0,65986560.0
2.2777477145195006,9.754685313111233,5400,168,8.606620442134563,1.4344367403557605,0.0,0.0,1.4344367403557605,2937.7264442485975,0.0,8.606620442134563,17626.358665491585,4017.0075304750353,4017.0075304750353,0.0,66355200.0
0.821873864531517,2.2747584354184136,5430,169,8.602272418420664,1.4337120697367773,0.0,0.0,1.4337120697367773,2936.24231882092,0.0,8.602272418420664,17617.45391292552,4038.0076978728175,4038.0076978728175,0.0,66723840.0
1.2016034603118897,3.3254448688865366,5470,170,8.643414462812416,1.4405690771354027,0.0,0.0,1.4405690771354027,2950.2854699733048,0.0,8.643414462812416,17701.712819839828,4065.992450701073,4065.992450701073,0.0,67215360.0
1.0046929895877839,2.731068677583283,5500,171,8.587569346400151,1.4312615577333587,0.0,0.0,1.4312615577333587,2931.2236702379187,0.0,8.587569346400151,17587.34202142751,4087.126484233886,4087.126484233886,0.0,67584000.0
1.5135997921228408,4.543055449223333,5530,172,8.626453405778259,1.4377422342963764,0.0,0.0,1.4377422342963764,2944.496095838979,0.0,8.626453405778259,17666.976575033874,4108.118150938302,4108.118150938302,0.0,67952640.0
2.2093227386474608,9.109544760766504,5560,173,8.622607641301052,1.4371012735501754,0.0,0.0,1.4371012735501754,2943.183408230759,0.0,8.622607641301052,17659.100449384554,4129.087180977687,4129.087180977687,0.0,68321280.0
1.5740191727876662,4.8260058181558785,5590,174,8.596828985210049,1.4328048308683417,0.0,0.0,1.4328048308683417,2934.3842936183637,0.0,8.596828985210049,17606.30576171018,4150.056113300845,4150.056113300845,0.0,68689920.0
2.6181888699531557,13.710868917689304,5630,175,8.613233687717377,1.4355389479528962,0.0,0.0,1.4355389479528962,2939.9837654075313,0.0,8.613233687717377,17639.90259244519,4178.001647744328,4178.001647744328,0.0,69181440.0
1.28180074095726,3.603122176887716,5660,176,8.57933397837543,1.4298889963959052,0.0,0.0,1.4298889963959052,2928.412664618814,0.0,8.57933397837543,17570.47598771288,4198.990929303691,4198.990929303691,0.0,69550080.0
1.7724051475524902,5.884990624262341,5690,177,8.586215421272984,1.4310359035454971,0.0,0.0,1.4310359035454971,2930.761530461178,0.0,8.586215421272984,17584.56918276707,4219.982354708016,4219.982354708016,0.0,69918720.0
1.0046637684106827,2.730988873707767,5720,178,8.616369153021783,1.4360615255036304,0.0,0.0,1.4360615255036304,2941.054004231435,0.0,8.616369153021783,17646.32402538861,4240.982180101797,4240.982180101797,0.0,70287360.0
1.613554021716118,5.0206229604728145,5750,179,8.59441513563149,1.4324025226052481,0.0,0.0,1.4324025226052481,2933.560366295548,0.0,8.59441513563149,17601.36219777329,4261.984517682344,4261.984517682344,0.0,70656000.0
2.0850999414920808,8.045395510350794,5790,180,8.592827911728918,1.432137985288153,0.0,0.0,1.432137985288153,2933.0185938701375,0.0,8.592827911728918,17598.111563220824,4289.948913425207,4289.948913425207,0.0,71147520.0
2.3799608290195464,10.8044796335816,5820,181,8.593672083113011,1.4322786805188352,0.0,0.0,1.4322786805188352,2933.3067377025745,0.0,8.593672083113011,17599.840426215447,4310.949369134381,4310.949369134381,0.0,71516160.0
1.7624950304627418,5.826957709546082,5850,182,8.585978379226333,1.4309963965377224,0.0,0.0,1.4309963965377224,2930.6806201092554,0.0,8.585978379226333,17584.08372065553,4331.918402660638,4331.918402660638,0.0,71884800.0
1.5413157999515534,4.6707319783837455,5880,183,8.626540684782892,1.4377567807971487,0.0,0.0,1.4377567807971487,2944.5258870725606,0.0,8.626540684782892,17667.155322435363,4352.904231131077,4352.904231131077,0.0,72253440.0
1.2509862929582596,3.493787156358054,5910,184,8.61780373046476,1.4363006217441268,0.0,0.0,1.4363006217441268,2941.5436733319716,0.0,8.61780373046476,17649.262039991827,4376.50651345402,4376.50651345402,0.0,72622080.0
0.7414275527000427,2.098929709574341,5950,185,8.64278911943487,1.4404648532391449,0.0,0.0,1.4404648532391449,2950.0720194337687,0.0,8.64278911943487,17700.432116602613,4404.550478152931,4404.550478152931,0.0,73113600.0
1.0583358228206634,2.8815715512018354,5980,186,8.632003258365202,1.4386672097275337,0.0,0.0,1.4386672097275337,2946.390445521989,0.0,8.632003258365202,17678.342673131934,4425.478199033067,4425.478199033067,0.0,73482240.0
2.0085360556840897,7.452399459850276,6010,187,8.613815292329626,1.4356358820549378,0.0,0.0,1.4356358820549378,2940.1822864485125,0.0,8.613815292329626,17641.093718691074,4446.557062117383,4446.557062117383,0.0,73850880.0
2.130562409758568,8.419600745732572,6040,188,8.58234639028618,1.4303910650476965,0.0,0.0,1.4303910650476965,2929.4409012176825,0.0,8.58234639028618,17576.645407306096,4467.556954566389,4467.556954566389,0.0,74219520.0
1.3120585560798645,3.7138109367690353,6070,189,8.580538227638396,1.4300897046063992,0.0,0.0,1.4300897046063992,2928.8237150339055,0.0,8.580538227638396,17572.942290203435,4488.55066543445,4488.55066543445,0.0,74588160.0
1.4088671237230301,4.091317820762427,6110,190,8.590174704563342,1.4316957840938904,0.0,0.0,1.4316957840938904,2932.1129658242876,0.0,8.590174704563342,17592.677794945725,4516.527533270419,4516.527533270419,0.0,75079680.0
1.422757288813591,4.148543417147919,6140,191,8.570488222786404,1.428414703797734,0.0,0.0,1.428414703797734,2925.393313377759,0.0,8.570488222786404,17552.359880266555,4537.519703892991,4537.519703892991,0.0,75448320.0
1.1483994096517562,3.153141979913678,6170,192,8.630191096457752,1.4383651827429587,0.0,0.0,1.4383651827429587,2945.7718942575793,0.0,8.630191096457752,17674.631365545476,4558.7000250816345,4558.7000250816345,0.0,75816960.0
1.386779221892357,4.001939913345803,6200,193,8.582073161243489,1.4303455268739147,0.0,0.0,1.4303455268739147,2929.3476390377773,0.0,8.582073161243489,17576.085834226666,4579.692465769127,4579.692465769127,0.0,76185600.0
1.1713437527418136,3.226325110204054,6230,194,8.60724254025818,1.4345404233763634,0.0,0.0,1.4345404233763634,2937.9387870747923,0.0,8.60724254025818,17627.632722448754,4600.826621182263,4600.826621182263,0.0,76554240.0
1.649095618724823,5.202272860890831,6270,195,8.615609568011852,1.4359349280019753,0.0,0.0,1.4359349280019753,2940.7947325480454,0.0,8.615609568011852,17644.768395288273,4628.756598033011,4628.756598033011,0.0,77045760.0
2.0896163463592528,8.081813952100857,6300,196,8.611213727797907,1.4352022879663178,0.0,0.0,1.4352022879663178,2939.294285755019,0.0,8.611213727797907,17635.765714530113,4649.716960322112,4649.716960322112,0.0,77414400.0
1.2741755366325378,3.5757521178446408,6330,197,8.61919663817171,1.4365327730286181,0.0,0.0,1.4365327730286181,2942.01911916261,0.0,8.61919663817171,17652.11471497566,4670.672072991729,4670.672072991729,0.0,77783040.0
1.1395271927118302,3.1252903557490277,6360,198,8.594755814544332,1.4324593024240553,0.0,0.0,1.4324593024240553,2933.676651364465,0.0,8.594755814544332,17602.05990818679,4691.633064106107,4691.633064106107,0.0,78151680.0
2.2608286142349243,9.591033141653316,6390,199,7.943789928506419,1.323964988084403,0.0,0.0,1.323964988084403,2711.4802955968576,0.0,7.943789928506419,16268.881773581146,4712.771846266463,4712.771846266463,0.0,78520320.0
0.8314075917005539,2.296549069648761,6430,200,8.6599186158242,1.4433197693040334,0.0,0.0,1.4433197693040334,2955.9188875346604,0.0,8.6599186158242,17735.51332520796,4797.902540644631,4797.902540644631,0.0,79011840.0
1.65666146799922,5.2417817439035295,6460,201,8.614615983670173,1.4357693306116956,0.0,0.0,1.4357693306116956,2940.4555890927527,0.0,8.614615983670173,17642.733534556515,4818.799268716946,4818.799268716946,0.0,79380480.0
1.2631825447082519,3.5366591715954367,6490,202,8.608614596986293,1.4347690994977154,0.0,0.0,1.4347690994977154,2938.407115771321,0.0,8.608614596986293,17630.442694627927,4839.767046432942,4839.767046432942,0.0,79749120.0
1.0143266141414642,2.757505906560141,6520,203,8.597029582962346,1.4328382638270576,0.0,0.0,1.4328382638270576,2934.452764317814,0.0,8.597029582962346,17606.716585906885,4860.7925804667175,4860.7925804667175,0.0,80117760.0
0.9730510294437409,2.646005196090187,6550,204,8.598884930555437,1.4331474884259061,0.0,0.0,1.4331474884259061,2935.0860562962557,0.0,8.598884930555437,17610.516337777535,4881.802892746404,4881.802892746404,0.0,80486400.0
2.062120223045349,7.862622663967076,6590,205,8.575483096414104,1.4292471827356839,0.0,0.0,1.4292471827356839,2927.0982302426805,0.0,8.575483096414104,17562.589381456084,4909.791012329981,4909.791012329981,0.0,80977920.0
2.341307107359171,10.394814825630727,6620,206,8.580830685317213,1.430138447552869,0.0,0.0,1.430138447552869,2928.9235405882755,0.0,8.580830685317213,17573.541243529653,4930.7930868938565,4930.7930868938565,0.0,81346560.0
1.8026341214776038,6.065603977201094,6650,207,7.890429191323675,1.3150715318872792,0.0,0.0,1.3150715318872792,2693.266497305148,0.0,7.890429191323675,16159.598983830887,4951.889807403088,4951.889807403088,0.0,81715200.0
1.9838156938552856,7.2704318676195046,6680,208,8.58777356466019,1.4312955941100314,0.0,0.0,1.4312955941100314,2931.2933767373443,0.0,8.58777356466019,17587.760260424067,4972.888888144866,4972.888888144866,0.0,82083840.0
1.1763716042041779,3.2425874416626232,6710,209,8.587179275309007,1.4311965458848346,0.0,0.0,1.4311965458848346,2931.090525972141,0.0,8.587179275309007,17586.543155832846,4993.884014572948,4993.884014572948,0.0,82452480.0
1.4432959139347077,4.23462981717282,6750,210,8.610038538344826,1.4350064230574708,0.0,0.0,1.4350064230574708,2938.8931544217003,0.0,8.610038538344826,17633.358926530203,5022.007707521319,5022.007707521319,0.0,82944000.0
1.296862605214119,3.657802675410199,6780,211,8.58078800971103,1.4301313349518383,0.0,0.0,1.4301313349518383,2928.908973981365,0.0,8.58078800971103,17573.45384388819,5043.003657499328,5043.003657499328,0.0,83312640.0
1.5660066068172456,4.78749163294374,6810,212,8.612866636515276,1.435477772752546,0.0,0.0,1.435477772752546,2939.8584785972143,0.0,8.612866636515276,17639.150871583286,5064.147093979642,5064.147093979642,0.0,83681280.0
0.9134835064411163,2.4929917778494994,6840,213,8.630147026728885,1.4383578377881476,0.0,0.0,1.4383578377881476,2945.7568517901263,0.0,8.630147026728885,17674.541110740756,5085.112865567207,5085.112865567207,0.0,84049920.0
1.5031006425619124,4.495606751946429,6870,214,8.571909671775893,1.428651611962649,0.0,0.0,1.428651611962649,2925.878501299505,0.0,8.571909671775893,17555.27100779703,5106.093692069873,5106.093692069873,0.0,84418560.0
1.2505871772766113,3.492393009347084,6910,215,8.610053796546966,1.435008966091161,0.0,0.0,1.435008966091161,2938.8983625546975,0.0,8.610053796546966,17633.390175328186,5134.050086924806,5134.050086924806,0.0,84910080.0
1.3527134597301482,3.867906713238983,6940,216,8.607810086895052,1.4346350144825086,0.0,0.0,1.4346350144825086,2938.1325096601777,0.0,8.607810086895052,17628.795057961066,5155.031628489494,5155.031628489494,0.0,85278720.0
2.170176589488983,8.759830798210494,6970,217,8.601529545577087,1.4335882575961811,0.0,0.0,1.4335882575961811,2935.988751556979,0.0,8.601529545577087,17615.932509341874,5176.033165417612,5176.033165417612,0.0,85647360.0
1.4415012180805207,4.227036760247875,7000,218,8.6059410686583,1.43432351144305,0.0,0.0,1.43432351144305,2937.4945514353662,0.0,8.6059410686583,17624.9673086122,5197.013368876651,5197.013368876651,0.0,86016000.0
1.3991462200880052,4.051739196152334,7030,219,8.61562030635686,1.4359367177261435,0.0,0.0,1.4359367177261435,2940.798397903142,0.0,8.61562030635686,17644.79038741885,5218.031957184896,5218.031957184896,0.0,86384640.0
1.0529111996293068,2.865982432113898,7070,220,8.602320327505145,1.433720054584191,0.0,0.0,1.433720054584191,2936.2586717884233,0.0,8.602320327505145,17617.552030730538,5246.0091154798865,5246.0091154798865,0.0,86876160.0
1.2846868306398391,3.613536131201957,7100,221,8.622743452514332,1.4371239087523886,0.0,0.0,1.4371239087523886,2943.229765124892,0.0,8.622743452514332,17659.37859074935,5266.995412508026,5266.995412508026,0.0,87244800.0
1.4300095304846763,4.178739017141638,7130,222,8.616131169111966,1.4360218615186613,0.0,0.0,1.4360218615186613,2940.9727723902183,0.0,8.616131169111966,17645.836634341307,5287.971389295533,5287.971389295533,0.0,87613440.0
1.620216428488493,5.054184067618475,7160,223,8.586413876097005,1.4310689793495008,0.0,0.0,1.4310689793495008,2930.8292697077777,0.0,8.586413876097005,17584.975618246666,5311.989852828905,5311.989852828905,0.0,87982080.0
1.6304319500923157,5.106079813903853,7190,224,8.584893634030296,1.430815605671716,0.0,0.0,1.430815605671716,2930.3103604156745,0.0,8.584893634030296,17581.862162494046,5332.964870644733,5332.964870644733,0.0,88350720.0
1.3615986108779907,3.902426779915684,7230,225,8.593568032770891,1.4322613387951484,0.0,0.0,1.4322613387951484,2933.271221852464,0.0,8.593568032770891,17599.627331114785,5361.079833017662,5361.079833017662,0.0,88842240.0
0.9817647755146026,2.6691625606414586,7260,226,8.629052295091036,1.4381753825151726,0.0,0.0,1.4381753825151726,2945.3831833910735,0.0,8.629052295091036,17672.29910034644,5382.067538790405,5382.067538790405,0.0,89210880.0
2.0016673535108565,7.40138654430819,7290,227,8.599036867435682,1.4331728112392805,0.0,0.0,1.4331728112392805,2935.1379174180465,0.0,8.599036867435682,17610.827504508277,5403.035685872659,5403.035685872659,0.0,89579520.0
1.974688857793808,7.204377719080538,7320,228,8.655397893645828,1.442566315607638,0.0,0.0,1.442566315607638,2954.3758143644427,0.0,8.655397893645828,17726.254886186656,5424.193254753947,5424.193254753947,0.0,89948160.0
1.4223165065050125,4.146715215552329,7350,229,8.605486404081493,1.434247734013582,0.0,0.0,1.434247734013582,2937.339359259816,0.0,8.605486404081493,17624.036155558897,5445.16907787323,5445.16907787323,0.0,90316800.0
1.0421256870031357,2.8352374406920657,7390,230,8.609797935384268,1.4349663225640448,0.0,0.0,1.4349663225640448,2938.8110286111637,0.0,8.609797935384268,17632.86617166698,5473.111285770312,5473.111285770312,0.0,90808320.0
1.9034926533699035,6.709286780919575,7420,231,8.586778527276818,1.4311297545461363,0.0,0.0,1.4311297545461363,2930.953737310487,0.0,8.586778527276818,17585.722423862924,5494.101654160768,5494.101654160768,0.0,91176960.0
1.0975437998771667,2.9967962455198482,7450,232,8.61832317617586,1.43638719602931,0.0,0.0,1.43638719602931,2941.720977468027,0.0,8.61832317617586,17650.32586480816,5515.07413441129,5515.07413441129,0.0,91545600.0
1.480060064792633,4.393209550214677,7480,233,8.60793678337604,1.4346561305626733,0.0,0.0,1.4346561305626733,2938.175755392355,0.0,8.60793678337604,17629.05453235413,5536.052760027349,5536.052760027349,0.0,91914240.0
1.5711433544754982,4.8121470394655566,7510,234,8.570573723096683,1.428428953849447,0.0,0.0,1.428428953849447,2925.4224974836675,0.0,8.570573723096683,17552.534984902006,5557.153088046238,5557.153088046238,0.0,92282880.0
1.5385816290974617,4.65797884171334,7550,235,8.623841120610727,1.4373068534351212,0.0,0.0,1.4373068534351212,2943.6044358351282,0.0,8.623841120610727,17661.62661501077,5585.0840418972075,5585.0840418972075,0.0,92774400.0
1.952005273103714,7.042796159798577,7580,236,8.598023165096519,1.4330038608494198,0.0,0.0,1.4330038608494198,2934.7919070196117,0.0,8.598023165096519,17608.75144211767,5606.193254001439,5606.193254001439,0.0,93143040.0
2.221413201093674,9.220351874416421,7610,237,8.575951126346641,1.4293251877244404,0.0,0.0,1.4293251877244404,2927.257984459654,0.0,8.575951126346641,17563.54790675792,5627.177955521271,5627.177955521271,0.0,93511680.0
1.8371690094470978,6.278738028726783,7640,238,7.711639931411428,1.2852733219019046,0.0,0.0,1.2852733219019046,2632.2397632551006,0.0,7.711639931411428,15793.438579530604,5648.3148748558015,5648.3148748558015,0.0,93880320.0
2.338194650411606,10.362511709115486,7670,239,8.629518284418824,1.4382530474031374,0.0,0.0,1.4382530474031374,2945.5422410816254,0.0,8.629518284418824,17673.25344648975,5669.297410497442,5669.297410497442,0.0,94248960.0
1.644535169005394,5.1786021725985245,7710,240,8.654435627623531,1.4424059379372551,0.0,0.0,1.4424059379372551,2954.0473608954985,0.0,8.654435627623531,17724.284165372992,5754.104078477249,5754.104078477249,0.0,94740480.0
1.2334105879068376,3.4329178610722484,7740,241,8.669368093284387,1.4448946822140645,0.0,0.0,1.4448946822140645,2959.144309174404,0.0,8.669368093284387,17754.865855046424,5774.993549136445,5774.993549136445,0.0,95109120.0
1.3822405576705932,3.9838176084809547,7770,242,8.627280963995089,1.4378801606658482,0.0,0.0,1.4378801606658482,2944.778569043657,0.0,8.627280963995089,17668.671414261942,5795.932536894456,5795.932536894456,0.0,95477760.0
1.2922482669353486,3.6409632178646034,7800,243,8.598425479838504,1.4330709133064172,0.0,0.0,1.4330709133064172,2934.9292304515425,0.0,8.598425479838504,17609.575382709256,5816.91191474162,5816.91191474162,0.0,95846400.0
2.381897139549255,10.825420728952997,7830,244,8.56730977760846,1.427884962934743,0.0,0.0,1.427884962934743,2924.3084040903536,0.0,8.56730977760846,17545.850424542125,5837.947763049975,5837.947763049975,0.0,96215040.0
1.8948559612035751,6.65159024857499,7870,245,8.60323017303206,1.4338716955053434,0.0,0.0,1.4338716955053434,2936.5692323949434,0.0,8.60323017303206,17619.41539436966,5865.966865977272,5865.966865977272,0.0,96706560.0
3.1288390174508094,22.8474386610927,7900,246,8.554775264110198,1.4257958773516997,0.0,0.0,1.4257958773516997,2920.029956816281,0.0,8.554775264110198,17520.179740897685,5886.997071856633,5886.997071856633,0.0,97075200.0
1.5542008519172668,4.7313040014408605,7930,247,8.59705905507816,1.4328431758463602,0.0,0.0,1.4328431758463602,2934.4628241333457,0.0,8.59705905507816,17606.776944800073,5907.993502521887,5907.993502521887,0.0,97443840.0
1.2527782782912253,3.500053584695685,7960,248,8.579788728714774,1.4299647881191289,0.0,0.0,1.4299647881191289,2928.567886067976,0.0,8.579788728714774,17571.407316407858,5929.180077860132,5929.180077860132,0.0,97812480.0
1.1834003806114197,3.2654591496696486,7990,249,8.571826323164771,1.4286377205274616,0.0,0.0,1.4286377205274616,2925.8500516402414,0.0,8.571826323164771,17555.10030984145,5950.224732514471,5950.224732514471,0.0,98181120.0
1.2019316911697389,3.326536561662408,8030,250,8.592855223290414,1.4321425372150691,0.0,0.0,1.4321425372150691,2933.0279162164616,0.0,8.592855223290414,17598.167497298768,5978.20803228952,5978.20803228952,0.0,98672640.0
1.0322194665670394,2.8072896108479353,8060,251,8.611225663747469,1.4352042772912448,0.0,0.0,1.4352042772912448,2939.2983598924693,0.0,8.611225663747469,17635.790159354816,5999.331575676799,5999.331575676799,0.0,99041280.0
1.3789830952882767,3.9708615858179694,8090,252,8.599071254258218,1.4331785423763697,0.0,0.0,1.4331785423763697,2935.149654786805,0.0,8.599071254258218,17610.89792872083,6020.330424200743,6020.330424200743,0.0,99409920.0
1.9752295263111592,7.208273952490809,8120,253,8.623280449571862,1.437213408261977,0.0,0.0,1.437213408261977,2943.413060120529,0.0,8.623280449571862,17660.478360723173,6043.687566805631,6043.687566805631,0.0,99778560.0
1.6811941355466842,5.371966999291307,8150,254,8.642423753458583,1.440403958909764,0.0,0.0,1.440403958909764,2949.9473078471965,0.0,8.642423753458583,17699.68384708318,6064.653509758413,6064.653509758413,0.0,100147200.0
1.2283741593360902,3.415671681506443,8190,255,8.595342609663147,1.4325571016105247,0.0,0.0,1.4325571016105247,2933.8769440983547,0.0,8.595342609663147,17603.261664590125,6092.574074449018,6092.574074449018,0.0,100638720.0
1.0723438411951065,2.9222207007606253,8220,256,8.584374721409603,1.4307291202349337,0.0,0.0,1.4307291202349337,2930.133238241144,0.0,8.584374721409603,17580.799429446866,6113.791914636269,6113.791914636269,0.0,101007360.0
1.1660023093223573,3.2091378205070726,8250,257,8.582780867034742,1.4304634778391236,0.0,0.0,1.4304634778391236,2929.589202614525,0.0,8.582780867034742,17577.535215687152,6134.795964837074,6134.795964837074,0.0,101376000.0
1.2260983794927598,3.407907203214963,8280,258,8.566930009030497,1.4278216681717495,0.0,0.0,1.4278216681717495,2924.178776415743,0.0,8.566930009030497,17545.072658494457,6155.841658961028,6155.841658961028,0.0,101744640.0
2.3154840528964997,10.129825103371576,8310,259,8.571564939750141,1.4285941566250235,0.0,0.0,1.4285941566250235,2925.760832768048,0.0,8.571564939750141,17554.56499660829,6176.900662465021,6176.900662465021,0.0,102113280.0
1.6831615775823594,5.382546436782391,8350,260,8.596017041968048,1.4326695069946747,0.0,0.0,1.4326695069946747,2934.1071503250937,0.0,8.596017041968048,17604.642901950563,6205.164630614221,6205.164630614221,0.0,102604800.0
2.0966560542583466,8.138908289560208,8380,261,8.571810698331875,1.428635116388646,0.0,0.0,1.428635116388646,2925.844718363947,0.0,8.571810698331875,17555.06831018368,6226.18305679597,6226.18305679597,0.0,102973440.0
0.9383097696816549,2.5556581148401905,8410,262,8.618188853026991,1.436364808837832,0.0,0.0,1.436364808837832,2941.67512849988,0.0,8.618188853026991,17650.050770999278,6247.202200029045,6247.202200029045,0.0,103342080.0
1.0428759276866912,2.8373653492896036,8440,263,8.601327600892349,1.4335546001487247,0.0,0.0,1.4335546001487247,2935.919821104588,0.0,8.601327600892349,17615.51892662753,6268.207147905603,6268.207147905603,0.0,103710720.0
0.7660292029380799,2.151207264540583,8470,264,8.590523833210767,1.4317539722017947,0.0,0.0,1.4317539722017947,2932.2321350692755,0.0,8.590523833210767,17593.39281041565,6289.229049965739,6289.229049965739,0.0,104079360.0
1.5355521261692047,4.643888834807574,8510,265,8.576125486264527,1.4293542477107544,0.0,0.0,1.4293542477107544,2927.317499311625,0.0,8.576125486264527,17563.90499586975,6317.385970657691,6317.385970657691,0.0,104570880.0
1.4908199593424798,4.440735248939303,8540,266,8.631350816929713,1.4385584694882856,0.0,0.0,1.4385584694882856,2946.167745512009,0.0,8.631350816929713,17677.00647307205,6338.382160348818,6338.382160348818,0.0,104939520.0
2.52847633510828,12.53439336452736,8570,267,8.606843953380361,1.4344739922300602,0.0,0.0,1.4344739922300602,2937.8027360871633,0.0,8.606843953380361,17626.81641652298,6359.395185152069,6359.395185152069,0.0,105308160.0
2.04654670804739,7.741122539643769,8600,268,8.615761186244203,1.4359601977073673,0.0,0.0,1.4359601977073673,2940.846484904688,0.0,8.615761186244203,17645.078909428128,6380.39865664579,6380.39865664579,0.0,105676800.0
1.0937519699335099,2.9854544205062683,8630,269,8.582395220991812,1.4303992034986353,0.0,0.0,1.4303992034986353,2929.457568765205,0.0,8.582395220991812,17576.74541259123,6401.406605539843,6401.406605539843,0.0,106045440.0
1.4141800314188004,4.113112459884763,8670,270,8.619226020307496,1.4365376700512493,0.0,0.0,1.4365376700512493,2942.0291482649586,0.0,8.619226020307496,17652.17488958975,6429.380263442174,6429.380263442174,0.0,106536960.0
1.5582772850990296,4.750630210302426,8700,271,8.614121529168516,1.435686921528086,0.0,0.0,1.435686921528086,2940.2868152895203,0.0,8.614121529168516,17641.72089173712,6450.361212065443,6450.361212065443,0.0,106905600.0
0.9539899289608001,2.596047066215468,8730,272,8.596023591041396,1.4326705985068995,0.0,0.0,1.4326705985068995,2934.10938574213,0.0,8.596023591041396,17604.65631445278,6471.481204440817,6471.481204440817,0.0,107274240.0
1.7039190008072183,5.495441886935705,8760,273,8.631817332113481,1.4386362220189137,0.0,0.0,1.4386362220189137,2946.3269826947353,0.0,8.631817332113481,17677.96189616841,6492.455443846062,6492.455443846062,0.0,107642880.0
1.626082532852888,5.083919569344786,8790,274,7.892884331051311,1.3154807218418851,0.0,0.0,1.3154807218418851,2694.1045183321808,0.0,7.892884331051311,16164.627109993085,6513.55993950367,6513.55993950367,0.0,108011520.0
1.5050992533564567,4.504600704840745,8830,275,8.561264811041102,1.4268774685068502,0.0,0.0,1.4268774685068502,2922.245055502029,0.0,8.561264811041102,17533.470333012177,6541.513336425647,6541.513336425647,0.0,108503040.0
2.323146730661392,10.207744844622782,8860,276,8.593226863448832,1.432204477241472,0.0,0.0,1.432204477241472,2933.1547693905345,0.0,8.593226863448832,17598.928616343208,6562.496403735131,6562.496403735131,0.0,108871680.0
1.5577090114355088,4.747931319195784,8890,277,8.619244113252932,1.4365406855421554,0.0,0.0,1.4365406855421554,2942.0353239903343,0.0,8.619244113252932,17652.211943942006,6583.46952066198,6583.46952066198,0.0,109240320.0
1.1514640152454376,3.162819938451469,8920,278,8.601961935463143,1.4336603225771904,0.0,0.0,1.4336603225771904,2936.136340638086,0.0,8.601961935463143,17616.818043828516,6604.579753795639,6604.579753795639,0.0,109608960.0
1.0258475303649903,2.7894586098777507,8950,279,8.60578769216239,1.4342979486937317,0.0,0.0,1.4342979486937317,2937.4421989247626,0.0,8.60578769216239,17624.653193548576,6625.7095285300165,6625.7095285300165,0.0,109977600.0
2.5107894718647,12.31464829222079,8990,280,8.68124068684769,1.4468734478079486,0.0,0.0,1.4468734478079486,2963.1968211106787,0.0,8.68124068684769,17779.18092666407,6709.660522077233,6709.660522077233,0.0,110469120.0
1.3669360160827637,3.923311297909934,9020,281,8.666044579150709,1.4443407631917848,0.0,0.0,1.4443407631917848,2958.0098830167753,0.0,8.666044579150709,17748.059298100652,6730.5316418372095,6730.5316418372095,0.0,110837760.0
0.9213247261941433,2.5126167153933427,9050,282,8.592814880633815,1.4321358134389692,0.0,0.0,1.4321358134389692,2933.014145923009,0.0,8.592814880633815,17598.084875538054,6751.455159498379,6751.455159498379,0.0,111206400.0
1.1678846180438995,3.215184097309817,9080,283,8.601019850147479,1.4335033083579132,0.0,0.0,1.4335033083579132,2935.814775517006,0.0,8.601019850147479,17614.888653102036,6772.431127808988,6772.431127808988,0.0,111575040.0
1.1171212822198868,3.0560440400754407,9110,284,8.602957209505098,1.433826201584183,0.0,0.0,1.433826201584183,2936.4760608444067,0.0,8.602957209505098,17618.85636506644,6793.462088385597,6793.462088385597,0.0,111943680.0
1.5590537548065186,4.754320363212782,9150,285,8.587021862734797,1.4311703104557996,0.0,0.0,1.4311703104557996,2931.0367958134775,0.0,8.587021862734797,17586.220774880865,6821.473073249683,6821.473073249683,0.0,112435200.0
1.6545364022254945,5.2306544402397925,9180,286,8.62357296549993,1.4372621609166552,0.0,0.0,1.4372621609166552,2943.5129055573098,0.0,8.62357296549993,17661.077433343857,6842.472440306097,6842.472440306097,0.0,112803840.0
1.429519882798195,4.176693408104223,9210,287,8.61204504161257,1.4353408402687615,0.0,0.0,1.4353408402687615,2939.5780408704236,0.0,8.61204504161257,17637.468245222542,6863.47372995317,6863.47372995317,0.0,113172480.0
1.9707100853323936,7.17577008877578,9240,288,8.609869896237575,1.434978316039596,0.0,0.0,1.434978316039596,2938.8355912490924,0.0,8.609869896237575,17633.013547494553,6884.441438153386,6884.441438153386,0.0,113541120.0
1.9245992690324782,6.852402145886352,9270,289,8.610005156901122,1.4350008594835202,0.0,0.0,1.4350008594835202,2938.8817602222493,0.0,8.610005156901122,17633.2905613335,6905.437337772921,6905.437337772921,0.0,113909760.0
1.1124084413051605,3.0416752761306927,9310,290,7.891667121622546,1.3152778536037577,0.0,0.0,1.3152778536037577,2693.689044180496,0.0,7.891667121622546,16162.134265082974,6933.546860706061,6933.546860706061,0.0,114401280.0
2.0050426542758943,7.426410658171281,9340,291,8.610043773996328,1.4350072956660547,0.0,0.0,1.4350072956660547,2938.89494152408,0.0,8.610043773996328,17633.36964914448,6954.527639145032,6954.527639145032,0.0,114769920.0
0.6883857145905494,1.9904997036788943,9370,292,8.616298351089137,1.436049725181523,0.0,0.0,1.436049725181523,2941.029837171759,0.0,8.616298351089137,17646.179023030552,6975.520861474797,6975.520861474797,0.0,115138560.0
1.3320003896951675,3.788614517879088,9400,293,8.637499343048987,1.4395832238414976,0.0,0.0,1.4395832238414976,2948.266442427387,0.0,8.637499343048987,17689.598654564325,6996.640648720786,6996.640648720786,0.0,115507200.0
1.6444184347987174,5.177997687864922,9430,294,8.589816522108631,1.4316360870181053,0.0,0.0,1.4316360870181053,2931.9907062130796,0.0,8.589816522108631,17591.944237278476,7017.6490320935845,7017.6490320935845,0.0,115875840.0
1.8820060521364212,6.5666647298981475,9470,295,8.596301230464247,1.432716871744041,0.0,0.0,1.432716871744041,2934.204153331796,0.0,8.596301230464247,17605.22491999078,7045.62261085026,7045.62261085026,0.0,116367360.0
1.3922487288713454,4.023888520945614,9500,296,8.594341311859852,1.4323902186433086,0.0,0.0,1.4323902186433086,2933.535167781496,0.0,8.594341311859852,17601.211006688976,7066.598641401157,7066.598641401157,0.0,116736000.0
1.524773833155632,4.594104417701449,9530,297,8.618466611774007,1.4364111019623347,0.0,0.0,1.4364111019623347,2941.7699368188614,0.0,8.618466611774007,17650.619620913167,7087.698360458016,7087.698360458016,0.0,117104640.0
1.9370581686496735,6.938309581175198,9560,298,8.588816854826268,1.4314694758043782,0.0,0.0,1.4314694758043782,2931.6494864473666,0.0,8.588816854826268,17589.896918684197,7108.662394715473,7108.662394715473,0.0,117473280.0
2.1226219058036806,8.353009606205374,9590,299,8.598557351424184,1.4330928919040304,0.0,0.0,1.4330928919040304,2934.9742426194543,0.0,8.598557351424184,17609.845455716728,7129.67346065864,7129.67346065864,0.0,117841920.0
1.768064945936203,5.859503927153549,9630,300,8.61116604188021,1.4351943403133685,0.0,0.0,1.4351943403133685,2939.2780089617786,0.0,8.61116604188021,17635.66805377067,7157.654284797609,7157.654284797609,0.0,118333440.0
1.8542134031653403,6.386672537872863,9660,301,8.631922935298787,1.438653822549798,0.0,0.0,1.438653822549798,2946.3630285819863,0.0,8.631922935298787,17678.178171491916,7180.926008043811,7180.926008043811,0.0,118702080.0
1.839877337217331,6.295765957489796,9690,302,8.64441752026126,1.4407362533768766,0.0,0.0,1.4407362533768766,2950.6278469158433,0.0,8.64441752026126,17703.76708149506,7201.853138001636,7201.853138001636,0.0,119070720.0
1.6698516964912415,5.311380042472569,9720,303,8.619313026276116,1.4365521710460192,0.0,0.0,1.4365521710460192,2942.0588463022473,0.0,8.619313026276116,17652.353077813485,7222.773533049971,7222.773533049971,0.0,119439360.0
0.7894863098859787,2.2022648539581335,9750,304,8.627631520971244,1.4379385868285408,0.0,0.0,1.4379385868285408,2944.8982258248516,0.0,8.627631520971244,17669.389354949108,7243.723148450255,7243.723148450255,0.0,119808000.0
1.4343205466866493,4.196792515249639,9790,305,8.609431522104199,1.4349052536840332,0.0,0.0,1.4349052536840332,2938.6859595449,0.0,8.609431522104199,17632.1157572694,7271.7759740799665,7271.7759740799665,0.0,120299520.0
1.0530464947223663,2.866370211705504,9820,306,8.600584948625709,1.4334308247709513,0.0,0.0,1.4334308247709513,2935.6663291309083,0.0,8.600584948625709,17613.997974785452,7292.757794694975,7292.757794694975,0.0,120668160.0
2.0494767159223555,7.763837350683161,9850,307,8.610658276585857,1.4351097127643093,0.0,0.0,1.4351097127643093,2939.1046917413055,0.0,8.610658276585857,17634.628150447836,7313.730995533988,7313.730995533988,0.0,121036800.0
2.1017989978194236,8.180874056829435,9880,308,8.605293411470589,1.4342155685784315,0.0,0.0,1.4342155685784315,2937.2734844486276,0.0,8.605293411470589,17623.640906691766,7334.735495684668,7334.735495684668,0.0,121405440.0
1.0022432595491408,2.7243864847322374,9910,309,8.633071749379182,1.4388452915631968,0.0,0.0,1.4388452915631968,2946.755157121427,0.0,8.633071749379182,17680.530942728565,7355.719869427383,7355.719869427383,0.0,121774080.0
1.7486524403095245,5.746853227999417,9950,310,8.58332026251685,1.4305533770861418,0.0,0.0,1.4305533770861418,2929.7733162724185,0.0,8.58332026251685,17578.639897634508,7383.708352928981,7383.708352928981,0.0,122265600.0
1.9581590071320534,7.086269277996989,9980,311,8.562385880336489,1.427064313389415,0.0,0.0,1.427064313389415,2922.627713821522,0.0,8.562385880336489,17535.76628292913,7404.727206530049,7404.727206530049,0.0,122634240.0
2.241643473505974,9.408781671217094,10010,312,8.582503174151565,1.4304171956919276,0.0,0.0,1.4304171956919276,2929.4944167770677,0.0,8.582503174151565,17576.966500662405,7425.714835852385,7425.714835852385,0.0,123002880.0
1.3794507563114167,3.9727190373049184,10040,313,8.610678347589088,1.4351130579315146,0.0,0.0,1.4351130579315146,2939.111542643742,0.0,8.610678347589088,17634.669255862453,7446.833194740117,7446.833194740117,0.0,123371520.0
2.300909197330475,9.983255078654013,10070,314,8.595904573799771,1.4326507622999618,0.0,0.0,1.4326507622999618,2934.0687611903218,0.0,8.595904573799771,17604.41256714193,7467.822308929637,7467.822308929637,0.0,123740160.0
1.9349158227443695,6.9234612328823735,10110,315,8.624751795022982,1.4374586325038305,0.0,0.0,1.4374586325038305,2943.915279367845,0.0,8.624751795022982,17663.491676207068,7495.757359469309,7495.757359469309,0.0,124231680.0
1.94575424939394,6.998908787432431,10140,316,8.626413567126699,1.4377355945211165,0.0,0.0,1.4377355945211165,2944.4824975792467,0.0,8.626413567126699,17666.89498547548,7516.907194228843,7516.907194228843,0.0,124600320.0
1.5506296575069427,4.7144377293309425,10170,317,8.591094194984855,1.4318490324974757,0.0,0.0,1.4318490324974757,2932.4268185548303,0.0,8.591094194984855,17594.560911328983,7538.039807446301,7538.039807446301,0.0,124968960.0
1.8736711382865905,6.512159608382279,10200,318,8.636041588983591,1.4393402648305984,0.0,0.0,1.4393402648305984,2947.7688623730655,0.0,8.636041588983591,17686.613174238395,7559.00525043346,7559.00525043346,0.0,125337600.0
1.0640864069748204,2.898190008023891,10230,319,8.633958374451044,1.4389930624085074,0.0,0.0,1.4389930624085074,2947.0577918126232,0.0,8.633958374451044,17682.34675087574,7579.969512766227,7579.969512766227,0.0,125706240.0
1.2601760119199752,3.5260420581824237,10270,320,8.649827845297446,1.441637974216241,0.0,0.0,1.441637974216241,2952.4745711948617,0.0,8.649827845297446,17714.84742716917,7665.121640825644,7665.121640825644,0.0,126197760.0
1.751688901335001,5.764329843948961,10300,321,8.622117334721233,1.4370195557868723,0.0,0.0,1.4370195557868723,2943.0160502515146,0.0,8.622117334721233,17658.096301509086,7686.020415050909,7686.020415050909,0.0,126566400.0
0.9754289880394935,2.652304773989832,10330,322,8.639177998744072,1.4398629997906789,0.0,0.0,1.4398629997906789,2948.8394235713104,0.0,8.639177998744072,17693.03654142786,7706.95692999661,7706.95692999661,0.0,126935040.0
1.435014832019806,4.199707298467811,10360,323,8.597327927198066,1.4328879878663443,0.0,0.0,1.4328879878663443,2934.554599150273,0.0,8.597327927198066,17607.32759490164,7727.940133381635,7727.940133381635,0.0,127303680.0
1.684533992409706,5.3899385947144145,10390,324,8.632169206275544,1.4386948677125908,0.0,0.0,1.4386948677125908,2946.447089075386,0.0,8.632169206275544,17678.682534452313,7748.956146173179,7748.956146173179,0.0,127672320.0
1.1419328093528747,3.1328176565068606,10430,325,8.607635206793935,1.434605867798989,0.0,0.0,1.434605867798989,2938.0728172523295,0.0,8.607635206793935,17628.43690351398,7776.967015841976,7776.967015841976,0.0,128163840.0
1.1241824822467605,3.077699745988568,10460,326,8.616961657771755,1.4361602762952923,0.0,0.0,1.4361602762952923,2941.2562458527586,0.0,8.616961657771755,17647.537475116555,7797.984800009057,7797.984800009057,0.0,128532480.0
0.8692052304744721,2.385014563174452,10490,327,8.617116700668323,1.4361861167780539,0.0,0.0,1.4361861167780539,2941.3091671614543,0.0,8.617116700668323,17647.855002968725,7818.995059069246,7818.995059069246,0.0,128901120.0
1.1792326748371125,3.251877997497424,10520,328,8.633831211652607,1.4389718686087678,0.0,0.0,1.4389718686087678,2947.0143869107565,0.0,8.633831211652607,17682.08632146454,7839.980857746676,7839.980857746676,0.0,129269760.0
1.1728447824716568,3.2311715565326646,10550,329,8.623743657054385,1.4372906095090643,0.0,0.0,1.4372906095090643,2943.5711682745637,0.0,8.623743657054385,17661.42700964738,7860.974770108238,7860.974770108238,0.0,129638400.0
1.268337643891573,3.554938074701642,10590,330,8.622893810026916,1.4371489683378191,0.0,0.0,1.4371489683378191,2943.2810871558536,0.0,8.622893810026916,17659.686522935124,7888.926079560071,7888.926079560071,0.0,130129920.0
0.7667358964681625,2.152728046096252,10620,331,8.618222309487024,1.4363703849145038,0.0,0.0,1.4363703849145038,2941.6865483049037,0.0,8.618222309487024,17650.119289829425,7910.0964703504,7910.0964703504,0.0,130498560.0
1.0251142412424088,2.7874138800019472,10650,332,8.633493883905958,1.4389156473176594,0.0,0.0,1.4389156473176594,2946.8992457065665,0.0,8.633493883905958,17681.3954742394,7933.395861525089,7933.395861525089,0.0,130867200.0
1.4527632534503936,4.274910871717758,10680,333,8.65507243635407,1.4425120727256782,0.0,0.0,1.4425120727256782,2954.264724942189,0.0,8.65507243635407,17725.588349653135,7954.296451935545,7954.296451935545,0.0,131235840.0
1.4928136587142944,4.449597571483429,10710,334,8.651401426445872,1.4419002377409786,0.0,0.0,1.4419002377409786,2953.0116868935243,0.0,8.651401426445872,17718.070121361146,7975.165234150365,7975.165234150365,0.0,131604480.0
1.0291868835687636,2.7987891677669925,10750,335,8.62143218983857,1.4369053649730952,0.0,0.0,1.4369053649730952,2942.782187464899,0.0,8.62143218983857,17656.69312478939,8003.050484385341,8003.050484385341,0.0,132096000.0
1.9773649275302887,7.223682955823687,10780,336,8.610021289507229,1.4350035482512047,0.0,0.0,1.4350035482512047,2938.887266818467,0.0,8.610021289507229,17633.323600910804,8024.013023614883,8024.013023614883,0.0,132464640.0
1.3072491511702538,3.6959925983638673,10810,337,8.608567411472807,1.434761235245468,0.0,0.0,1.434761235245468,2938.3910097827184,0.0,8.608567411472807,17630.34605869631,8045.005942037329,8045.005942037329,0.0,132833280.0
1.8524714797735213,6.375557127490553,10840,338,8.574132020830744,1.4290220034717906,0.0,0.0,1.4290220034717906,2926.6370631102272,0.0,8.574132020830744,17559.822378661363,8066.021833790466,8066.021833790466,0.0,133201920.0
2.2450645089149477,9.441024567067652,10870,339,8.591848156965721,1.4319746928276202,0.0,0.0,1.4319746928276202,2932.6841709109663,0.0,8.591848156965721,17596.105025465797,8087.057870905846,8087.057870905846,0.0,133570560.0
0.9525569036602974,2.5923295293866335,10910,340,8.621267773576381,1.4368779622627301,0.0,0.0,1.4368779622627301,2942.7260667140713,0.0,8.621267773576381,17656.35640028443,8115.0432163942605,8115.0432163942605,0.0,134062080.0
1.3731286704540253,3.9476823917653956,10940,341,8.590072365307309,1.4316787275512184,0.0,0.0,1.4316787275512184,2932.0780340248953,0.0,8.590072365307309,17592.46820414937,8136.172023138031,8136.172023138031,0.0,134430720.0
1.268620204925537,3.5559427036075153,10970,342,8.633220650978096,1.4388701084963493,0.0,0.0,1.4388701084963493,2946.8059822005234,0.0,8.633220650978096,17680.83589320314,8157.158955557272,8157.158955557272,0.0,134799360.0
1.675153422355652,5.339614302437902,11000,343,8.576015752737371,1.4293359587895618,0.0,0.0,1.4293359587895618,2927.2800436010225,0.0,8.576015752737371,17563.680261606136,8178.154181346297,8178.154181346297,0.0,135168000.0
1.0406612157821655,2.831088355904724,11030,344,8.59855654808664,1.43309275801444,0.0,0.0,1.43309275801444,2934.973968413573,0.0,8.59855654808664,17609.843810481438,8199.143219813704,8199.143219813704,0.0,135536640.0
1.5265281647443771,4.602171073929453,11070,345,8.62075397135702,1.4367923285595032,0.0,0.0,1.4367923285595032,2942.5506888898626,0.0,8.62075397135702,17655.304133339177,8227.347117481753,8227.347117481753,0.0,136028160.0
2.1437620729207993,8.531473355617821,11100,346,8.591255995902218,1.4318759993170362,0.0,0.0,1.4318759993170362,2932.48204660129,0.0,8.591255995902218,17594.892279607742,8248.32843900472,8248.32843900472,0.0,136396800.0
1.735566994547844,5.672142966365545,11130,347,8.602845823304843,1.433807637217474,0.0,0.0,1.433807637217474,2936.4380410213867,0.0,8.602845823304843,17618.62824612832,8269.30578028597,8269.30578028597,0.0,136765440.0
1.611697080731392,5.011308610704074,11160,348,8.619607325884733,1.436601220980789,0.0,0.0,1.436601220980789,2942.159300568656,0.0,8.619607325884733,17652.955803411933,8290.272516394034,8290.272516394034,0.0,137134080.0
1.5194707304239272,4.569805895738678,11190,349,8.593860611281658,1.4323101018802764,0.0,0.0,1.4323101018802764,2933.371088650806,0.0,8.593860611281658,17600.226531904835,8311.258183242753,8311.258183242753,0.0,137502720.0
1.4818431913852692,4.401050187337498,11230,350,8.589512766754366,1.4315854611257277,0.0,0.0,1.4315854611257277,2931.8870243854903,0.0,8.589512766754366,17591.32214631294,8339.224040977657,8339.224040977657,0.0,137994240.0
1.2474556624889375,3.4814736350083493,11260,351,8.630552839003895,1.4384254731673158,0.0,0.0,1.4384254731673158,2945.895369046663,0.0,8.630552839003895,17675.372214279978,8360.212626282126,8360.212626282126,0.0,138362880.0
1.3303761541843415,3.7824659103873737,11290,352,8.617206188269336,1.4362010313782225,0.0,0.0,1.4362010313782225,2941.3397122625997,0.0,8.617206188269336,17648.0382735756,8381.17861478962,8381.17861478962,0.0,138731520.0
1.663708969950676,5.278853689840018,11320,353,8.59563056108677,1.4326050935144614,0.0,0.0,1.4326050935144614,2933.975231517617,0.0,8.59563056108677,17603.851389105705,8402.175678612664,8402.175678612664,0.0,139100160.0
1.315378126502037,3.726159678627593,11350,354,8.600549837838452,1.4334249729730753,0.0,0.0,1.4334249729730753,2935.654344648858,0.0,8.600549837838452,17613.92606789315,8423.162116525695,8423.162116525695,0.0,139468800.0
2.348901605606079,10.47405875667356,11390,355,8.607061749747576,1.434510291624596,0.0,0.0,1.434510291624596,2937.8770772471726,0.0,8.607061749747576,17627.262463483035,8451.122023366392,8451.122023366392,0.0,139960320.0
1.2589989066123963,3.521893977204016,11420,356,8.58892365278227,1.4314872754637118,0.0,0.0,1.4314872754637118,2931.6859401496818,0.0,8.58892365278227,17590.11564089809,8472.105381803587,8472.105381803587,0.0,140328960.0
1.5203020051121712,4.573606239055755,11450,357,8.604148185915228,1.4340246976525381,0.0,0.0,1.4340246976525381,2936.882580792398,0.0,8.604148185915228,17621.295484754388,8493.578022992238,8493.578022992238,0.0,140697600.0
2.609329694509506,13.58993838778797,11480,358,8.59858147457291,1.4330969124288182,0.0,0.0,1.4330969124288182,2934.9824766542197,0.0,8.59858147457291,17609.89485992532,8514.573030898347,8514.573030898347,0.0,141066240.0
1.5124849677085876,4.537993562175122,11510,359,8.640651935413139,1.4401086559021898,0.0,0.0,1.4401086559021898,2949.342527287685,0.0,8.640651935413139,17696.05516372611,8535.567131444812,8535.567131444812,0.0,141434880.0
1.061255893111229,2.889998239952643,11550,360,8.634326253567467,1.4390543755945777,0.0,0.0,1.4390543755945777,2947.183361217695,0.0,8.634326253567467,17683.100167306173,8620.549712315202,8620.549712315202,0.0,141926400.0
2.0342035122215747,7.64615962680572,11580,361,8.606275522409979,1.4343792537349964,0.0,0.0,1.4343792537349964,2937.6087116492727,0.0,8.606275522409979,17625.652269895636,8641.584882102907,8641.584882102907,0.0,142295040.0
1.0979525655508042,2.9980214833564274,11610,362,8.63044003182467,1.4384066719707784,0.0,0.0,1.4384066719707784,2945.856864196154,0.0,8.63044003182467,17675.141185176923,8662.530103409663,8662.530103409663,0.0,142663680.0
2.838533270359039,17.09067973804461,11640,363,8.602731510701737,1.4337885851169563,0.0,0.0,1.4337885851169563,2936.3990223195265,0.0,8.602731510701737,17618.394133917158,8683.522211328149,8683.522211328149,0.0,143032320.0
2.1836988791823386,8.87908826775109,11670,364,8.622480027898904,1.4370800046498173,0.0,0.0,1.4370800046498173,2943.139849522826,0.0,8.622480027898904,17658.839097136955,8704.567976046354,8704.567976046354,0.0,143400960.0
0.8543472900986672,2.349840116004269,11710,365,8.596944253779723,1.4328240422966205,0.0,0.0,1.4328240422966205,2934.423638623479,0.0,8.596944253779723,17606.541831740873,8732.56972997263,8732.56972997263,0.0,143892480.0
1.5268669843673706,4.603730643989223,11740,366,8.584137369223551,1.4306895615372586,0.0,0.0,1.4306895615372586,2930.0522220283056,0.0,8.584137369223551,17580.313332169833,8753.575891856104,8753.575891856104,0.0,144261120.0
1.1225369960069655,3.072639597750221,11770,367,8.562173445621031,1.4270289076035052,0.0,0.0,1.4270289076035052,2922.5552027719787,0.0,8.562173445621031,17535.331216631872,8774.596093321219,8774.596093321219,0.0,144629760.0
1.2549915343523026,3.507808678344424,11800,368,8.556382631323952,1.4260637718873255,0.0,0.0,1.4260637718873255,2920.5786048252426,0.0,8.556382631323952,17523.471628951454,8795.589224843308,8795.589224843308,0.0,144998400.0
2.1382568430737594,8.484634680993103,11830,369,8.608086555940101,1.4346810926566835,0.0,0.0,1.4346810926566835,2938.226877760888,0.0,8.608086555940101,17629.361266565327,8816.625819977373,8816.625819977373,0.0,145367040.0
1.1672028809785844,3.212992934122314,11870,370,8.639123179164038,1.439853863194006,0.0,0.0,1.439853863194006,2948.8207118213245,0.0,8.639123179164038,17692.92427092795,8844.580609833822,8844.580609833822,0.0,145858560.0
1.0446973741054535,2.8425381678195394,11900,371,8.610662569286823,1.4351104282144707,0.0,0.0,1.4351104282144707,2939.106156983236,0.0,8.610662569286823,17634.636941899415,8865.554218852893,8865.554218852893,0.0,146227200.0
1.139947634935379,3.126604636045539,11930,372,8.600444576084424,1.433407429347404,0.0,0.0,1.433407429347404,2935.6184153034833,0.0,8.600444576084424,17613.7104918209,8886.531526094303,8886.531526094303,0.0,146595840.0
0.6614641964435577,1.9376273254424972,11960,373,8.59948791217943,1.4332479853632385,0.0,0.0,1.4332479853632385,2935.2918740239124,0.0,8.59948791217943,17611.751244143474,8907.672030726448,8907.672030726448,0.0,146964480.0
1.529371976852417,4.615277410899779,11990,374,8.605959163352857,1.434326527225476,0.0,0.0,1.434326527225476,2937.5007277577747,0.0,8.605959163352857,17625.00436654665,8928.665078537539,8928.665078537539,0.0,147333120.0
1.251022433489561,3.49391342596385,12030,375,8.59485261250409,1.4324754354173481,0.0,0.0,1.4324754354173481,2933.709691734729,0.0,8.59485261250409,17602.258150408376,8956.638601481915,8956.638601481915,0.0,147824640.0
2.0555174738168716,7.810878752262079,12060,376,8.579043736190131,1.429840622698355,0.0,0.0,1.429840622698355,2928.3135952862312,0.0,8.579043736190131,17569.88157171739,8977.624045897275,8977.624045897275,0.0,148193280.0
2.588631349802017,13.311540287644725,12090,377,8.574120381478956,1.429020063579826,0.0,0.0,1.429020063579826,2926.6330902114837,0.0,8.574120381478956,17559.7985412689,8998.624536888674,8998.624536888674,0.0,148561920.0
1.3890365421772004,4.010983777099228,12120,378,8.61941730890511,1.436569551484185,0.0,0.0,1.436569551484185,2942.094441439611,0.0,8.61941730890511,17652.566648637665,9019.601623233408,9019.601623233408,0.0,148930560.0
1.0506961941719055,2.859641290809848,12150,379,8.600634779339133,1.4334391298898554,0.0,0.0,1.4334391298898554,2935.683338014424,0.0,8.600634779339133,17614.100028086545,9040.59151699394,9040.59151699394,0.0,149299200.0
1.9283339202404022,6.878041324732338,12190,380,8.59475136569738,1.4324585609495635,0.0,0.0,1.4324585609495635,2933.675132824706,0.0,8.59475136569738,17602.050796948235,9071.152973173186,9071.152973173186,0.0,149790720.0
1.283192777633667,3.6081413477319706,12220,381,8.625057562907749,1.4375095938179583,0.0,0.0,1.4375095938179583,2944.0196481391786,0.0,8.625057562907749,17664.11788883507,9092.108397942036,9092.108397942036,0.0,150159360.0
1.3349402785301208,3.7997690118523146,12250,382,8.567863558420964,1.4279772597368274,0.0,0.0,1.4279772597368274,2924.4974279410226,0.0,8.567863558420964,17546.984567646134,9113.267280425876,9113.267280425876,0.0,150528000.0
1.4813024565577506,4.398671029528263,12280,383,8.595380132049872,1.4325633553416455,0.0,0.0,1.4325633553416455,2933.88975173969,0.0,8.595380132049872,17603.338510438138,9134.24040735513,9134.24040735513,0.0,150896640.0
1.5708797514438628,4.810878710092356,12310,384,8.617643429467565,1.4362739049112607,0.0,0.0,1.4362739049112607,2941.488957258262,0.0,8.617643429467565,17648.933743549573,9155.23072601296,9155.23072601296,0.0,151265280.0
1.7253271281719207,5.614357343776126,12350,385,8.601263660417683,1.433543943402947,0.0,0.0,1.433543943402947,2935.8979960892357,0.0,8.601263660417683,17615.387976535414,9183.270807920024,9183.270807920024,0.0,151756800.0
1.2721421544265468,3.568488634336899,12380,386,8.642731622071247,1.4404552703452078,0.0,0.0,1.4404552703452078,2950.0523936669856,0.0,8.642731622071247,17700.314362001915,9204.224313221872,9204.224313221872,0.0,152125440.0
2.236607164144516,9.361515260047975,12410,387,8.626914505169358,1.437819084194893,0.0,0.0,1.437819084194893,2944.653484431141,0.0,8.626914505169358,17667.920906586845,9225.324787626043,9225.324787626043,0.0,152494080.0
1.57939056456089,4.851997930520969,12440,388,8.597946961453733,1.4329911602422887,0.0,0.0,1.4329911602422887,2934.765896176207,0.0,8.597946961453733,17608.595377057245,9246.305008789524,9246.305008789524,0.0,152862720.0
1.8395488560199738,6.293698256368861,12470,389,8.616923716217723,1.4361539527029539,0.0,0.0,1.4361539527029539,2941.2432951356495,0.0,8.616923716217723,17647.459770813897,9267.31627811119,9267.31627811119,0.0,153231360.0
2.022088032960892,7.554081649139174,12510,390,8.600996482660289,1.4334994137767147,0.0,0.0,1.4334994137767147,2935.806799414712,0.0,8.600996482660289,17614.84079648827,9295.297724461183,9295.297724461183,0.0,153722880.0
0.8060337141156196,2.239009799002708,12540,391,8.603751494184534,1.4339585823640892,0.0,0.0,1.4339585823640892,2936.7471766816548,0.0,8.603751494184534,17620.483060089926,9316.252760268748,9316.252760268748,0.0,154091520.0
1.5497175931930542,4.710139819201136,12570,392,8.59360733936284,1.4322678898938066,0.0,0.0,1.4322678898938066,2933.284638502516,0.0,8.59360733936284,17599.707831015097,9337.23586669378,9337.23586669378,0.0,154460160.0
0.7502133652567864,2.1174517590561934,12600,393,8.628617015721337,1.4381028359535561,0.0,0.0,1.4381028359535561,2945.234608032883,0.0,8.628617015721337,17671.4076481973,9358.194608118385,9358.194608118385,0.0,154828800.0
0.5813964542001486,1.7885342938920097,12630,394,8.63142559011463,1.4385709316857715,0.0,0.0,1.4385709316857715,2946.19326809246,0.0,8.63142559011463,17677.15960855476,9379.173909906298,9379.173909906298,0.0,155197440.0
2.090666577219963,8.090306181143815,12670,395,8.611483900420541,1.4352473167367568,0.0,0.0,1.4352473167367568,2939.386504676878,0.0,8.611483900420541,17636.31902806127,9407.226905860007,9407.226905860007,0.0,155688960.0
1.762082651257515,5.824555288745165,12700,396,8.585651439447565,1.430941906574594,0.0,0.0,1.430941906574594,2930.5690246647687,0.0,8.585651439447565,17583.414147988613,9428.219608785585,9428.219608785585,0.0,156057600.0
1.2261285543441773,3.4080100378599667,12730,397,8.655178818625556,1.4425298031042593,0.0,0.0,1.4425298031042593,2954.301036757523,0.0,8.655178818625556,17725.80622054514,9449.186335647479,9449.186335647479,0.0,156426240.0
1.6946750566363336,5.444876401271761,12760,398,8.587869999349197,1.4313116665581993,0.0,0.0,1.4313116665581993,2931.326293111192,0.0,8.587869999349197,17587.957758667155,9470.358797812834,9470.358797812834,0.0,156794880.0
1.732080766558647,5.65240301178149,12790,399,8.58275565474749,1.4304592757912487,0.0,0.0,1.4304592757912487,2929.5805968204772,0.0,8.58275565474749,17577.48358092286,9491.357990941033,9491.357990941033,0.0,157163520.0
1.1922140687704086,3.294367093980827,12830,400,8.633187251501177,1.4388645419168626,0.0,0.0,1.4388645419168626,2946.7945818457347,0.0,8.633187251501177,17680.76749107441,9575.407064232975,9575.407064232975,0.0,157655040.0
1.728041648864746,5.629618336732268,12860,401,8.611578082677298,1.4352630137795495,0.0,0.0,1.4352630137795495,2939.4186522205173,0.0,8.611578082677298,17636.511913323106,9596.304005442187,9596.304005442187,0.0,158023680.0
1.29632169008255,3.655824649615047,12890,402,8.59352317853117,1.4322538630885282,0.0,0.0,1.4322538630885282,2933.2559116053058,0.0,8.59352317853117,17599.535469631835,9617.440168894827,9617.440168894827,0.0,158392320.0
1.473750713467598,4.365578506360574,12920,403,8.5793594333404,1.4298932388900667,0.0,0.0,1.4298932388900667,2928.4213532468566,0.0,8.5793594333404,17570.52811948114,9638.563266301528,9638.563266301528,0.0,158760960.0
0.8733809173107148,2.3949944590489776,12950,404,8.56323546283279,1.4272059104721317,0.0,0.0,1.4272059104721317,2922.917704646926,0.0,8.56323546283279,17537.506227881553,9659.578750004992,9659.578750004992,0.0,159129600.0
1.7804125726222992,5.932303419751755,12990,405,8.58946554991787,1.4315775916529785,0.0,0.0,1.4315775916529785,2931.8709077053,0.0,8.58946554991787,17591.225446231798,9687.58934195526,9687.58934195526,0.0,159621120.0
1.5370255261659622,4.650736183804971,13020,406,8.609831487816658,1.4349719146361095,0.0,0.0,1.4349719146361095,2938.8224811747523,0.0,8.609831487816658,17632.934887048516,9708.617085475475,9708.617085475475,0.0,159989760.0
1.49325652718544,4.451568594376858,13050,407,8.568463610214724,1.4280772683691207,0.0,0.0,1.4280772683691207,2924.7022456199593,0.0,8.568463610214724,17548.213473719756,9729.62234237045,9729.62234237045,0.0,160358400.0
1.5759689554572105,4.835424660026632,13080,408,8.589773516567018,1.4316289194278362,0.0,0.0,1.4316289194278362,2931.9760269882086,0.0,8.589773516567018,17591.856161929252,9750.64214474149,9750.64214474149,0.0,160727040.0
1.0045099705457687,2.7305688857473407,13110,409,8.58728866516677,1.431214777527795,0.0,0.0,1.431214777527795,2931.127864376924,0.0,8.58728866516677,17586.767186261546,9771.645005011931,9771.645005011931,0.0,161095680.0
1.3778266906738281,3.9662723171939245,13150,410,8.600363610790323,1.4333939351317204,0.0,0.0,1.4333939351317204,2935.5907791497634,0.0,8.600363610790323,17613.54467489858,9799.62778461352,9799.62778461352,0.0,161587200.0
0.9862123161554337,2.681060207629256,13180,411,8.642432425513649,1.4404054042522747,0.0,0.0,1.4404054042522747,2949.9502679086586,0.0,8.642432425513649,17699.701607451952,9823.24384655431,9823.24384655431,0.0,161955840.0
1.773683388531208,5.892517870229872,13210,412,8.618482557043743,1.4364137595072903,0.0,0.0,1.4364137595072903,2941.7753794709306,0.0,8.618482557043743,17650.652276825585,9844.204657398164,9844.204657398164,0.0,162324480.0
1.5027855351567267,4.4941903761350614,13240,413,8.614598958388708,1.4357664930647844,0.0,0.0,1.4357664930647844,2940.4497777966785,0.0,8.614598958388708,17642.698666780074,9865.150122124702,9865.150122124702,0.0,162693120.0
1.3862497448921203,3.999821539070075,13270,414,8.62964886893576,1.4382748114892931,0.0,0.0,1.4382748114892931,2945.5868139300724,0.0,8.62964886893576,17673.520883580437,9886.277691489086,9886.277691489086,0.0,163061760.0
1.4369313079863786,4.207763654012019,13310,415,8.605690636243356,1.4342817727072261,0.0,0.0,1.4342817727072261,2937.409070504399,0.0,8.605690636243356,17624.454423026393,9914.215211421251,9914.215211421251,0.0,163553280.0
1.2804123401641845,3.5981230703845406,13340,416,8.604416835118412,1.4340694725197356,0.0,0.0,1.4340694725197356,2936.9742797204185,0.0,8.604416835118412,17621.84567832251,9935.185571555048,9935.185571555048,0.0,163921920.0
1.8281814336776734,6.222560224247837,13370,417,8.610417800099086,1.4350696333498476,0.0,0.0,1.4350696333498476,2939.022609100488,0.0,8.610417800099086,17634.135654602927,9956.149897713214,9956.149897713214,0.0,164290560.0
1.0876217156648635,2.967208808062063,13400,418,8.59163740871234,1.4319395681187235,0.0,0.0,1.4319395681187235,2932.6122355071457,0.0,8.59163740871234,17595.673413042874,9977.128226634115,9977.128226634115,0.0,164659200.0
1.9112189710140228,6.761325637245719,13430,419,8.626912021474702,1.4378186702457838,0.0,0.0,1.4378186702457838,2944.6526366633652,0.0,8.626912021474702,17667.91581998019,9998.100844865665,9998.100844865665,0.0,165027840.0
1.4648979395627975,4.327101591883454,13470,420,8.635173274619195,1.4391955457698657,0.0,0.0,1.4391955457698657,2947.472477736685,0.0,8.635173274619195,17684.83486642011,10026.080584745854,10026.080584745854,0.0,165519360.0
1.6081081211566925,4.993355462516108,13500,421,8.600185244528262,1.433364207421377,0.0,0.0,1.433364207421377,2935.52989679898,0.0,8.600185244528262,17613.17938079388,10047.053827894852,10047.053827894852,0.0,165888000.0
1.2339170396327972,3.4346569085827015,13530,422,8.627682948095485,1.437947158015914,0.0,0.0,1.437947158015914,2944.915779616592,0.0,8.627682948095485,17669.494677699553,10068.007413771003,10068.007413771003,0.0,166256640.0
1.60318264067173,4.968821258602992,13560,423,8.607111069087098,1.4345185115145165,0.0,0.0,1.4345185115145165,2937.8939115817298,0.0,8.607111069087098,17627.363469490378,10088.970099417493,10088.970099417493,0.0,166625280.0
1.8820485830307008,6.566944021960772,13590,424,8.590837110983532,1.4318061851639219,0.0,0.0,1.4318061851639219,2932.339067215712,0.0,8.590837110983532,17594.034403294274,10109.950571401045,10109.950571401045,0.0,166993920.0
1.669867405295372,5.311463478556657,13630,425,7.753551188988117,1.2922585314980195,0.0,0.0,1.2922585314980195,2646.545472507944,0.0,7.753551188988117,15879.272835047663,10138.16325191781,10138.16325191781,0.0,167485440.0
2.199773108959198,9.022966037012207,13660,426,8.60347834821402,1.4339130580356703,0.0,0.0,1.4339130580356703,2936.6539428570527,0.0,8.60347834821402,17619.923657142313,10159.159916657954,10159.159916657954,0.0,167854080.0
0.6050019890069962,1.831255851262851,13690,427,8.621451699615486,1.4369086166025808,0.0,0.0,1.4369086166025808,2942.7888468020856,0.0,8.621451699615486,17656.733080812515,10180.132162570953,10180.132162570953,0.0,168222720.0
1.012210151553154,2.7516759201221985,13720,428,8.57709791284941,1.429516318808235,0.0,0.0,1.429516318808235,2927.649420919265,0.0,8.57709791284941,17565.896525515593,10201.1232958287,10201.1232958287,0.0,168591360.0
2.1762828528881073,8.813484276820242,13750,429,8.599408227533823,1.4332347045889704,0.0,0.0,1.4332347045889704,2935.2646749982114,0.0,8.599408227533823,17611.58804998927,10222.280966008082,10222.280966008082,0.0,168960000.0
1.7038298547267914,5.494952011666825,13790,430,8.58282854781966,1.4304714246366101,0.0,0.0,1.4304714246366101,2929.6054776557776,0.0,8.58282854781966,17577.632865934665,10250.301886659116,10250.301886659116,0.0,169451520.0
1.6450327426195144,5.181179549561846,13820,431,8.610385129200878,1.4350641882001465,0.0,0.0,1.4350641882001465,2939.0114574339,0.0,8.610385129200878,17634.0687446034,10271.27979519777,10271.27979519777,0.0,169820160.0
1.0458042919635773,2.845686366156929,13850,432,8.601386925825164,1.4335644876375273,0.0,0.0,1.4335644876375273,2935.940070681656,0.0,8.601386925825164,17615.640424089936,10292.294395506382,10292.294395506382,0.0,170188800.0
0.9352056056261062,2.5477372330005372,13880,433,8.60670958538449,1.4344515975640817,0.0,0.0,1.4344515975640817,2937.7568718112393,0.0,8.60670958538449,17626.541230867435,10313.289194587618,10313.289194587618,0.0,170557440.0
1.2757863759994508,3.58151672180138,13910,434,8.632028170963384,1.4386713618272307,0.0,0.0,1.4386713618272307,2946.3989490221684,0.0,8.632028170963384,17678.39369413301,10334.277635302395,10334.277635302395,0.0,170926080.0
2.037513345479965,7.671509068307852,13950,435,8.61941388390199,1.4365689806503315,0.0,0.0,1.4365689806503315,2942.093272371879,0.0,8.61941388390199,17652.559634231275,10362.249301597476,10362.249301597476,0.0,171417600.0
2.454193061590195,11.637039385077184,13980,436,8.59554102790509,1.432590171317515,0.0,0.0,1.432590171317515,2933.944670858271,0.0,8.59554102790509,17603.668025149625,10383.253103934228,10383.253103934228,0.0,171786240.0
0.9727642327547074,2.645246439370441,14010,437,8.60365310540503,1.4339421842341717,0.0,0.0,1.4339421842341717,2936.7135933115837,0.0,8.60365310540503,17620.2815598695,10404.33395974338,10404.33395974338,0.0,172154880.0
2.1433538645505905,8.527991447504213,14040,438,8.579455290690465,1.4299092151150776,0.0,0.0,1.4299092151150776,2928.454072555679,0.0,8.579455290690465,17570.724435334072,10425.324720596895,10425.324720596895,0.0,172523520.0
1.106925717741251,3.025044244755367,14070,439,8.606607760096463,1.4344346266827437,0.0,0.0,1.4344346266827437,2937.722115446259,0.0,8.606607760096463,17626.332692677555,10446.323012501001,10446.323012501001,0.0,172892160.0
0.8249442860484123,2.281753636276279,14110,440,8.6578757016069,1.44297928360115,0.0,0.0,1.44297928360115,2955.221572815155,0.0,8.6578757016069,17731.32943689093,10531.203513557091,10531.203513557091,0.0,173383680.0
1.6397616922855378,5.153941141941427,14140,441,8.629329575563089,1.4382215959271816,0.0,0.0,1.4382215959271816,2945.477828458868,0.0,8.629329575563089,17672.866970753206,10552.139063704759,10552.139063704759,0.0,173752320.0
1.5731011629104614,4.821577530064459,14170,442,8.625008384094109,1.437501397349018,0.0,0.0,1.437501397349018,2944.002861770789,0.0,8.625008384094109,17664.017170624735,10573.248187862337,10573.248187862337,0.0,174120960.0
1.3423492819070817,3.8280260623237994,14200,443,8.586563026508264,1.4310938377513773,0.0,0.0,1.4310938377513773,2930.8801797148208,0.0,8.586563026508264,17585.281078288925,10594.229311089963,10594.229311089963,0.0,174489600.0
1.8363837242126464,6.273809363918966,14230,444,8.595992738226164,1.4326654563710273,0.0,0.0,1.4326654563710273,2934.098854647864,0.0,8.595992738226164,17604.593127887183,10615.25867155753,10615.25867155753,0.0,174858240.0
1.3073942311108113,3.696528851649196,14270,445,8.550001173120851,1.425000195520142,0.0,0.0,1.425000195520142,2918.4004004252506,0.0,8.550001173120851,17510.402402551503,10643.404960980639,10643.404960980639,0.0,175349760.0
1.2626758575439454,3.5348676456985793,14300,446,8.589099823114259,1.4315166371857098,0.0,0.0,1.4315166371857098,2931.7460729563336,0.0,8.589099823114259,17590.476437738,10664.418741578236,10664.418741578236,0.0,175718400.0
1.1737188041210174,3.2339969049538557,14330,447,8.597111242671899,1.4328518737786495,0.0,0.0,1.4328518737786495,2934.4806374986742,0.0,8.597111242671899,17606.883824992048,10685.422901105136,10685.422901105136,0.0,176087040.0
1.5137665331363679,4.5438130260512555,14360,448,8.602106894400901,1.4336844824001502,0.0,0.0,1.4336844824001502,2936.1858199555077,0.0,8.602106894400901,17617.114919733045,10706.450094981119,10706.450094981119,0.0,176455680.0
1.8263187199831008,6.210980164618935,14390,449,8.625192423583995,1.4375320705973325,0.0,0.0,1.4375320705973325,2944.065680583337,0.0,8.625192423583995,17664.39408350002,10727.491563990712,10727.491563990712,0.0,176824320.0
1.7725014716386795,5.885557517908774,14430,450,8.575516907010897,1.4292528178351493,0.0,0.0,1.4292528178351493,2927.109770926386,0.0,8.575516907010897,17562.658625558317,10755.504362590611,10755.504362590611,0.0,177315840.0
1.2586742669343949,3.5207508162450436,14460,451,8.580688511138037,1.4301147518563393,0.0,0.0,1.4301147518563393,2928.875011801783,0.0,8.580688511138037,17573.2500708107,10776.513033043593,10776.513033043593,0.0,177684480.0
1.265330258011818,3.544263064116159,14490,452,8.604323843684861,1.434053973947477,0.0,0.0,1.434053973947477,2936.9425386444327,0.0,8.604323843684861,17621.655231866596,10797.524673044682,10797.524673044682,0.0,178053120.0
1.3167399972677232,3.73123768357059,14520,453,8.631847482710088,1.4386412471183478,0.0,0.0,1.4386412471183478,2946.3372740983764,0.0,8.631847482710088,17678.02364459026,10818.531724113971,10818.531724113971,0.0,178421760.0
1.4785006165504455,4.386363906404951,14550,454,8.58907397823948,1.43151232970658,0.0,0.0,1.43151232970658,2931.7372512390757,0.0,8.58907397823948,17590.423507434454,10839.507981467992,10839.507981467992,0.0,178790400.0
0.9885008916258812,2.6872030427449807,14590,455,8.572294741046674,1.4287157901744456,0.0,0.0,1.4287157901744456,2926.0099382772646,0.0,8.572294741046674,17556.05962966359,10867.469347508624,10867.469347508624,0.0,179281920.0
1.5901720494031906,4.904592687985229,14620,456,8.628118780324503,1.4380197967207504,0.0,0.0,1.4380197967207504,2945.064543684097,0.0,8.628118780324503,17670.38726210458,10888.469189485535,10888.469189485535,0.0,179650560.0
1.4523288130760192,4.273054081199819,14650,457,8.548730894512467,1.4247884824187445,0.0,0.0,1.4247884824187445,2917.9668119935886,0.0,8.548730894512467,17507.80087196153,10909.458470974118,10909.458470974118,0.0,180019200.0
0.8050958901643753,2.236910986298372,14680,458,8.648023074725495,1.441337179120916,0.0,0.0,1.441337179120916,2951.858542839636,0.0,8.648023074725495,17711.151257037815,10933.168423306197,10933.168423306197,0.0,180387840.0
1.8190174758434297,6.16579742790345,14710,459,8.650609981947527,1.4417683303245878,0.0,0.0,1.4417683303245878,2952.741540504756,0.0,8.650609981947527,17716.449243028535,10954.111037028953,10954.111037028953,0.0,180756480.0
1.5358581081032754,4.645309998308948,14750,460,8.638352812908032,1.4397254688180054,0.0,0.0,1.4397254688180054,2948.557760139275,0.0,8.638352812908032,17691.34656083565,10982.013008298352,10982.013008298352,0.0,181248000.0
1.1113079011440277,3.0383296316779123,14780,461,8.614477041830696,1.4357461736384494,0.0,0.0,1.4357461736384494,2940.4081636115443,0.0,8.614477041830696,17642.448981669266,11002.979872209951,11002.979872209951,0.0,181616640.0
0.8794775545597077,2.409640471827917,14810,462,8.620870113126722,1.4368116855211204,0.0,0.0,1.4368116855211204,2942.5903319472545,0.0,8.620870113126722,17655.541991683527,11023.959601197392,11023.959601197392,0.0,181985280.0
1.2576307386159897,3.5170787293627956,14840,463,8.593683443174028,1.4322805738623379,0.0,0.0,1.4322805738623379,2933.310615270068,0.0,8.593683443174028,17599.86369162041,11044.966490086168,11044.966490086168,0.0,182353920.0
1.2247863054275512,3.403438708695928,14870,464,8.59735826183822,1.4328930436397034,0.0,0.0,1.4328930436397034,2934.5649533741125,0.0,8.59735826183822,17607.389720244675,11065.956237854436,11065.956237854436,0.0,182722560.0
1.3989571064710618,4.05097302954659,14910,465,8.612334573756462,1.435389095626077,0.0,0.0,1.435389095626077,2939.676867842206,0.0,8.612334573756462,17638.061207053233,11094.049767574295,11094.049767574295,0.0,183214080.0
1.7019690811634063,5.484736657409554,14940,466,8.576650378326484,1.4294417297210806,0.0,0.0,1.4294417297210806,2927.496662468773,0.0,8.576650378326484,17564.97997481264,11115.214016225189,11115.214016225189,0.0,183582720.0
0.7161152988672257,2.0464678331957473,14970,467,8.615344655064268,1.4358907758440447,0.0,0.0,1.4358907758440447,2940.7043089286035,0.0,8.615344655064268,17644.22585357162,11136.196633983403,11136.196633983403,0.0,183951360.0
1.6789274901151656,5.359804444141405,15000,468,8.628569217758173,1.4380948696263622,0.0,0.0,1.4380948696263622,2945.21829299479,0.0,8.628569217758173,17671.30975796874,11157.166177727282,11157.166177727282,0.0,184320000.0
1.4773214668035508,4.381194774704022,15030,469,8.602857173169342,1.433809528861557,0.0,0.0,1.433809528861557,2936.441915108469,0.0,8.602857173169342,17618.651490650813,11178.195609444752,11178.195609444752,0.0,184688640.0
1.5556492865085603,4.738161951265371,15070,470,8.589334907541648,1.431555817923608,0.0,0.0,1.431555817923608,2931.8263151075494,0.0,8.589334907541648,17590.957890645295,11206.153457244858,11206.153457244858,0.0,185180160.0
1.421602563560009,4.143755754048285,15100,471,8.60138472093497,1.4335641201558282,0.0,0.0,1.4335641201558282,2935.9393180791362,0.0,8.60138472093497,17615.63590847482,11227.284660326317,11227.284660326317,0.0,185548800.0
1.7426777184009552,5.712619747711943,15130,472,8.626674240326135,1.437779040054356,0.0,0.0,1.437779040054356,2944.571474031321,0.0,8.626674240326135,17667.428844187925,11248.259027913213,11248.259027913213,0.0,185917440.0
2.413432055711746,11.172239168589137,15160,473,8.616930689048129,1.4361551148413547,0.0,0.0,1.4361551148413547,2941.2456751950945,0.0,8.616930689048129,17647.474051170568,11269.244116965681,11269.244116965681,0.0,186286080.0
1.1997796267271041,3.3193853383176743,15190,474,8.608679072421095,1.4347798454035159,0.0,0.0,1.4347798454035159,2938.4291233864005,0.0,8.608679072421095,17630.574740318403,11290.311775684357,11290.311775684357,0.0,186654720.0
2.3675594687461854,10.671316795871919,15230,475,8.603510507140417,1.433918417856736,0.0,0.0,1.433918417856736,2936.664919770595,0.0,8.603510507140417,17619.989518623574,11318.241043088958,11318.241043088958,0.0,187146240.0
1.5821266174316406,4.865291430954747,15260,476,8.56083276014185,1.4268054600236415,0.0,0.0,1.4268054600236415,2922.097582128418,0.0,8.56083276014185,17532.585492770508,11339.202751517296,11339.202751517296,0.0,187514880.0
1.114536190032959,3.048154087026375,15290,477,8.626030712073767,1.4376717853456278,0.0,0.0,1.4376717853456278,2944.3518163878457,0.0,8.626030712073767,17666.110898327075,11360.180600265041,11360.180600265041,0.0,187883520.0
0.9090282171964645,2.481909484138218,15320,478,8.618731705223052,1.436455284203842,0.0,0.0,1.436455284203842,2941.8604220494685,0.0,8.618731705223052,17651.16253229681,11381.123931072652,11381.123931072652,0.0,188252160.0
1.482343104481697,4.403250879995893,15350,479,8.602788603442027,1.4337981005736713,0.0,0.0,1.4337981005736713,2936.418509974879,0.0,8.602788603442027,17618.511059849272,11402.12192298472,11402.12192298472,0.0,188620800.0
1.994899070262909,7.351461009418646,15390,480,8.664280111034513,1.4440466851724187,0.0,0.0,1.4440466851724187,2957.4076112331136,0.0,8.664280111034513,17744.445667398682,11487.067750321701,11487.067750321701,0.0,189112320.0
1.5486373841762542,4.705054630725739,15420,481,8.588421254918742,1.4314035424864568,0.0,0.0,1.4314035424864568,2931.5144550122636,0.0,8.588421254918742,17589.086730073584,11507.984382001683,11507.984382001683,0.0,189480960.0
2.5438570201396944,12.72867115373288,15450,482,8.638910186443516,1.4398183644072526,0.0,0.0,1.4398183644072526,2948.7480103060534,0.0,8.638910186443516,17692.48806183632,11529.062753384933,11529.062753384933,0.0,189849600.0
1.9772068947553634,7.222541467359668,15480,483,8.574113397883051,1.429018899647175,0.0,0.0,1.429018899647175,2926.6307064774146,0.0,8.574113397883051,17559.78423886449,11550.218280505389,11550.218280505389,0.0,190218240.0
1.7570053383708,5.7950571481325825,15510,484,8.61182488633668,1.4353041477227801,0.0,0.0,1.4353041477227801,2939.5028945362537,0.0,8.61182488633668,17637.017367217522,11571.191494882107,11571.191494882107,0.0,190586880.0
2.1318589448928833,8.430524133664255,15550,485,8.57571313244965,1.4292855220749416,0.0,0.0,1.4292855220749416,2927.1767492094805,0.0,8.57571313244965,17563.060495256883,11599.186386998743,11599.186386998743,0.0,191078400.0
1.272971013188362,3.5714476335347087,15580,486,8.600204003865507,1.4333673339775843,0.0,0.0,1.4333673339775843,2935.5362999860927,0.0,8.600204003865507,17613.217799916558,11620.31689633429,11620.31689633429,0.0,191447040.0
1.8835305109620095,6.576682974160582,15610,487,8.612363966692039,1.4353939944486733,0.0,0.0,1.4353939944486733,2939.686900630883,0.0,8.612363966692039,17638.121403785295,11641.312932938337,11641.312932938337,0.0,191815680.0
1.416455441713333,4.122482134202637,15640,488,8.612889078295014,1.4354815130491692,0.0,0.0,1.4354815130491692,2939.8661387246984,0.0,8.612889078295014,17639.19683234819,11662.311837840825,11662.311837840825,0.0,192184320.0
1.447973906993866,4.254485792913972,15670,489,8.595606053099491,1.4326010088499153,0.0,0.0,1.4326010088499153,2933.9668661246264,0.0,8.595606053099491,17603.801196747758,11683.340344604105,11683.340344604105,0.0,192552960.0
1.7654217064380646,5.844036306252707,15710,490,8.606431790614492,1.4344052984357485,0.0,0.0,1.4344052984357485,2937.662051196413,0.0,8.606431790614492,17625.97230717848,11714.346043413505,11714.346043413505,0.0,193044480.0
1.5178846210241317,4.562563428842965,15740,491,8.63643999042315,1.439406665070525,0.0,0.0,1.439406665070525,2947.9048500644353,0.0,8.63643999042315,17687.429100386613,11735.268203454092,11735.268203454092,0.0,193413120.0
1.3868007585406303,4.002026102646238,15770,492,8.668677938156186,1.4447796563593645,0.0,0.0,1.4447796563593645,2958.9087362239784,0.0,8.668677938156186,17753.45241734387,11756.139923801646,11756.139923801646,0.0,193781760.0
1.7838399790227413,5.952670718028134,15800,493,8.611216731924815,1.4352027886541359,0.0,0.0,1.4352027886541359,2939.2953111636702,0.0,8.611216731924815,17635.77186698202,11777.04519355297,11777.04519355297,0.0,194150400.0
1.473201322555542,4.363180755914775,15830,494,8.611760133541326,1.435293355590221,0.0,0.0,1.435293355590221,2939.4807922487726,0.0,8.611760133541326,17636.884753492635,11797.980264112353,11797.980264112353,0.0,194519040.0
2.3616686880588533,10.608639200216786,15870,495,8.60225733710508,1.43370955618418,0.0,0.0,1.43370955618418,2936.2371710652005,0.0,8.60225733710508,17617.423026391203,11825.931704064831,11825.931704064831,0.0,195010560.0
1.7340698033571242,5.663657037997556,15900,496,8.596764285655563,1.4327940476092604,0.0,0.0,1.4327940476092604,2934.3622095037654,0.0,8.596764285655563,17606.173257022594,11846.913520399481,11846.913520399481,0.0,195379200.0
1.4943953931331635,4.456641222236243,15930,497,8.624195981370905,1.4373659968951507,0.0,0.0,1.4373659968951507,2943.7255616412685,0.0,8.624195981370905,17662.353369847613,11867.872433394194,11867.872433394194,0.0,195747840.0
1.3065980553627015,3.6935869363215486,15960,498,8.608677738040134,1.434779623006689,0.0,0.0,1.434779623006689,2938.428667917699,0.0,8.608677738040134,17630.572007506194,11888.82828960009,11888.82828960009,0.0,196116480.0
1.1228622063994407,3.0736390145813015,15990,499,8.601436432797938,1.4335727387996562,0.0,0.0,1.4335727387996562,2935.956969061696,0.0,8.601436432797938,17615.741814370176,11909.960777217522,11909.960777217522,0.0,196485120.0
1.3449322164058686,3.837926383338573,16030,500,8.608414493472972,1.434735748912162,0.0,0.0,1.434735748912162,2938.3388137721076,0.0,8.608414493472972,17630.032882632648,11937.89438492246,11937.89438492246,0.0,196976640.0
1.9934820383787155,7.341051132078847,16060,501,8.612340249697446,1.435390041616241,0.0,0.0,1.435390041616241,2939.6788052300617,0.0,8.612340249697446,17638.07283138037,11958.8828328643,11958.8828328643,0.0,197345280.0
1.7464120090007782,5.733992210593358,16090,502,8.606663892483205,1.4344439820805341,0.0,0.0,1.4344439820805341,2937.741275300934,0.0,8.606663892483205,17626.447651805604,11979.83577915281,11979.83577915281,0.0,197713920.0
1.292509165406227,3.6419132635280107,16120,503,8.611342584856384,1.4352237641427308,0.0,0.0,1.4352237641427308,2939.3382689643126,0.0,8.611342584856384,17636.029613785875,12000.805781789124,12000.805781789124,0.0,198082560.0
1.1483082853257656,3.15285466506689,16150,504,8.639122681018042,1.4398537801696738,0.0,0.0,1.4398537801696738,2948.820541787492,0.0,8.639122681018042,17692.92325072495,12021.773065190762,12021.773065190762,0.0,198451200.0
1.667103296518326,5.296802287634527,16190,505,8.601329116734103,1.433554852789017,0.0,0.0,1.433554852789017,2935.9203385119067,0.0,8.601329116734103,17615.522031071443,12049.820470055565,12049.820470055565,0.0,198942720.0
1.0039900839328766,2.729149668486054,16220,506,8.610627445221297,1.4351045742035495,0.0,0.0,1.4351045742035495,2939.0941679688694,0.0,8.610627445221297,17634.565007813217,12070.772512577474,12070.772512577474,0.0,199311360.0
1.7318197995424272,5.6509281134913065,16250,507,8.596134869466214,1.4326891449110357,0.0,0.0,1.4326891449110357,2934.147368777801,0.0,8.596134869466214,17604.884212666806,12091.74529970996,12091.74529970996,0.0,199680000.0
1.4773393452167511,4.381273104214716,16280,508,8.605403251826127,1.4342338753043544,0.0,0.0,1.4342338753043544,2937.310976623318,0.0,8.605403251826127,17623.865859739908,12112.857210872695,12112.857210872695,0.0,200048640.0
1.124925871193409,3.079988524581789,16310,509,8.618508429320602,1.4364180715534338,0.0,0.0,1.4364180715534338,2941.7842105414325,0.0,8.618508429320602,17650.705263248594,12133.858178781345,12133.858178781345,0.0,200417280.0
1.3761092841625213,3.9594664611742956,16350,510,8.624090024571434,1.4373483374285725,0.0,0.0,1.4373483374285725,2943.6893950537165,0.0,8.624090024571434,17662.136370322296,12161.820009913296,12161.820009913296,0.0,200908800.0
1.542698585987091,4.6771950688449735,16380,511,8.638996999460735,1.4398328332434558,0.0,0.0,1.4398328332434558,2948.7776424825975,0.0,8.638996999460735,17692.665854895586,12182.786839783192,12182.786839783192,0.0,201277440.0
1.498166623711586,4.473479975343933,16410,512,8.59882108377686,1.4331368472961434,0.0,0.0,1.4331368472961434,2935.0642632625018,0.0,8.59882108377686,17610.38557957501,12203.974009392783,12203.974009392783,0.0,201646080.0
1.0630335070192813,2.8951401097939136,16440,513,8.568580239097914,1.428096706516319,0.0,0.0,1.428096706516319,2924.7420549454214,0.0,8.568580239097914,17548.452329672527,12224.991644080728,12224.991644080728,0.0,202014720.0
1.2277874201536179,3.413668160925934,16470,514,8.615910297881268,1.435985049646878,0.0,0.0,1.435985049646878,2940.897381676806,0.0,8.615910297881268,17645.384290060836,12246.014517294243,12246.014517294243,0.0,202383360.0
1.5573834002017974,4.746385591088239,16510,515,8.595153546312911,1.432525591052152,0.0,0.0,1.432525591052152,2933.812410474807,0.0,8.595153546312911,17602.874462848842,12274.18475325033,12274.18475325033,0.0,202874880.0
1.3532891184091569,3.8701339483101487,16540,516,8.57642227860684,1.42940371310114,0.0,0.0,1.42940371310114,2927.4188044311345,0.0,8.57642227860684,17564.512826586808,12295.193902794272,12295.193902794272,0.0,203243520.0
2.73599768280983,15.425125143816132,16570,517,8.63969862248763,1.439949770414605,0.0,0.0,1.439949770414605,2949.017129809111,0.0,8.63969862248763,17694.102778854667,12316.204046914354,12316.204046914354,0.0,203612160.0
1.6097218245267868,5.0014197619976954,16600,518,8.61310720374782,1.4355178672913034,0.0,0.0,1.4355178672913034,2939.9405922125893,0.0,8.61310720374782,17639.643553275535,12337.214786093682,12337.214786093682,0.0,203980800.0
1.0532261937856675,2.8668853420304545,16630,519,8.651139930547409,1.4418566550912346,0.0,0.0,1.4418566550912346,2952.9224296268485,0.0,8.651139930547409,17717.534577761093,12358.206282373518,12358.206282373518,0.0,204349440.0
1.5023372143507003,4.492175988662844,16670,520,8.641760508751538,1.4402934181252565,0.0,0.0,1.4402934181252565,2949.7209203205252,0.0,8.641760508751538,17698.32552192315,12443.642301430926,12443.642301430926,0.0,204840960.0
2.3701591432094573,10.699094836923235,16700,521,8.617859651624574,1.436309941937429,0.0,0.0,1.436309941937429,2941.5627610878546,0.0,8.617859651624574,17649.376566527128,12464.553304646164,12464.553304646164,0.0,205209600.0
1.572643879055977,4.819373204546462,16730,522,8.627735300174301,1.4379558833623836,0.0,0.0,1.4379558833623836,2944.9336491261615,0.0,8.627735300174301,17669.60189475697,12485.492527049035,12485.492527049035,0.0,205578240.0
1.9335447669029235,6.913975285283907,16760,523,8.599665916620141,1.4332776527700235,0.0,0.0,1.4332776527700235,2935.352632873008,0.0,8.599665916620141,17612.11579723805,12506.6398897022,12506.6398897022,0.0,205946880.0
1.6242536813020707,5.074630332063305,16790,524,8.575395089662498,1.4292325149437497,0.0,0.0,1.4292325149437497,2927.0681906047994,0.0,8.575395089662498,17562.409143628796,12527.631125761196,12527.631125761196,0.0,206315520.0
1.239943128824234,3.455416945550134,16830,525,8.596249568858275,1.432708261476379,0.0,0.0,1.432708261476379,2934.1865195036244,0.0,8.596249568858275,17605.119117021746,12555.629384769127,12555.629384769127,0.0,206807040.0
1.3783627688884734,3.9683991193917523,16860,526,8.56483716385658,1.4274728606427634,0.0,0.0,1.4274728606427634,2923.4644185963793,0.0,8.56483716385658,17540.786511578277,12576.643606163561,12576.643606163561,0.0,207175680.0
1.7664738804101945,5.850188485160013,16890,527,8.628636454019333,1.4381060756698887,0.0,0.0,1.4381060756698887,2945.241242971932,0.0,8.628636454019333,17671.447457831593,12597.808307953179,12597.808307953179,0.0,207544320.0
1.3572885692119598,3.8856433525126954,16920,528,8.59981398951264,1.43330233158544,0.0,0.0,1.43330233158544,2935.4031750869813,0.0,8.59981398951264,17612.419050521887,12618.923180470243,12618.923180470243,0.0,207912960.0
1.63374365568161,5.123017678092344,16950,529,8.604986204402442,1.434164367400407,0.0,0.0,1.434164367400407,2937.1686244360335,0.0,8.604986204402442,17623.0117466162,12639.907422792166,12639.907422792166,0.0,208281600.0
1.5908627808094025,4.907981614473736,16990,530,8.617083183637263,1.4361805306062105,0.0,0.0,1.4361805306062105,2941.297726681519,0.0,8.617083183637263,17647.786360089114,12667.838774677366,12667.838774677366,0.0,208773120.0
0.8584554001688958,2.3595133736475424,17020,531,8.621986804955457,1.4369978008259094,0.0,0.0,1.4369978008259094,2942.9714960914625,0.0,8.621986804955457,17657.828976548775,12688.805580021814,12688.805580021814,0.0,209141760.0
2.341187298297882,10.393569507225902,17050,532,8.618640087488833,1.4364400145814722,0.0,0.0,1.4364400145814722,2941.829149862855,0.0,8.618640087488833,17650.97489917713,12709.790251929313,12709.790251929313,0.0,209510400.0
1.9172967702150345,6.802544750663984,17080,533,8.619705214941964,1.4366175358236606,0.0,0.0,1.4366175358236606,2942.192713366857,0.0,8.619705214941964,17653.156280201143,12730.738136980683,12730.738136980683,0.0,209879040.0
2.048394149541855,7.755437029156869,17110,534,8.621164519077753,1.4368607531796254,0.0,0.0,1.4368607531796254,2942.6908225118727,0.0,8.621164519077753,17656.14493507124,12751.70434083417,12751.70434083417,0.0,210247680.0
1.9316308498382568,6.900755165143014,17150,535,8.590104824970684,1.4316841374951141,0.0,0.0,1.4316841374951141,2932.0891135899938,0.0,8.590104824970684,17592.53468153996,12779.632283175364,12779.632283175364,0.0,210739200.0
2.0349167227745055,7.651614893686662,17180,536,8.571834728664133,1.4286391214440222,0.0,0.0,1.4286391214440222,2925.8529207173574,0.0,8.571834728664133,17555.117524304143,12800.615004653111,12800.615004653111,0.0,211107840.0
0.9721578478813171,2.643642888176947,17210,537,8.605755953038106,1.4342926588396843,0.0,0.0,1.4342926588396843,2937.4313653036734,0.0,8.605755953038106,17624.58819182204,12823.956327348948,12823.956327348948,0.0,211476480.0
1.125206607580185,3.0808533108142933,17240,538,8.609429186529553,1.4349048644215923,0.0,0.0,1.4349048644215923,2938.685162335421,0.0,8.609429186529553,17632.110974012525,12844.944890817627,12844.944890817627,0.0,211845120.0
1.8163076281547545,6.149111674130926,17270,539,8.574351565464925,1.429058594244154,0.0,0.0,1.429058594244154,2926.7120010120275,0.0,8.574351565464925,17560.272006072166,12865.955023849383,12865.955023849383,0.0,212213760.0
1.5394560873508454,4.662053831199986,17310,540,8.607548528425465,1.4345914214042441,0.0,0.0,1.4345914214042441,2938.043231035892,0.0,8.607548528425465,17628.25938621535,12893.900065410882,12893.900065410882,0.0,212705280.0
1.7548372358083726,5.782506480364154,17340,541,8.583582958061802,1.430597159676967,0.0,0.0,1.430597159676967,2929.8629830184286,0.0,8.583582958061802,17579.17789811057,12914.8969080057,12914.8969080057,0.0,213073920.0
1.5914452075958252,4.910840987040033,17370,542,8.606605920456687,1.4344343200761145,0.0,0.0,1.4344343200761145,2937.7214875158825,0.0,8.606605920456687,17626.328925095295,12936.027367280796,12936.027367280796,0.0,213442560.0
1.8713313341140747,6.496940242270098,17400,543,8.62075242558977,1.436792070931628,0.0,0.0,1.436792070931628,2942.550161267974,0.0,8.62075242558977,17655.300967607847,12956.991778437048,12956.991778437048,0.0,213811200.0
1.9254287958145142,6.858088755258946,17430,544,8.609336477895432,1.434889412982572,0.0,0.0,1.434889412982572,2938.6535177883075,0.0,8.609336477895432,17631.921106729846,12977.984800087288,12977.984800087288,0.0,214179840.0
1.3023442447185516,3.677908487115453,17470,545,8.589159139808434,1.4315265233014056,0.0,0.0,1.4315265233014056,2931.7663197212787,0.0,8.589159139808434,17590.597918327672,13006.069482766092,13006.069482766092,0.0,214671360.0
1.0520398020744324,2.8634861098327686,17500,546,8.618935632584176,1.4364892720973625,0.0,0.0,1.4364892720973625,2941.9300292553985,0.0,8.618935632584176,17651.580175532392,13027.032523369417,13027.032523369417,0.0,215040000.0
2.2238153606653213,9.24252725466312,17530,547,8.600237010854007,1.4333728351423345,0.0,0.0,1.4333728351423345,2935.547566371501,0.0,8.600237010854007,17613.285398229007,13048.00450129062,13048.00450129062,0.0,215408640.0
1.4125221475958825,4.106299046759977,17560,548,8.618749219582536,1.436458203263756,0.0,0.0,1.436458203263756,2941.8664002841724,0.0,8.618749219582536,17651.198401705034,13068.96829549782,13068.96829549782,0.0,215777280.0
2.263607370853424,9.617721351320837,17590,549,8.585401191096658,1.4309001985161096,0.0,0.0,1.4309001985161096,2930.4836065609925,0.0,8.585401191096658,17582.901639365955,13090.11932659708,13090.11932659708,0.0,216145920.0
1.5713233709335328,4.813013383106861,17630,550,8.591440534062572,1.4319067556770955,0.0,0.0,1.4319067556770955,2932.5450356266915,0.0,8.591440534062572,17595.270213760148,13118.050328349695,13118.050328349695,0.0,216637440.0
1.960021936893463,7.099482804046327,17660,551,8.613984780079416,1.435664130013236,0.0,0.0,1.435664130013236,2940.2401382671073,0.0,8.613984780079416,17641.440829602645,13138.990708976984,13138.990708976984,0.0,217006080.0
1.0458480715751648,2.8458109519278776,17690,552,8.642414014807867,1.4404023358013112,0.0,0.0,1.4404023358013112,2949.9439837210853,0.0,8.642414014807867,17699.663902326512,13160.09957234189,13160.09957234189,0.0,217374720.0
1.533393096923828,4.633873358744327,17720,553,8.615396281451913,1.4358993802419853,0.0,0.0,1.4358993802419853,2940.721930735586,0.0,8.615396281451913,17644.331584413518,13181.070302894339,13181.070302894339,0.0,217743360.0
1.8526068687438966,6.376420366040783,17750,554,8.60983101605568,1.4349718360092798,0.0,0.0,1.4349718360092798,2938.822320147005,0.0,8.60983101605568,17632.93392088203,13202.212253365666,13202.212253365666,0.0,218112000.0
2.318794220685959,10.163412082741944,17790,555,8.604863238070635,1.4341438730117724,0.0,0.0,1.4341438730117724,2937.12665192811,0.0,8.604863238070635,17622.75991156866,13230.101258832961,13230.101258832961,0.0,218603520.0
1.038150419294834,2.82398898547216,17820,556,8.63702970081757,1.4395049501362616,0.0,0.0,1.4395049501362616,2948.1061378790637,0.0,8.63702970081757,17688.636827274382,13251.0272603333,13251.0272603333,0.0,218972160.0
1.251740925014019,3.4964246751952075,17850,557,8.625988371064228,1.4376647285107045,0.0,0.0,1.4376647285107045,2944.337363989923,0.0,8.625988371064228,17666.02418393954,13271.98940436542,13271.98940436542,0.0,219340800.0
0.8837163388729096,2.41987609603649,17880,558,8.636679167029447,1.4394465278382411,0.0,0.0,1.4394465278382411,2947.986489012718,0.0,8.636679167029447,17687.918934076308,13292.93657213822,13292.93657213822,0.0,219709440.0
1.298396223783493,3.663416653266325,17910,559,8.629962486737568,1.438327081122928,0.0,0.0,1.438327081122928,2945.6938621397567,0.0,8.629962486737568,17674.16317283854,13313.928414903581,13313.928414903581,0.0,220078080.0
0.5984426666334912,1.8192833624190612,17950,560,8.673990930424873,1.4456651550708122,0.0,0.0,1.4456651550708122,2960.7222375850233,0.0,8.673990930424873,17764.33342551014,13398.696616953239,13398.696616953239,0.0,220569600.0
1.5051105469465256,4.5046515782418,17980,561,8.62131587140454,1.4368859785674235,0.0,0.0,1.4368859785674235,2942.7424841060833,0.0,8.62131587140454,17656.4549046365,13419.595982961357,13419.595982961357,0.0,220938240.0
1.0990694284439086,3.00137173284033,18010,562,8.628052973410338,1.438008828901723,0.0,0.0,1.438008828901723,2945.0420815907287,0.0,8.628052973410338,17670.25248954437,13440.522507341579,13440.522507341579,0.0,221306880.0
2.2202273696660995,9.209424571640463,18040,563,8.575333600154579,1.42922226669243,0.0,0.0,1.42922226669243,2927.0472021860965,0.0,8.575333600154579,17562.283213116578,13461.483577482402,13461.483577482402,0.0,221675520.0
2.128627359867096,8.403324151313303,18070,564,8.616826593354954,1.4361377655591592,0.0,0.0,1.4361377655591592,2941.210143865158,0.0,8.616826593354954,17647.260863190946,13482.473034249619,13482.473034249619,0.0,222044160.0
1.1737197279930114,3.2339998927544054,18110,565,8.605479564707606,1.4342465941179343,0.0,0.0,1.4342465941179343,2937.3370247535295,0.0,8.605479564707606,17624.022148521177,13510.554902249947,13510.554902249947,0.0,222535680.0
1.3918204426765441,4.022165514039047,18140,566,8.635586331287474,1.4392643885479122,0.0,0.0,1.4392643885479122,2947.613467746124,0.0,8.635586331287474,17685.680806476747,13531.537287311628,13531.537287311628,0.0,222904320.0
0.9051744163036346,2.4723631058878923,18170,567,8.605742078021821,1.4342903463369703,0.0,0.0,1.4342903463369703,2937.426629298115,0.0,8.605742078021821,17624.55977578869,13552.697542376816,13552.697542376816,0.0,223272960.0
1.059018850326538,2.8835404161493656,18200,568,8.629968058774859,1.4383280097958098,0.0,0.0,1.4383280097958098,2945.6957640618184,0.0,8.629968058774859,17674.17458437091,13573.65653646551,13573.65653646551,0.0,223641600.0
0.8644805774092674,2.3737727744955794,18230,569,8.589844375727804,1.4316407292879672,0.0,0.0,1.4316407292879672,2932.0002135817567,0.0,8.589844375727804,17592.001281490542,13594.653128033504,13594.653128033504,0.0,224010240.0
1.4552978307008744,4.285759706357967,18270,570,8.602907076167751,1.4338178460279587,0.0,0.0,1.4338178460279587,2936.4589486652594,0.0,8.602907076167751,17618.753691991555,13625.157303685322,13625.157303685322,0.0,224501760.0
1.1683513820171356,3.2166851797121025,18300,571,8.593639390148393,1.432273231691399,0.0,0.0,1.432273231691399,2933.2955785039853,0.0,8.593639390148393,17599.77347102391,13646.133463554084,13646.133463554084,0.0,224870400.0
1.3184228777885436,3.7375221973465393,18330,572,8.607840932590248,1.4346401554317079,0.0,0.0,1.4346401554317079,2938.1430383241377,0.0,8.607840932590248,17628.858229944828,13667.127478463575,13667.127478463575,0.0,225239040.0
1.292324423789978,3.641240512729916,18360,573,8.59550197885639,1.4325836631427318,0.0,0.0,1.4325836631427318,2933.9313421163147,0.0,8.59550197885639,17603.588052697887,13688.0929081887,13688.0929081887,0.0,225607680.0
1.9071564942598342,6.733913627044019,18390,574,8.599891305356385,1.4333152175593975,0.0,0.0,1.4333152175593975,2935.429565561646,0.0,8.599891305356385,17612.577393369877,13709.069004708901,13709.069004708901,0.0,225976320.0
0.8861198395490646,2.425699265061589,18430,575,8.618895667318995,1.4364826112198323,0.0,0.0,1.4364826112198323,2941.9163877782166,0.0,8.618895667318995,17651.4983266693,13736.979400873184,13736.979400873184,0.0,226467840.0
1.1966203421354293,3.308915003457062,18460,576,8.641084211107186,1.4401807018511976,0.0,0.0,1.4401807018511976,2949.4900773912527,0.0,8.641084211107186,17696.940464347517,13757.941902738065,13757.941902738065,0.0,226836480.0
2.183946821093559,8.881290038810475,18490,577,8.627087339173464,1.437847889862244,0.0,0.0,1.437847889862244,2944.7124784378757,0.0,8.627087339173464,17668.274870627254,13778.917030073702,13778.917030073702,0.0,227205120.0
1.7810451567173005,5.936057287735222,18520,578,8.636459000877993,1.4394098334796654,0.0,0.0,1.4394098334796654,2947.911338966355,0.0,8.636459000877993,17687.46803379813,13799.882654974237,13799.882654974237,0.0,227573760.0
1.345912291109562,3.8416896817570763,18550,579,8.600924670057006,1.433487445009501,0.0,0.0,1.433487445009501,2935.782287379458,0.0,8.600924670057006,17614.69372427675,13820.870123544708,13820.870123544708,0.0,227942400.0
1.1798107892274856,3.253758498483481,18590,580,8.637558507904993,1.4395930846508322,0.0,0.0,1.4395930846508322,2948.2866373649044,0.0,8.637558507904993,17689.719824189426,13848.802335057408,13848.802335057408,0.0,228433920.0
2.1752961039543153,8.804791869924012,18620,581,8.605961462557104,1.4343269104261842,0.0,0.0,1.4343269104261842,2937.5015125528253,0.0,8.605961462557104,17625.00907531695,13869.7753487695,13869.7753487695,0.0,228802560.0
1.3190324127674102,3.739801042307415,18650,582,8.615712781667515,1.4359521302779192,0.0,0.0,1.4359521302779192,2940.8299628091786,0.0,8.615712781667515,17644.97977685507,13890.76055905968,13890.76055905968,0.0,229171200.0
1.2553623974323274,3.509109836335829,18680,583,8.616689124508628,1.4361148540847715,0.0,0.0,1.4361148540847715,2941.163221165612,0.0,8.616689124508628,17646.97932699367,13911.901914538816,13911.901914538816,0.0,229539840.0
1.105439442396164,3.020551535605049,18710,584,8.606995309246026,1.4344992182076708,0.0,0.0,1.4344992182076708,2937.85439888931,0.0,8.606995309246026,17627.12639333586,13932.861590709537,13932.861590709537,0.0,229908480.0
1.3426077336072921,3.829015550029939,18750,585,8.601749909800102,1.4336249849666836,0.0,0.0,1.4336249849666836,2936.063969211768,0.0,8.601749909800102,17616.38381527061,13960.970949141309,13960.970949141309,0.0,230400000.0
1.6763579964637756,5.346050139016841,18780,586,8.602810383890327,1.433801730648388,0.0,0.0,1.433801730648388,2936.4259443678984,0.0,8.602810383890327,17618.55566620739,13981.946904571727,13981.946904571727,0.0,230768640.0
0.7989235453307628,2.223146523533823,18810,587,8.607548240918854,1.4345913734864757,0.0,0.0,1.4345913734864757,2938.043132900302,0.0,8.607548240918854,17628.258797401813,14002.927603920922,14002.927603920922,0.0,231137280.0
1.1773131251335145,3.2456418432700387,18840,588,8.638786121228845,1.4397976868714741,0.0,0.0,1.4397976868714741,2948.705662712779,0.0,8.638786121228845,17692.233976276675,14023.889268010855,14023.889268010855,0.0,231505920.0
1.0786092683672905,2.9405871384491107,18870,589,8.63921838402767,1.4398697306712782,0.0,0.0,1.4398697306712782,2948.853208414778,0.0,8.63921838402767,17693.119250488668,14044.892839452252,14044.892839452252,0.0,231874560.0
1.1749559879302978,3.238000429601207,18910,590,8.617429143115821,1.4362381905193033,0.0,0.0,1.4362381905193033,2941.4158141835333,0.0,8.617429143115821,17648.4948851012,14072.840119741857,14072.840119741857,0.0,232366080.0
1.2343178302049638,3.4360337625869097,18940,591,8.608591659838824,1.434765276639804,0.0,0.0,1.434765276639804,2938.3992865583186,0.0,8.608591659838824,17630.39571934991,14093.961756525561,14093.961756525561,0.0,232734720.0
2.045413148403168,7.7323524871597344,18970,592,8.60894493307277,1.4348241555121284,0.0,0.0,1.4348241555121284,2938.519870488839,0.0,8.60894493307277,17631.119222933034,14114.94295087643,14114.94295087643,0.0,233103360.0
1.1330608159303666,3.105146250636206,19000,593,8.620998509487926,1.4368330849146544,0.0,0.0,1.4368330849146544,2942.6341579052123,0.0,8.620998509487926,17655.804947431272,14135.916405733675,14135.916405733675,0.0,233472000.0
1.0293709844350816,2.7993044747101914,19030,594,8.615201208155538,1.4358668680259232,0.0,0.0,1.4358668680259232,2940.6553457170908,0.0,8.615201208155538,17643.932074302542,14156.891427621245,14156.891427621245,0.0,233840640.0
1.1128171358257533,3.0429186462114326,19070,595,8.636856653479226,1.4394761089132044,0.0,0.0,1.4394761089132044,2948.0470710542427,0.0,8.636856653479226,17688.282426325455,14184.938203185797,14184.938203185797,0.0,234332160.0
1.471204762905836,4.3544780958540175,19100,596,8.607044719815475,1.4345074533025792,0.0,0.0,1.4345074533025792,2937.8712643636823,0.0,8.607044719815475,17627.227586182093,14206.048049788922,14206.048049788922,0.0,234700800.0
1.0045095562934876,2.7305677546031855,19130,597,8.628264460412712,1.4380440767354519,0.0,0.0,1.4380440767354519,2945.1142691542054,0.0,8.628264460412712,17670.685614925234,14227.030370948836,14227.030370948836,0.0,235069440.0
1.6903708755970002,5.42149103104052,19160,598,8.60041408188659,1.4334023469810986,0.0,0.0,1.4334023469810986,2935.60800661729,0.0,8.60041408188659,17613.648039703738,14248.023859502748,14248.023859502748,0.0,235438080.0
1.6143016159534453,5.024377752621465,19190,599,8.612576343233384,1.435429390538897,0.0,0.0,1.435429390538897,2939.759391823661,0.0,8.612576343233384,17638.55635094197,14269.045933321118,14269.045933321118,0.0,235806720.0
1.343780967593193,3.8335105175144846,19230,600,8.598022350383964,1.4330037250639938,0.0,0.0,1.4330037250639938,2934.791628931059,0.0,8.598022350383964,17608.749773586358,14353.968255037442,14353.968255037442,0.0,236298240.0
1.4610961437225343,4.310682066669201,19260,601,8.61045807805347,1.4350763463422451,0.0,0.0,1.4350763463422451,2939.036357308918,0.0,8.61045807805347,17634.218143853508,14374.882571769878,14374.882571769878,0.0,236666880.0
1.0909027814865113,2.976960404534521,19290,602,8.58625794489965,1.4310429908166082,0.0,0.0,1.4310429908166082,2930.7760451924137,0.0,8.58625794489965,17584.656271154483,14395.857549920678,14395.857549920678,0.0,237035520.0
1.6058239936828613,4.981963017968454,19320,603,8.58675623280295,1.4311260388004914,0.0,0.0,1.4311260388004914,2930.9461274634064,0.0,8.58675623280295,17585.67676478044,14416.873981019482,14416.873981019482,0.0,237404160.0
2.6085072100162505,13.578765469605546,19350,604,8.579339302426527,1.4298898837377545,0.0,0.0,1.4298898837377545,2928.414481894921,0.0,8.579339302426527,17570.486891369528,14437.91206352599,14437.91206352599,0.0,237772800.0
1.76790808737278,5.858584885866796,19390,605,8.576330484966634,1.4293884141611057,0.0,0.0,1.4293884141611057,2927.3874722019445,0.0,8.576330484966634,17564.324833211667,14466.063866697252,14466.063866697252,0.0,238264320.0
1.430205488204956,4.179557953548916,19420,606,8.564918304235789,1.4274863840392984,0.0,0.0,1.4274863840392984,2923.492114512483,0.0,8.564918304235789,17540.952687074896,14487.082551073283,14487.082551073283,0.0,238632960.0
0.6413193732500077,1.8989846968179729,19450,607,8.617697746237981,1.43628295770633,0.0,0.0,1.43628295770633,2941.507497382564,0.0,8.617697746237981,17649.044984295386,14508.079673955217,14508.079673955217,0.0,239001600.0
1.6787671267986297,5.358944997038495,19480,608,8.602889476793756,1.4338149127989595,0.0,0.0,1.4338149127989595,2936.452941412269,0.0,8.602889476793756,17618.717648473612,14529.075271092355,14529.075271092355,0.0,239370240.0
1.5343927711248397,4.638508038590784,19510,609,8.61278450451359,1.4354640840855983,0.0,0.0,1.4354640840855983,2939.8304442073054,0.0,8.61278450451359,17638.98266524383,14550.095369232818,14550.095369232818,0.0,239738880.0
1.194436678290367,3.3016973287533324,19550,610,8.608953296486323,1.4348255494143871,0.0,0.0,1.4348255494143871,2938.522725200665,0.0,8.608953296486323,17631.13635120399,14578.041564503685,14578.041564503685,0.0,240230400.0
2.3243037104606628,10.21956183389487,19580,611,8.603232470778362,1.4338720784630605,0.0,0.0,1.4338720784630605,2936.570016692348,0.0,8.603232470778362,17619.420100154086,14599.310880525038,14599.310880525038,0.0,240599040.0
1.4192492306232452,4.134015582578774,19610,612,8.622954760094656,1.4371591266824426,0.0,0.0,1.4371591266824426,2943.3018914456425,0.0,8.622954760094656,17659.811348673855,14620.286786662415,14620.286786662415,0.0,240967680.0
1.351322489976883,3.862530312064977,19640,613,8.598137260803538,1.4330228768005897,0.0,0.0,1.4330228768005897,2934.8308516876077,0.0,8.598137260803538,17608.985110125646,14641.26574542746,14641.26574542746,0.0,241336320.0
1.0411088541150093,2.8323559432656746,19670,614,8.625018349138301,1.4375030581897168,0.0,0.0,1.4375030581897168,2944.00626317254,0.0,8.625018349138301,17664.03757903524,14662.250248325989,14662.250248325989,0.0,241704960.0
1.4946851015090943,4.457932535569956,19710,615,8.602821641760215,1.4338036069600357,0.0,0.0,1.4338036069600357,2936.429787054153,0.0,8.602821641760215,17618.57872232492,14692.478148641065,14692.478148641065,0.0,242196480.0
1.4563879042863845,4.2904340470325,19740,616,8.617781920141105,1.4362969866901842,0.0,0.0,1.4362969866901842,2941.5362287414973,0.0,8.617781920141105,17649.217372448984,14713.432709641755,14713.432709641755,0.0,242565120.0
0.9622614413499833,2.6176093551193746,19770,617,8.591113464589611,1.4318522440982684,0.0,0.0,1.4318522440982684,2932.4333959132537,0.0,8.591113464589611,17594.600375479524,14734.414789745584,14734.414789745584,0.0,242933760.0
0.9712317228317261,2.6411956776624286,19800,618,8.588731402343667,1.4314552337239443,0.0,0.0,1.4314552337239443,2931.620318666638,0.0,8.588731402343667,17589.72191199983,14755.40047206916,14755.40047206916,0.0,243302400.0
2.7981191743165255,16.413746325379478,19830,619,8.569002837411638,1.4281671395686064,0.0,0.0,1.4281671395686064,2924.886301836506,0.0,8.569002837411638,17549.317811019035,14776.439990006387,14776.439990006387,0.0,243671040.0
1.0869065523147583,2.9650875276918276,19870,620,8.621716030605747,1.4369526717676244,0.0,0.0,1.4369526717676244,2942.879071780095,0.0,8.621716030605747,17657.27443068057,14804.424192406237,14804.424192406237,0.0,244162560.0
1.1095162063837052,3.0328907462629315,19900,621,8.593917620728957,1.4323196034548262,0.0,0.0,1.4323196034548262,2933.390547875484,0.0,8.593917620728957,17600.343287252905,14825.411036105826,14825.411036105826,0.0,244531200.0
1.2095031201839448,3.3518187876133263,19930,622,8.60424952782878,1.4340415879714632,0.0,0.0,1.4340415879714632,2936.9171721655566,0.0,8.60424952782878,17621.50303299334,14846.3962002974,14846.3962002974,0.0,244899840.0
1.7052168145775795,5.502578577136492,19960,623,8.607482988915534,1.434580498152589,0.0,0.0,1.434580498152589,2938.020860216502,0.0,8.607482988915534,17628.125161299013,14867.366580601782,14867.366580601782,0.0,245268480.0
1.265617734193802,3.545282101797291,19990,624,8.610237750742273,1.4350396251237123,0.0,0.0,1.4350396251237123,2938.961152253363,0.0,8.610237750742273,17633.766913520176,14888.322749312967,14888.322749312967,0.0,245637120.0
1.802419912815094,6.064304811437071,20030,625,8.61214429014984,1.43535738169164,0.0,0.0,1.43535738169164,2939.611917704479,0.0,8.61214429014984,17637.671506226874,14916.41528896615,14916.41528896615,0.0,246128640.0
2.508539980649948,12.28697773308276,20060,626,8.599460822448258,1.433243470408043,0.0,0.0,1.433243470408043,2935.282627395672,0.0,8.599460822448258,17611.69576437403,14937.38042268902,14937.38042268902,0.0,246497280.0
0.7839091092348098,2.1900165683026898,20090,627,8.615643015970788,1.435940502661798,0.0,0.0,1.435940502661798,2940.806149451362,0.0,8.615643015970788,17644.836896708173,14958.518251247704,14958.518251247704,0.0,246865920.0
0.9125600129365921,2.4906905788705243,20120,628,8.602649204292153,1.4337748673820256,0.0,0.0,1.4337748673820256,2936.3709283983885,0.0,8.602649204292153,17618.22557039033,14979.496283173561,14979.496283173561,0.0,247234560.0
1.688708519935608,5.412486071528308,20150,629,8.602391416794424,1.4337319027990707,0.0,0.0,1.4337319027990707,2936.282936932497,0.0,8.602391416794424,17617.69762159498,15000.508119180799,15000.508119180799,0.0,247603200.0
2.2731646835803985,9.710081576743946,20190,630,8.598760095666883,1.433126682611147,0.0,0.0,1.433126682611147,2935.043445987629,0.0,8.598760095666883,17610.260675925776,15028.628461597487,15028.628461597487,0.0,248094720.0
1.6576365754008293,5.246895536923145,20220,631,8.59555379203231,1.4325922986720518,0.0,0.0,1.4325922986720518,2933.949027680362,0.0,8.59555379203231,17603.694166082172,15049.732226366177,15049.732226366177,0.0,248463360.0
2.1324157774448396,8.435219831169215,20250,632,8.627710077277056,1.437951679546176,0.0,0.0,1.437951679546176,2944.9250397105684,0.0,8.627710077277056,17669.55023826341,15070.739539049566,15070.739539049566,0.0,248832000.0
0.7661477476358414,2.1514622938714694,20280,633,8.637502782440036,1.4395837970733392,0.0,0.0,1.4395837970733392,2948.2676164061986,0.0,8.637502782440036,17689.605698437193,15091.706653317437,15091.706653317437,0.0,249200640.0
1.2440981239080429,3.469804054456564,20310,634,8.618625882648324,1.436437647108054,0.0,0.0,1.436437647108054,2941.8243012772946,0.0,8.618625882648324,17650.945807663767,15112.694362314418,15112.694362314418,0.0,249569280.0
1.5753797233104705,4.832576311625437,20350,635,8.612797630790299,1.435466271798383,0.0,0.0,1.435466271798383,2939.8349246430885,0.0,8.612797630790299,17639.00954785853,15140.646485345438,15140.646485345438,0.0,250060800.0
0.8552546054124832,2.351973129438087,20380,636,8.601184895970944,1.4335308159951574,0.0,0.0,1.4335308159951574,2935.8711111580824,0.0,8.601184895970944,17615.226666948492,15161.608500657603,15161.608500657603,0.0,250429440.0
1.0171419830992818,2.765280241766329,20410,637,8.622876382690094,1.4371460637816824,0.0,0.0,1.4371460637816824,2943.2751386248856,0.0,8.622876382690094,17659.650831749314,15182.559908768162,15182.559908768162,0.0,250798080.0
1.6031488806009293,4.9686535136770615,20440,638,8.61116672096633,1.4351944534943881,0.0,0.0,1.4351944534943881,2939.278240756507,0.0,8.61116672096633,17635.669444539042,15203.688632378355,15203.688632378355,0.0,251166720.0
1.6215148627758027,5.06075085585515,20470,639,8.613712423566659,1.4356187372611098,0.0,0.0,1.4356187372611098,2940.147173910753,0.0,8.613712423566659,17640.883043464517,15224.702727973461,15224.702727973461,0.0,251535360.0
1.7710215717554092,5.876853923837445,20510,640,8.612568513921984,1.435428085653664,0.0,0.0,1.435428085653664,2939.756719418704,0.0,8.612568513921984,17638.540316512222,15309.203887812793,15309.203887812793,0.0,252026880.0
0.9495731920003891,2.584606293228065,20540,641,8.632054645093703,1.438675774182284,0.0,0.0,1.438675774182284,2946.4079855253176,0.0,8.632054645093703,17678.447913151904,15330.101612551138,15330.101612551138,0.0,252395520.0
1.7121050529181958,5.540612492816456,20570,642,8.616383085375032,1.4360638475625056,0.0,0.0,1.4360638475625056,2941.0587598080115,0.0,8.616383085375032,17646.352558848066,15351.023909466341,15351.023909466341,0.0,252764160.0
1.1009674966335297,3.007073950939123,20600,643,8.589392635682259,1.4315654392803765,0.0,0.0,1.4315654392803765,2931.846019646211,0.0,8.589392635682259,17591.076117877266,15372.020095108077,15372.020095108077,0.0,253132800.0
0.9639019697904587,2.6219071420694657,20630,644,8.620684285490201,1.4367807142483668,0.0,0.0,1.4367807142483668,2942.5269027806553,0.0,8.620684285490201,17655.16141668393,15393.023405335844,15393.023405335844,0.0,253501440.0
1.967060148715973,7.149626722616021,20670,645,8.615316128898996,1.4358860214831661,0.0,0.0,1.4358860214831661,2940.6945719975242,0.0,8.615316128898996,17644.167431985145,15420.993720177561,15420.993720177561,0.0,253992960.0
1.6504054516553879,5.209091433818626,20700,646,8.610195000770855,1.4350325001284756,0.0,0.0,1.4350325001284756,2938.946560263118,0.0,8.610195000770855,17633.67936157871,15441.987239381298,15441.987239381298,0.0,254361600.0
1.5065907925367354,4.511324506443761,20730,647,8.644165945388211,1.4406943242313686,0.0,0.0,1.4406943242313686,2950.541976025843,0.0,8.644165945388211,17703.251856155057,15462.969162313268,15462.969162313268,0.0,254730240.0
1.837869766354561,6.28313943975004,20760,648,8.614782899499659,1.4357971499166098,0.0,0.0,1.4357971499166098,2940.512563029217,0.0,8.614782899499659,17643.0753781753,15484.100265856832,15484.100265856832,0.0,255098880.0
1.7393785893917084,5.693804132820084,20790,649,8.577852229649087,1.4296420382748478,0.0,0.0,1.4296420382748478,2927.9068943868883,0.0,8.577852229649087,17567.44136632133,15507.434890417382,15507.434890417382,0.0,255467520.0
3.7668642565608024,43.24424913503537,20830,650,8.611386554828918,1.4352310924714866,0.0,0.0,1.4352310924714866,2939.3532773816046,0.0,8.611386554828918,17636.119664289625,15535.408050859347,15535.408050859347,0.0,255959040.0
1.4397995710372924,4.219849952082793,20860,651,8.61021590965404,1.4350359849423397,0.0,0.0,1.4350359849423397,2938.953697161912,0.0,8.61021590965404,17633.722182971473,15556.406218204647,15556.406218204647,0.0,256327680.0
2.8553226709365847,17.38004433816306,20890,652,8.587522849182974,1.4312538081971624,0.0,0.0,1.4312538081971624,2931.2077991877886,0.0,8.587522849182974,17587.24679512673,15577.513201024383,15577.513201024383,0.0,256696320.0
0.9812738299369812,2.667852468704594,20920,653,8.64085257855305,1.4401420964255083,0.0,0.0,1.4401420964255083,2949.411013479441,0.0,8.64085257855305,17696.466080876646,15598.63599007763,15598.63599007763,0.0,257064960.0
2.293026530742645,9.904869755971374,20950,654,8.59393192766253,1.432321987943755,0.0,0.0,1.432321987943755,2933.39543130881,0.0,8.59393192766253,17600.37258785286,15619.621873104945,15619.621873104945,0.0,257433600.0
1.2803658723831177,3.5979558774740266,20990,655,8.61684263628279,1.436140439380465,0.0,0.0,1.436140439380465,2941.2156198511925,0.0,8.61684263628279,17647.293719107154,15647.564255600795,15647.564255600795,0.0,257925120.0
1.814285323023796,6.136688859636058,21020,656,8.603515642939778,1.4339192738232962,0.0,0.0,1.4339192738232962,2936.6666727901106,0.0,8.603515642939778,17620.000036740665,15668.539851643145,15668.539851643145,0.0,258293760.0
1.1902917891740799,3.2880404820399276,21050,657,8.60595580651686,1.43432596775281,0.0,0.0,1.43432596775281,2937.499581957755,0.0,8.60595580651686,17624.99749174653,15689.512618251145,15689.512618251145,0.0,258662400.0
2.139662927389145,8.496573184043827,21080,658,8.595666778574182,1.4326111297623638,0.0,0.0,1.4326111297623638,2933.987593753321,0.0,8.595666778574182,17603.925562519926,15710.50439072214,15710.50439072214,0.0,259031040.0
1.540104368329048,4.66507713188639,21110,659,8.622618662530797,1.4371031104217995,0.0,0.0,1.4371031104217995,2943.1871701438454,0.0,8.622618662530797,17659.123020863073,15731.519595976919,15731.519595976919,0.0,259399680.0
1.034969612956047,2.8150206941668325,21150,660,8.585859628542165,1.4309766047570276,0.0,0.0,1.4309766047570276,2930.6400865423925,0.0,8.585859628542165,17583.840519254354,15759.509161913767,15759.509161913767,0.0,259891200.0
1.5792801082134247,4.851462026149218,21180,661,8.596842602066577,1.4328071003444294,0.0,0.0,1.4328071003444294,2934.3889415053914,0.0,8.596842602066577,17606.33364903235,15780.49236240983,15780.49236240983,0.0,260259840.0
1.1759691417217255,3.2412826844468086,21210,662,8.599291836885111,1.4332153061475184,0.0,0.0,1.4332153061475184,2935.2249469901176,0.0,8.599291836885111,17611.34968194071,15801.486503459513,15801.486503459513,0.0,260628480.0
1.3165644615888596,3.7305827757123327,21240,663,8.615584220093325,1.4359307033488873,0.0,0.0,1.4359307033488873,2940.786080458521,0.0,8.615584220093325,17644.71648275113,15822.477868357673,15822.477868357673,0.0,260997120.0
1.2980804234743117,3.6622599278113053,21270,664,8.618809315476966,1.4364682192461609,0.0,0.0,1.4364682192461609,2941.8869130161374,0.0,8.618809315476966,17651.321478096826,15843.445060353726,15843.445060353726,0.0,261365760.0
1.6471551023423672,5.192187553694958,21310,665,8.59175982545732,1.4319599709095534,0.0,0.0,1.4319599709095534,2932.6540204227654,0.0,8.59175982545732,17595.92412253659,15871.480160642415,15871.480160642415,0.0,261857280.0
1.7706599295139314,5.874728989467765,21340,666,8.61492283040372,1.4358204717339536,0.0,0.0,1.4358204717339536,2940.560326111137,0.0,8.61492283040372,17643.36195666682,15892.462045023218,15892.462045023218,0.0,262225920.0
1.3585469901561738,3.890536205477864,21370,667,8.585005047761555,1.4308341746269257,0.0,0.0,1.4308341746269257,2930.348389635944,0.0,8.585005047761555,17582.090337815665,15913.460842113942,15913.460842113942,0.0,262594560.0
1.0482337951660157,2.852608375413716,21400,668,8.591552644837304,1.4319254408062174,0.0,0.0,1.4319254408062174,2932.5833027711333,0.0,8.591552644837304,17595.499816626798,15934.564800752327,15934.564800752327,0.0,262963200.0
1.5891128063201905,4.899400282600779,21430,669,8.623240040025363,1.4372066733375606,0.0,0.0,1.4372066733375606,2943.399266995324,0.0,8.623240040025363,17660.395601971944,15955.555731769651,15955.555731769651,0.0,263331840.0
1.0530401587486267,2.866352050516649,21470,670,8.614579410499674,1.4357632350832792,0.0,0.0,1.4357632350832792,2940.443105450556,0.0,8.614579410499674,17642.658632703333,15983.525801422074,15983.525801422074,0.0,263823360.0
1.3810883909463882,3.9792302296172744,21500,671,8.58200698021604,1.4303344967026732,0.0,0.0,1.4303344967026732,2929.3250492470747,0.0,8.58200698021604,17575.95029548245,16004.53000057675,16004.53000057675,0.0,264192000.0
1.7388031780719757,5.690528795893062,21530,672,8.618366145249293,1.4363943575415488,0.0,0.0,1.4363943575415488,2941.735644245092,0.0,8.618366145249293,17650.413865470553,16025.49538402073,16025.49538402073,0.0,264560640.0
1.0131084620952606,2.754148890190947,21560,673,8.591350343440395,1.4318917239067326,0.0,0.0,1.4318917239067326,2932.5142505609883,0.0,8.591350343440395,17595.085503365928,16046.435431173071,16046.435431173071,0.0,264929280.0
1.033932901918888,2.8121038433703114,21590,674,8.616814768648974,1.4361357947748288,0.0,0.0,1.4361357947748288,2941.2061076988493,0.0,8.616814768648974,17647.236646193098,16067.65344749391,16067.65344749391,0.0,265297920.0
2.032672093808651,7.63445911863861,21630,675,8.609624965007972,1.4349374941679953,0.0,0.0,1.4349374941679953,2938.7519880560544,0.0,8.609624965007972,17632.511928336327,16095.585895832628,16095.585895832628,0.0,265789440.0
1.2745790988206864,3.5771954474106256,21660,676,8.589291918273897,1.4315486530456494,0.0,0.0,1.4315486530456494,2931.81164143749,0.0,8.589291918273897,17590.86984862494,16116.577703554183,16116.577703554183,0.0,266158080.0
1.6190453842282295,5.048268858537578,21690,677,8.611916290162092,1.4353193816936822,0.0,0.0,1.4353193816936822,2939.534093708661,0.0,8.611916290162092,17637.204562251965,16137.545770790428,16137.545770790428,0.0,266526720.0
0.7754517525434494,2.171572919218657,21720,678,8.597583426363542,1.4329305710605904,0.0,0.0,1.4329305710605904,2934.641809532089,0.0,8.597583426363542,17607.850857192534,16158.534089241177,16158.534089241177,0.0,266895360.0
0.8868300411850214,2.427422612537637,21750,679,8.607499169572085,1.4345831949286807,0.0,0.0,1.4345831949286807,2938.026383213938,0.0,8.607499169572085,17628.15829928363,16179.529582830146,16179.529582830146,0.0,267264000.0
1.752971535921097,5.771728116398262,21790,680,8.637055997209394,1.4395093328682322,0.0,0.0,1.4395093328682322,2948.1151137141396,0.0,8.637055997209394,17688.69068228484,16264.285537553951,16264.285537553951,0.0,267755520.0
1.726743644475937,5.6223158078064515,21820,681,8.605064118994786,1.4341773531657978,0.0,0.0,1.4341773531657978,2937.195219283554,0.0,8.605064118994786,17623.171315701322,16285.221655549482,16285.221655549482,0.0,268124160.0
1.3510958194732665,3.861654889593882,21850,682,8.580480652738736,1.4300801087897892,0.0,0.0,1.4300801087897892,2928.8040628014883,0.0,8.580480652738736,17572.82437680893,16306.214662399143,16306.214662399143,0.0,268492800.0
2.075656682252884,7.969778353004636,21880,683,8.623163446448634,1.437193907741439,0.0,0.0,1.437193907741439,2943.373123054467,0.0,8.623163446448634,17660.238738326803,16327.232412574813,16327.232412574813,0.0,268861440.0
1.5429725408554078,4.678476584734894,21910,684,8.579058450613628,1.4298430751022715,0.0,0.0,1.4298430751022715,2928.318617809452,0.0,8.579058450613628,17569.91170685671,16348.26644160971,16348.26644160971,0.0,269230080.0
1.759867799282074,5.811669036795981,21950,685,8.584018246272159,1.4306697077120263,0.0,0.0,1.4306697077120263,2930.01156139423,0.0,8.584018246272159,17580.06936836538,16376.491633869708,16376.491633869708,0.0,269721600.0
1.7493009209632873,5.750581159752958,21980,686,8.592575606038272,1.432095934339712,0.0,0.0,1.432095934339712,2932.93247352773,0.0,8.592575606038272,17597.59484116638,16397.52141022496,16397.52141022496,0.0,270090240.0
1.5502095662988722,4.712457651425634,22010,687,8.606068422896678,1.4343447371494464,0.0,0.0,1.4343447371494464,2937.5380216820663,0.0,8.606068422896678,17625.228130092397,16418.534433616325,16418.534433616325,0.0,270458880.0
1.412689708173275,4.106987158247768,22040,688,8.607164298731009,1.4345273831218348,0.0,0.0,1.4345273831218348,2937.9120806335177,0.0,8.607164298731009,17627.472483801106,16442.2466669064,16442.2466669064,0.0,270827520.0
2.5873314440250397,13.294247781273823,22070,689,8.62685989887307,1.4378099831455116,0.0,0.0,1.4378099831455116,2944.6348454820077,0.0,8.62685989887307,17667.809072892047,16463.238889457658,16463.238889457658,0.0,271196160.0
1.6557328790426253,5.236916542499006,22110,690,8.643816316588255,1.440636052764709,0.0,0.0,1.440636052764709,2950.422636062124,0.0,8.643816316588255,17702.535816372747,16491.12899748981,16491.12899748981,0.0,271687680.0
1.6148412704467774,5.027089912400649,22140,691,8.607480792398972,1.4345801320664953,0.0,0.0,1.4345801320664953,2938.0201104721823,0.0,8.607480792398972,17628.120662833095,16512.083808645606,16512.083808645606,0.0,272056320.0
1.7066665410995483,5.510561596438224,22170,692,8.595178200793889,1.432529700132315,0.0,0.0,1.432529700132315,2933.820825870981,0.0,8.595178200793889,17602.924955225884,16533.085087599233,16533.085087599233,0.0,272424960.0
1.2193931460380554,3.385132828901935,22200,693,8.58959790266781,1.4315996504446349,0.0,0.0,1.4315996504446349,2931.9160841106122,0.0,8.58959790266781,17591.496504663675,16554.07444638945,16554.07444638945,0.0,272793600.0
1.6928988993167877,5.43521402768559,22230,694,8.56742000623141,1.4279033343719019,0.0,0.0,1.4279033343719019,2924.346028793655,0.0,8.56742000623141,17546.07617276193,16575.079041833058,16575.079041833058,0.0,273162240.0
1.7526393949985504,5.769811407623325,22270,695,8.588546831700143,1.4314244719500238,0.0,0.0,1.4314244719500238,2931.5573185536487,0.0,8.588546831700143,17589.343911321892,16603.063956927508,16603.063956927508,0.0,273653760.0
1.5673179298639297,4.7937736990666675,22300,696,8.626011262414933,1.437668543735822,0.0,0.0,1.437668543735822,2944.3451775709636,0.0,8.626011262414933,17666.071065425782,16624.176758138463,16624.176758138463,0.0,274022400.0
1.7985423669219016,6.040835721861881,22330,697,8.579539370432297,1.4299232284053827,0.0,0.0,1.4299232284053827,2928.4827717742237,0.0,8.579539370432297,17570.896630645344,16645.18764304556,16645.18764304556,0.0,274391040.0
1.570223367214203,4.8077219613096425,22360,698,8.649163742405882,1.4415272904009804,0.0,0.0,1.4415272904009804,2952.247890741208,0.0,8.649163742405882,17713.487344447247,16666.18710098602,16666.18710098602,0.0,274759680.0
1.4737185418605805,4.365438060943653,22390,699,8.60858187075242,1.4347636451254033,0.0,0.0,1.4347636451254033,2938.395945216826,0.0,8.60858187075242,17630.375671300957,16687.205058729276,16687.205058729276,0.0,275128320.0
1.3688730984926223,3.9309184406660433,22430,700,8.636915323218389,1.4394858872030647,0.0,0.0,1.4394858872030647,2948.0670969918765,0.0,8.636915323218389,17688.40258195126,16715.17036622204,16715.17036622204,0.0,275619840.0
1.2666138797998427,3.548815478571863,22460,701,8.612530887371088,1.4354218145618478,0.0,0.0,1.4354218145618478,2939.7438762226643,0.0,8.612530887371088,17638.46325733599,16736.14062310569,16736.14062310569,0.0,275988480.0
1.485949243605137,4.419158280175004,22490,702,8.59238141581451,1.4320635693024184,0.0,0.0,1.4320635693024184,2932.866189931353,0.0,8.59238141581451,17597.197139588116,16757.13819239661,16757.13819239661,0.0,276357120.0
1.452116745710373,4.272148001955871,22520,703,8.608778841576314,1.4347964735960521,0.0,0.0,1.4347964735960521,2938.4631779247147,0.0,8.608778841576314,17630.77906754829,16778.13569270447,16778.13569270447,0.0,276725760.0
1.6710792005062103,5.317903785941232,22550,704,8.590539915804627,1.4317566526341046,0.0,0.0,1.4317566526341046,2932.237624594646,0.0,8.590539915804627,17593.425747567875,16799.121537085623,16799.121537085623,0.0,277094400.0
1.9191967725753785,6.815481888150539,22590,705,8.609993293375577,1.4349988822292628,0.0,0.0,1.4349988822292628,2938.87771080553,0.0,8.609993293375577,17633.266264833183,16827.31385836564,16827.31385836564,0.0,277585920.0
1.535170003771782,4.642114639874052,22620,706,8.595381416440548,1.4325635694067578,0.0,0.0,1.4325635694067578,2933.89019014504,0.0,8.595381416440548,17603.34114087024,16848.269412636757,16848.269412636757,0.0,277954560.0
1.0814422450959682,2.94892956475125,22650,707,8.608288358041333,1.4347147263402222,0.0,0.0,1.4347147263402222,2938.295759544775,0.0,8.608288358041333,17629.77455726865,16869.369188200682,16869.369188200682,0.0,278323200.0
1.3316349923610686,3.787230421122359,22680,708,8.600294437877512,1.4333824063129186,0.0,0.0,1.4333824063129186,2935.5671681288572,0.0,8.600294437877512,17613.403008773144,16890.327522320673,16890.327522320673,0.0,278691840.0
1.477385474741459,4.3814752149222285,22710,709,8.59535459339714,1.4325590988995234,0.0,0.0,1.4325590988995234,2933.881034546224,0.0,8.59535459339714,17603.286207277342,16911.34146746993,16911.34146746993,0.0,279060480.0
1.979436955600977,7.23866614711777,22750,710,8.586147059360979,1.4310245098934964,0.0,0.0,1.4310245098934964,2930.7381962618806,0.0,8.586147059360979,17584.429177571285,16939.290973231196,16939.290973231196,0.0,279552000.0
2.061859318614006,7.860571538457571,22780,711,8.56175748282238,1.4269595804703965,0.0,0.0,1.4269595804703965,2922.413220803372,0.0,8.56175748282238,17534.479324820233,16960.285340597853,16960.285340597853,0.0,279920640.0
0.6253186300396919,1.8688413315627976,22810,712,8.618756103125795,1.436459350520966,0.0,0.0,1.436459350520966,2941.8687498669383,0.0,8.618756103125795,17651.21249920163,16981.35488030687,16981.35488030687,0.0,280289280.0
1.6225296527147293,5.065889061565873,22840,713,8.606240882500025,1.4343734804166708,0.0,0.0,1.4343734804166708,2937.596887893342,0.0,8.606240882500025,17625.58132736005,17002.33035879582,17002.33035879582,0.0,280657920.0
2.2968786329030992,9.943097908260079,22870,714,8.623344325360138,1.4372240542266896,0.0,0.0,1.4372240542266896,2943.4348630562604,0.0,8.623344325360138,17660.609178337563,17023.310053147376,17023.310053147376,0.0,281026560.0
1.276644828915596,3.5845926053371335,22910,715,8.614458692443446,1.4357431154072409,0.0,0.0,1.4357431154072409,2940.4019003540293,0.0,8.614458692443446,17642.411402124177,17051.353919893503,17051.353919893503,0.0,281518080.0
1.9395471811294556,6.9556006302029765,22940,716,8.62015077202056,1.4366917953367602,0.0,0.0,1.4366917953367602,2942.344796849685,0.0,8.62015077202056,17654.068781098107,17072.327164720744,17072.327164720744,0.0,281886720.0
1.6026215314865113,4.966033989409382,22970,717,8.607660047937836,1.4346100079896396,0.0,0.0,1.4346100079896396,2938.081296362782,0.0,8.607660047937836,17628.487778176688,17093.300237609074,17093.300237609074,0.0,282255360.0
1.371712002158165,3.942093794807589,23000,718,8.61351810597219,1.4355863509953652,0.0,0.0,1.4355863509953652,2940.080846838508,0.0,8.61351810597219,17640.485081031045,17114.282535186037,17114.282535186037,0.0,282624000.0
2.5758994221687317,13.143133069196475,23030,719,8.592981777911538,1.432163629651923,0.0,0.0,1.432163629651923,2933.071113527138,0.0,8.592981777911538,17598.42668116283,17135.306573437527,17135.306573437527,0.0,282992640.0
1.9285286903381347,6.879381091982428,23070,720,8.61655390729436,1.4360923178823932,0.0,0.0,1.4360923178823932,2941.1170670231413,0.0,8.61655390729436,17646.70240213885,17219.78361358121,17219.78361358121,0.0,283484160.0
1.350179171562195,3.8581167335754607,23100,721,8.620300554683801,1.436716759113967,0.0,0.0,1.436716759113967,2942.395922665404,0.0,8.620300554683801,17654.375535992425,17240.83051710762,17240.83051710762,0.0,283852800.0
1.2301966458559037,3.4219023730531926,23130,722,8.61326890214202,1.43554481702367,0.0,0.0,1.43554481702367,2939.995785264476,0.0,8.61326890214202,17639.974711586856,17261.77926119417,17261.77926119417,0.0,284221440.0
1.2656436502933501,3.545373982871762,23160,723,8.573542356250712,1.4289237260417853,0.0,0.0,1.4289237260417853,2926.4357909335763,0.0,8.573542356250712,17558.61474560146,17282.787027090788,17282.787027090788,0.0,284590080.0
0.6696600422263146,1.9535730753812295,23190,724,8.588508143859404,1.431418023976567,0.0,0.0,1.431418023976567,2931.5441131040093,0.0,8.588508143859404,17589.26467862406,17303.80229125172,17303.80229125172,0.0,284958720.0
1.1754081964492797,3.239465012103324,23230,725,8.59232872410637,1.4320547873510616,0.0,0.0,1.4320547873510616,2932.848204494974,0.0,8.59232872410637,17597.089226969845,17331.818147176877,17331.818147176877,0.0,285450240.0
1.025437581539154,2.788315308959359,23260,726,8.596835661708871,1.432805943618145,0.0,0.0,1.432805943618145,2934.386572529961,0.0,8.596835661708871,17606.31943517977,17352.834808304906,17352.834808304906,0.0,285818880.0
1.4204651281237601,4.1390451789098766,23290,727,8.605586696989143,1.4342644494981904,0.0,0.0,1.4342644494981904,2937.373592572294,0.0,8.605586696989143,17624.241555433764,17373.89368553832,17373.89368553832,0.0,286187520.0
2.0132609367370606,7.487694477575604,23320,728,8.6189012827277,1.4364835471212833,0.0,0.0,1.4364835471212833,2941.9183045043883,0.0,8.6189012827277,17651.50982702633,17394.85424793698,17394.85424793698,0.0,286556160.0
1.1413337856531143,3.1309415864448993,23350,729,8.649186060218238,1.4415310100363732,0.0,0.0,1.4415310100363732,2952.2555085544923,0.0,8.649186060218238,17713.53305132695,17418.924030121416,17418.924030121416,0.0,286924800.0
0.9519740134477616,2.59081892617697,23390,730,8.682685855498654,1.4471143092497756,0.0,0.0,1.4471143092497756,2963.6901053435404,0.0,8.682685855498654,17782.140632061244,17446.947497934103,17446.947497934103,0.0,287416320.0
3.3427689731121064,28.29737298943708,23420,731,8.60211067320727,1.4336851122012115,0.0,0.0,1.4336851122012115,2936.187109788081,0.0,8.60211067320727,17617.122658728487,17467.87193541415,17467.87193541415,0.0,287784960.0
1.6823187440633773,5.378011757486289,23450,732,8.599571765162155,1.4332619608603592,0.0,0.0,1.4332619608603592,2935.3204958420156,0.0,8.599571765162155,17611.922975052094,17488.827352462336,17488.827352462336,0.0,288153600.0
1.5044839203357696,4.501829727906282,23480,733,8.584312794225564,1.430718799037594,0.0,0.0,1.430718799037594,2930.1121004289926,0.0,8.584312794225564,17580.672602573955,17509.80238030106,17509.80238030106,0.0,288522240.0
1.6772553741931915,5.35084971854774,23510,734,8.586753325831829,1.4311255543053047,0.0,0.0,1.4311255543053047,2930.945135217264,0.0,8.586753325831829,17585.670811303586,17530.774608712643,17530.774608712643,0.0,288890880.0
1.1498763918876649,3.157802555551777,23550,735,8.58400648856434,1.4306677480940566,0.0,0.0,1.4306677480940566,2930.007548096628,0.0,8.58400648856434,17580.045288579768,17558.72980056517,17558.72980056517,0.0,289382400.0
1.4363259583711625,4.205217256711216,23580,736,8.579335600725065,1.429889266787511,0.0,0.0,1.429889266787511,2928.4132183808224,0.0,8.579335600725065,17570.479310284933,17579.716708341613,17579.716708341613,0.0,289751040.0
1.4939629703760147,4.454714485763673,23610,737,8.602655820911107,1.433775970151851,0.0,0.0,1.433775970151851,2936.373186870991,0.0,8.602655820911107,17618.239121225946,17600.826961960644,17600.826961960644,0.0,290119680.0
1.881423008441925,6.562837193352461,23640,738,8.568207069754168,1.4280345116256945,0.0,0.0,1.4280345116256945,2924.6146798094223,0.0,8.568207069754168,17547.688078856536,17621.84109870158,17621.84109870158,0.0,290488320.0
1.4947340220212937,4.458150625247432,23670,739,8.609280172583645,1.434880028763941,0.0,0.0,1.434880028763941,2938.634298908551,0.0,8.609280172583645,17631.805793451305,17642.864719472826,17642.864719472826,0.0,290856960.0
1.7303123967722058,5.642416305771731,23710,740,8.577326048509473,1.4295543414182454,0.0,0.0,1.4295543414182454,2927.7272912245667,0.0,8.577326048509473,17566.3637473474,17670.839292872697,17670.839292872697,0.0,291348480.0
1.2766758993268013,3.5847039818336324,23740,741,8.606339307480775,1.4343898845801293,0.0,0.0,1.4343898845801293,2937.6304836201048,0.0,8.606339307480775,17625.782901720628,17691.833323052153,17691.833323052153,0.0,291717120.0
1.7545975312590598,5.781120553367519,23770,742,8.611832507085262,1.4353054178475437,0.0,0.0,1.4353054178475437,2939.5054957517696,0.0,8.611832507085262,17637.032974510617,17712.834671918303,17712.834671918303,0.0,292085760.0
2.03999647796154,7.690582112305319,23800,743,8.601007425747818,1.4335012376246365,0.0,0.0,1.4335012376246365,2935.8105346552557,0.0,8.601007425747818,17614.863207931532,17733.84731171839,17733.84731171839,0.0,292454400.0
1.4116055861115455,4.102537095503725,23830,744,8.582609883751251,1.4304349806252086,0.0,0.0,1.4304349806252086,2929.530840320427,0.0,8.582609883751251,17577.185041922563,17754.833922820166,17754.833922820166,0.0,292823040.0
1.1399635136127473,3.126654282785974,23870,745,8.630270693632763,1.4383784489387939,0.0,0.0,1.4383784489387939,2945.79906342665,0.0,8.630270693632763,17674.7943805599,17782.89430564642,17782.89430564642,0.0,293314560.0
1.2702051289379597,3.561583071181556,23900,746,8.58925783864872,1.4315429731081202,0.0,0.0,1.4315429731081202,2931.80000892543,0.0,8.58925783864872,17590.80005355258,17803.87496521324,17803.87496521324,0.0,293683200.0
1.7783386915922166,5.920013276776998,23930,747,8.61693502258147,1.4361558370969116,0.0,0.0,1.4361558370969116,2941.247154374475,0.0,8.61693502258147,17647.482926246852,17824.987973362207,17824.987973362207,0.0,294051840.0
1.3860812216997147,3.9991475331696664,23960,748,8.57673112611444,1.4294551876857402,0.0,0.0,1.4294551876857402,2927.524224380396,0.0,8.57673112611444,17565.145346282374,17845.98194347322,17845.98194347322,0.0,294420480.0
1.0853797674179078,2.9605639309950016,23990,749,8.598501083730362,1.4330835139550604,0.0,0.0,1.4330835139550604,2934.9550365799637,0.0,8.598501083730362,17609.73021947978,17867.19127360359,17867.19127360359,0.0,294789120.0
2.650775633752346,14.1650212541716,24030,750,8.58030720130989,1.430051200218315,0.0,0.0,1.430051200218315,2928.744858047109,0.0,8.58030720130989,17572.469148282657,17895.15746350214,17895.15746350214,0.0,295280640.0
1.3801654279232025,3.9755592416082877,24060,751,8.595181904711856,1.4325303174519761,0.0,0.0,1.4325303174519761,2933.822090141647,0.0,8.595181904711856,17602.93254084988,17916.150730652735,17916.150730652735,0.0,295649280.0
1.6157079368829728,5.03144861099553,24090,752,8.597874235912075,1.4329790393186792,0.0,0.0,1.4329790393186792,2934.741072524655,0.0,8.597874235912075,17608.44643514793,17937.32863220945,17937.32863220945,0.0,296017920.0
1.1626138359308242,3.1982821448634007,24120,753,8.653057504290206,1.4421762507150344,0.0,0.0,1.4421762507150344,2953.5769614643905,0.0,8.653057504290206,17721.461768786343,17958.307637145743,17958.307637145743,0.0,296386560.0
0.6859749615192413,1.9857068798833715,24150,754,8.629243488413692,1.4382072480689487,0.0,0.0,1.4382072480689487,2945.448444045207,0.0,8.629243488413692,17672.690664271242,17979.27093247883,17979.27093247883,0.0,296755200.0
1.7478774562478065,5.742401233677829,24190,755,8.630401289360826,1.438400214893471,0.0,0.0,1.438400214893471,2945.8436401018284,0.0,8.630401289360826,17675.06184061097,18007.220357540995,18007.220357540995,0.0,297246720.0
2.241047018766403,9.403171432088893,24220,756,8.597799572455564,1.4329665954092605,0.0,0.0,1.4329665954092605,2934.7155873981656,0.0,8.597799572455564,17608.293524388995,18028.20200422965,18028.20200422965,0.0,297615360.0
1.032835640013218,2.809019921192771,24250,757,8.617640743617862,1.4362734572696438,0.0,0.0,1.4362734572696438,2941.4880404882306,0.0,8.617640743617862,17648.92824292938,18049.276639165357,18049.276639165357,0.0,297984000.0
1.3904066979885101,4.0164832165145725,24280,758,8.581260768032482,1.4302101280054138,0.0,0.0,1.4302101280054138,2929.0703421550875,0.0,8.581260768032482,17574.422052930524,18070.253271445632,18070.253271445632,0.0,298352640.0
2.3462184011936187,10.445992386743953,24310,759,8.566281227791613,1.427713537965269,0.0,0.0,1.427713537965269,2923.957325752871,0.0,8.566281227791613,17543.743954517224,18091.26450346969,18091.26450346969,0.0,298721280.0
2.201058346033096,9.034570142895705,24350,760,8.60891165213967,1.4348186086899448,0.0,0.0,1.4348186086899448,2938.508510597007,0.0,8.60891165213967,17631.051063582043,18175.45709127374,18175.45709127374,0.0,299212800.0
1.4334034651517868,4.192945478621008,24380,761,8.656014560993212,1.4426690934988686,0.0,0.0,1.4426690934988686,2954.586303485683,0.0,8.656014560993212,17727.517820914098,18196.359899153933,18196.359899153933,0.0,299581440.0
1.037695473432541,2.8227045155723456,24410,762,7.846087405370442,1.307681234228407,0.0,0.0,1.307681234228407,2678.1311676997775,0.0,7.846087405370442,16068.787006198665,18217.44184896536,18217.44184896536,0.0,299950080.0
1.0359183371067047,2.817692639553135,24440,763,8.663806363683824,1.443967727280637,0.0,0.0,1.443967727280637,2957.2459054707447,0.0,8.663806363683824,17743.47543282447,18240.875051980838,18240.875051980838,0.0,300318720.0
1.1050642073154449,3.0194183313280654,24470,764,8.633043163543842,1.438840527257307,0.0,0.0,1.438840527257307,2946.745399822965,0.0,8.633043163543842,17680.47239893779,18261.82142803818,18261.82142803818,0.0,300687360.0
2.3024078220129014,9.998227447304277,24510,765,8.608339244259799,1.4347232073766332,0.0,0.0,1.4347232073766332,2938.3131287073447,0.0,8.608339244259799,17629.87877224407,18289.68851126544,18289.68851126544,0.0,301178880.0
0.9008799195289612,2.4617683164314506,24540,766,8.594251759674941,1.432375293279157,0.0,0.0,1.432375293279157,2933.5046006357134,0.0,8.594251759674941,17601.02760381428,18310.65293383412,18310.65293383412,0.0,301547520.0
2.0681973338127135,7.910550175714922,24570,767,8.597673633162765,1.4329456055271277,0.0,0.0,1.4329456055271277,2934.6726001195575,0.0,8.597673633162765,17608.035600717343,18331.631859768182,18331.631859768182,0.0,301916160.0
1.1119311571121215,3.040223878993046,24600,768,8.570997111019157,1.4284995185031928,0.0,0.0,1.4284995185031928,2925.567013894539,0.0,8.570997111019157,17553.402083367233,18352.626285601407,18352.626285601407,0.0,302284800.0
1.487361116707325,4.425401977502077,24630,769,8.614259422901597,1.435709903816933,0.0,0.0,1.435709903816933,2940.3338830170787,0.0,8.614259422901597,17642.00329810247,18373.63429667428,18373.63429667428,0.0,302653440.0
1.3871036767959595,4.003238573041471,24670,770,8.567560567505756,1.4279267612509594,0.0,0.0,1.4279267612509594,2924.394007041965,0.0,8.567560567505756,17546.36404225179,18401.63557981327,18401.63557981327,0.0,303144960.0
1.4711085274815558,4.354059060970267,24700,771,8.603115149420743,1.433852524903457,0.0,0.0,1.433852524903457,2936.52997100228,0.0,8.603115149420743,17619.179826013682,18422.799009198323,18422.799009198323,0.0,303513600.0
1.3210615634918212,3.7473973667387184,24730,772,8.621965642704861,1.4369942737841437,0.0,0.0,1.4369942737841437,2942.9642727099263,0.0,8.621965642704861,17657.785636259556,18443.803610118106,18443.803610118106,0.0,303882240.0
0.9384123310446739,2.5559202400615892,24760,773,8.582280879582465,1.4303801465970776,0.0,0.0,1.4303801465970776,2929.418540230815,0.0,8.582280879582465,17576.511241384887,18464.802047694102,18464.802047694102,0.0,304250880.0
1.6210145086050034,5.058219321441763,24790,774,8.590760381705278,1.4317933969508796,0.0,0.0,1.4317933969508796,2932.3128769554014,0.0,8.590760381705278,17593.87726173241,18485.81814060174,18485.81814060174,0.0,304619520.0
1.6691469147801399,5.307637997775151,24830,775,8.622300685406454,1.4370501142344092,0.0,0.0,1.4370501142344092,2943.07863395207,0.0,8.622300685406454,17658.47180371242,18513.783457292244,18513.783457292244,0.0,305111040.0
1.7115245103836059,5.5373968650913445,24860,776,8.601598060781686,1.4335996767969479,0.0,0.0,1.4335996767969479,2936.0121380801493,0.0,8.601598060781686,17616.072828480894,18534.765202457085,18534.765202457085,0.0,305479680.0
1.4393055379390716,4.217765721418796,24890,777,8.604891637590837,1.4341486062651396,0.0,0.0,1.4341486062651396,2937.136345631006,0.0,8.604891637590837,17622.818073786035,18555.751432189718,18555.751432189718,0.0,305848320.0
2.0769323736429213,7.979951818351463,24920,778,8.594821389706713,1.4324702316177853,0.0,0.0,1.4324702316177853,2933.6990343532243,0.0,8.594821389706713,17602.194206119348,18576.744241073728,18576.744241073728,0.0,306216960.0
1.5919866383075714,4.913500587100525,24950,779,8.601005014362025,1.4335008357270043,0.0,0.0,1.4335008357270043,2935.8097115689047,0.0,8.601005014362025,17614.858269413427,18597.777355626225,18597.777355626225,0.0,306585600.0
1.7206999434623866,5.588438686772831,24990,780,8.591708138216333,1.431951356369389,0.0,0.0,1.431951356369389,2932.636377844509,0.0,8.591708138216333,17595.81826706705,18625.758652877063,18625.758652877063,0.0,307077120.0
1.3224931597709655,3.7527659687838746,25020,781,8.614446160075737,1.4357410266792894,0.0,0.0,1.4357410266792894,2940.3976226391846,0.0,8.614446160075737,17642.38573583511,18646.83507355675,18646.83507355675,0.0,307445760.0
1.8554772928357124,6.394749690561238,25050,782,8.58581068975274,1.4309684482921234,0.0,0.0,1.4309684482921234,2930.623382102269,0.0,8.58581068975274,17583.740292613613,18667.9789018929,18667.9789018929,0.0,307814400.0
1.4889070093631744,4.432248464521811,25080,783,8.632996866692071,1.4388328111153452,0.0,0.0,1.4388328111153452,2946.729597164227,0.0,8.632996866692071,17680.377582985362,18688.95657586865,18688.95657586865,0.0,308183040.0
0.866845366358757,2.3793928886942024,25110,784,8.603307803070635,1.4338846338451057,0.0,0.0,1.4338846338451057,2936.5957301147764,0.0,8.603307803070635,17619.57438068866,18709.931849099696,18709.931849099696,0.0,308551680.0
1.3773047648370267,3.9642027573211553,25150,785,8.604498451352113,1.4340830752253522,0.0,0.0,1.4340830752253522,2937.0021380615212,0.0,8.604498451352113,17622.012828369127,18737.97257370688,18737.97257370688,0.0,309043200.0
2.308010572195053,10.05440223766672,25180,786,8.60323125297267,1.433871875495445,0.0,0.0,1.433871875495445,2936.569601014671,0.0,8.60323125297267,17619.417606088027,18758.9628096316,18758.9628096316,0.0,309411840.0
1.4660176932811737,4.3319495937582655,25210,787,8.585799464918509,1.430966577486418,0.0,0.0,1.430966577486418,2930.619550692184,0.0,8.585799464918509,17583.717304153106,18779.943395284936,18779.943395284936,0.0,309780480.0
0.856422957777977,2.354722668710029,25240,788,8.631899931603078,1.4386499886005129,0.0,0.0,1.4386499886005129,2946.3551766538503,0.0,8.631899931603078,17678.131059923104,18800.923171674833,18800.923171674833,0.0,310149120.0
1.6866511404514313,5.401361980888132,25270,789,8.587330775911452,1.4312217959852418,0.0,0.0,1.4312217959852418,2931.142238177775,0.0,8.587330775911452,17586.853429066654,18822.062686108053,18822.062686108053,0.0,310517760.0
1.0571130603551864,2.8780502269777264,25310,790,8.605744871414212,1.4342908119023687,0.0,0.0,1.4342908119023687,2937.427582776051,0.0,8.605744871414212,17624.565496656305,18850.01825387031,18850.01825387031,0.0,311009280.0
1.1941689819097518,3.3008135946200303,25340,791,8.616929997527253,1.4361549995878755,0.0,0.0,1.4361549995878755,2941.245439155969,0.0,8.616929997527253,17647.472634935813,18870.98440956138,18870.98440956138,0.0,311377920.0
1.4658669531345367,4.331296644255366,25370,792,8.644523826354858,1.440753971059143,0.0,0.0,1.440753971059143,2950.664132729125,0.0,8.644523826354858,17703.98479637475,18891.940928097814,18891.940928097814,0.0,311746560.0
1.2646615862846375,3.541893907793695,25400,793,8.622923228916248,1.4371538714860415,0.0,0.0,1.4371538714860415,2943.291128803413,0.0,8.622923228916248,17659.746772820476,18912.905712245032,18912.905712245032,0.0,312115200.0
1.036625751852989,2.8196866220800185,25430,794,8.638324400576407,1.439720733429401,0.0,0.0,1.439720733429401,2948.5480620634135,0.0,8.638324400576407,17691.28837238048,18933.83849891834,18933.83849891834,0.0,312483840.0
1.640727524459362,5.158921388772478,25470,795,8.606858521855186,1.4344764203091975,0.0,0.0,1.4344764203091975,2937.8077087932365,0.0,8.606858521855186,17626.84625275942,18961.755086112767,18961.755086112767,0.0,312975360.0
0.9981652855873108,2.71329912992275,25500,796,8.640527657926715,1.4400879429877858,0.0,0.0,1.4400879429877858,2949.300107238985,0.0,8.640527657926715,17695.80064343391,18982.814073225483,18982.814073225483,0.0,313344000.0
1.5390913307666778,4.660353626468598,25530,797,8.666235060437028,1.444372510072838,0.0,0.0,1.444372510072838,2958.074900629172,0.0,8.666235060437028,17748.449403775034,19003.923070928082,19003.923070928082,0.0,313712640.0
1.2298936396837234,3.4208656725848114,25560,798,8.650179551771258,1.441696591961876,0.0,0.0,1.441696591961876,2952.594620337922,0.0,8.650179551771258,17715.567722027536,19024.82517264597,19024.82517264597,0.0,314081280.0
1.5463086724281312,4.694110662351139,25590,799,8.607168944425704,1.4345281574042839,0.0,0.0,1.4345281574042839,2937.9136663639733,0.0,8.607168944425704,17627.48199818384,19045.795980094,19045.795980094,0.0,314449920.0
1.513726143538952,4.543629506978555,25630,800,8.698826572626754,1.4498044287711258,0.0,0.0,1.4498044287711258,2969.1994701232657,0.0,8.698826572626754,17815.19682073959,19132.080430012196,19132.080430012196,0.0,314941440.0
1.3037553563714028,3.683102090154819,25660,801,8.665495133019377,1.4442491888365627,0.0,0.0,1.4442491888365627,2957.8223387372805,0.0,8.665495133019377,17746.934032423684,19152.89919688739,19152.89919688739,0.0,315310080.0
1.5034261286258697,4.497070247453996,25690,802,8.682263881434862,1.4470439802391437,0.0,0.0,1.4470439802391437,2963.5460715297663,0.0,8.682263881434862,17781.276429178597,19173.74907016568,19173.74907016568,0.0,315678720.0
0.8787514746189118,2.407891515234779,25720,803,8.633513020230108,1.438918836705018,0.0,0.0,1.438918836705018,2946.905777571877,0.0,8.633513020230108,17681.43466543126,19194.630242021754,19194.630242021754,0.0,316047360.0
1.835858663916588,6.270516100373558,25750,804,8.618275423015502,1.4363792371692503,0.0,0.0,1.4363792371692503,2941.7046777226246,0.0,8.618275423015502,17650.22806633575,19215.73322678171,19215.73322678171,0.0,316416000.0
1.043335312604904,2.8386690915753707,25790,805,8.615746668270743,1.4359577780451238,0.0,0.0,1.4359577780451238,2940.8415294364136,0.0,8.615746668270743,17645.049176618482,19243.674978628755,19243.674978628755,0.0,316907520.0
1.321970447897911,3.7508048660456916,25820,806,8.587513165187802,1.4312521941979672,0.0,0.0,1.4312521941979672,2931.204493717437,0.0,8.587513165187802,17587.22696230462,19264.65055190958,19264.65055190958,0.0,317276160.0
1.188548132777214,3.2823122646929845,25850,807,8.570196355661635,1.4283660592769392,0.0,0.0,1.4283660592769392,2925.2936893991714,0.0,8.570196355661635,17551.762136395027,19285.621816990897,19285.621816990897,0.0,317644800.0
1.0873765468597412,2.9664814301928666,25880,808,8.583048915394048,1.4305081525656749,0.0,0.0,1.4305081525656749,2929.680696454502,0.0,8.583048915394048,17578.08417872701,19306.604926384985,19306.604926384985,0.0,318013440.0
0.4788481205701828,1.6142139510453646,25910,809,8.62838571594201,1.438064285990335,0.0,0.0,1.438064285990335,2945.155657708206,0.0,8.62838571594201,17670.933946249235,19327.603237001225,19327.603237001225,0.0,318382080.0
1.6305156022310257,5.106506966266566,25950,810,8.624507078558679,1.4374178464264467,0.0,0.0,1.4374178464264467,2943.8317494813627,0.0,8.624507078558679,17662.990496888175,19355.58237283118,19355.58237283118,0.0,318873600.0
2.011781859397888,7.476627784616084,25980,811,8.61115522255651,1.4351925370927516,0.0,0.0,1.4351925370927516,2939.2743159659553,0.0,8.61115522255651,17635.645895795733,19376.562305798754,19376.562305798754,0.0,319242240.0
1.0283571153879165,2.7964677848087294,26010,812,8.653888268619811,1.4423147114366353,0.0,0.0,1.4423147114366353,2953.860529022229,0.0,8.653888268619811,17723.163174133373,19397.501822335646,19397.501822335646,0.0,319610880.0
1.1597430139780045,3.1891136131785944,26040,813,8.616143671813159,1.436023945302193,0.0,0.0,1.436023945302193,2940.9770399788913,0.0,8.616143671813159,17645.86223987335,19418.580028977245,19418.580028977245,0.0,319979520.0
1.426626831293106,4.164627481043562,26070,814,8.584050969011827,1.430675161501971,0.0,0.0,1.430675161501971,2930.0227307560367,0.0,8.584050969011827,17580.13638453622,19439.557535342872,19439.557535342872,0.0,320348160.0
0.8520317763090134,2.3444053234090454,26110,815,8.596772648362323,1.4327954413937207,0.0,0.0,1.4327954413937207,2934.36506397434,0.0,8.596772648362323,17606.19038384604,19467.478439381346,19467.478439381346,0.0,320839680.0
1.3838692665100099,3.990311374225849,26140,816,8.62612267180281,1.4376871119671348,0.0,0.0,1.4376871119671348,2944.383205308692,0.0,8.62612267180281,17666.299231852154,19488.43852778524,19488.43852778524,0.0,321208320.0
1.0920562535524367,2.980396226383835,26170,817,8.60760661665486,1.43460110277581,0.0,0.0,1.43460110277581,2938.063058484859,0.0,8.60760661665486,17628.37835090915,19509.38076138869,19509.38076138869,0.0,321576960.0
1.5445816695690155,4.686010915971981,26200,818,8.582707883300598,1.430451313883433,0.0,0.0,1.430451313883433,2929.5642908332707,0.0,8.582707883300598,17577.385744999625,19530.33885127306,19530.33885127306,0.0,321945600.0
2.297036796808243,9.944670671828408,26230,819,8.599752723290115,1.4332921205483524,0.0,0.0,1.4332921205483524,2935.3822628830258,0.0,8.599752723290115,17612.293577298155,19551.5447414089,19551.5447414089,0.0,322314240.0
1.24866681098938,3.485692771065126,26270,820,8.615250954924095,1.4358751591540158,0.0,0.0,1.4358751591540158,2940.6723259474243,0.0,8.615250954924095,17644.033955684547,19579.507657185197,19579.507657185197,0.0,322805760.0
2.0282619059085847,7.600863854575202,26300,821,8.599040494337235,1.4331734157228726,0.0,0.0,1.4331734157228726,2935.139155400443,0.0,8.599040494337235,17610.834932402657,19600.599688857794,19600.599688857794,0.0,323174400.0
1.003942573070526,2.729020007312002,26330,822,8.609009401951717,1.434834900325286,0.0,0.0,1.434834900325286,2938.541875866186,0.0,8.609009401951717,17631.251255197116,19621.551368540153,19621.551368540153,0.0,323543040.0
1.463338178396225,4.320357607726179,26360,823,8.610231456170705,1.435038576028451,0.0,0.0,1.435038576028451,2938.9590037062676,0.0,8.610231456170705,17633.754022237605,19642.514052394778,19642.514052394778,0.0,323911680.0
1.5123819023370744,4.537525876284235,26390,824,8.620873908436003,1.4368123180726673,0.0,0.0,1.4368123180726673,2942.5916274128226,0.0,8.620873908436003,17655.549764476935,19663.4870687183,19663.4870687183,0.0,324280320.0
1.409040206670761,4.092026019397734,26430,825,8.603685415007165,1.4339475691678607,0.0,0.0,1.4339475691678607,2936.7246216557787,0.0,8.603685415007165,17620.347729934674,19691.527447605506,19691.527447605506,0.0,324771840.0
2.18317674100399,8.874453366912212,26460,826,8.597803301581607,1.4329672169302679,0.0,0.0,1.4329672169302679,2934.7168602731886,0.0,8.597803301581607,17608.30116163913,19712.494030913338,19712.494030913338,0.0,325140480.0
0.778289670497179,2.177744417955484,26490,827,8.615936650192447,1.435989441698741,0.0,0.0,1.435989441698741,2940.9063765990218,0.0,8.615936650192447,17645.43825959413,19733.458660826087,19733.458660826087,0.0,325509120.0
1.6265697628259659,5.086397210881283,26520,828,8.606871802552002,1.434478633758667,0.0,0.0,1.434478633758667,2937.81224193775,0.0,8.606871802552002,17626.8734516265,19754.449207732454,19754.449207732454,0.0,325877760.0
1.1976802438497542,3.312423987402334,26550,829,8.625635360703736,1.4376058934506226,0.0,0.0,1.4376058934506226,2944.216869786875,0.0,8.625635360703736,17665.30121872125,19775.450876941904,19775.450876941904,0.0,326246400.0
1.5387877985835074,4.658939273819643,26590,830,8.611324133716318,1.4352206889527195,0.0,0.0,1.4352206889527195,2939.3319709751695,0.0,8.611324133716318,17635.99182585102,19803.514161344618,19803.514161344618,0.0,326737920.0
0.9040172547101974,2.469503836893913,26620,831,8.61035442637775,1.4350590710629583,0.0,0.0,1.4350590710629583,2939.0009775369385,0.0,8.61035442637775,17634.005865221632,19824.47864374891,19824.47864374891,0.0,327106560.0
1.622410997003317,5.065288000555703,26650,832,8.589065435838329,1.4315109059730549,0.0,0.0,1.4315109059730549,2931.7343354328164,0.0,8.589065435838329,17590.406012596897,19845.42995131761,19845.42995131761,0.0,327475200.0
2.003821927309036,7.41735056948627,26680,833,8.633366989315167,1.4388944982191945,0.0,0.0,1.4388944982191945,2946.8559323529103,0.0,8.633366989315167,17681.135594117462,19866.3967793528,19866.3967793528,0.0,327843840.0
1.7345759212970733,5.666524241940678,26710,834,8.620132433056304,1.4366887388427174,0.0,0.0,1.4366887388427174,2942.3385371498853,0.0,8.620132433056304,17654.03122289931,19887.3758249823,19887.3758249823,0.0,328212480.0
0.9774225950241089,2.6575977015682337,26750,835,8.619339560851467,1.4365565934752444,0.0,0.0,1.4365565934752444,2942.0679034373006,0.0,8.619339560851467,17652.407420623804,19915.309348225594,19915.309348225594,0.0,328704000.0
2.543906730413437,12.729303915187554,26780,836,8.623459648139795,1.4372432746899657,0.0,0.0,1.4372432746899657,2943.47422656505,0.0,8.623459648139795,17660.8453593903,19936.27670208551,19936.27670208551,0.0,329072640.0
0.9074316203594208,2.4779500369675214,26810,837,8.620640901098952,1.4367734835164918,0.0,0.0,1.4367734835164918,2942.5120942417752,0.0,8.620640901098952,17655.072565450653,19957.428924789652,19957.428924789652,0.0,329441280.0
1.3441811338067056,3.835044865879451,26840,838,8.607730075434272,1.4346216792390454,0.0,0.0,1.4346216792390454,2938.105199081565,0.0,8.607730075434272,17628.63119448939,19978.576547181234,19978.576547181234,0.0,329809920.0
1.2043955266475677,3.334742705604344,26870,839,8.604929944484656,1.4341549907474427,0.0,0.0,1.4341549907474427,2937.1494210507626,0.0,8.604929944484656,17622.896526304576,19999.613758753985,19999.613758753985,0.0,330178560.0
1.747098058462143,5.737927362561004,26910,840,8.678875172463057,1.4464791954105096,0.0,0.0,1.4464791954105096,2962.3893922007237,0.0,8.678875172463057,17774.33635320434,20083.7116088178,20083.7116088178,0.0,330670080.0
2.321718233823776,10.193173523414037,26940,841,8.623931036533417,1.4373218394222362,0.0,0.0,1.4373218394222362,2943.63512713674,0.0,8.623931036533417,17661.810762820438,20104.5673255343,20104.5673255343,0.0,331038720.0
1.0576669484376908,2.879644786262224,26970,842,8.619545719656202,1.4365909532760337,0.0,0.0,1.4365909532760337,2942.138272309317,0.0,8.619545719656202,17652.8296338559,20125.450557069853,20125.450557069853,0.0,331407360.0
1.407456487417221,4.085550528038466,27000,843,8.591176692871352,1.4318627821452254,0.0,0.0,1.4318627821452254,2932.4549778334217,0.0,8.591176692871352,17594.72986700053,20146.36515443772,20146.36515443772,0.0,331776000.0
1.2884717732667923,3.6272390742067384,27030,844,8.618887019373286,1.4364811698955477,0.0,0.0,1.4364811698955477,2941.913435946082,0.0,8.618887019373286,17651.48061567649,20167.328572617844,20167.328572617844,0.0,332144640.0
1.4313317716121674,4.184267972231528,27070,845,8.608038640114188,1.434673106685698,0.0,0.0,1.434673106685698,2938.2105224923093,0.0,8.608038640114188,17629.263134953857,20195.25514246896,20195.25514246896,0.0,332636160.0
1.3836487919092177,3.989431708894075,27100,846,8.621453741743899,1.4369089569573164,0.0,0.0,1.4369089569573164,2942.789543848584,0.0,8.621453741743899,17656.737263091505,20216.35436451435,20216.35436451435,0.0,333004800.0
1.8581683874130248,6.411981742918578,27130,847,8.6290372237494,1.4381728706248997,0.0,0.0,1.4381728706248997,2945.3780390397947,0.0,8.6290372237494,17672.26823423877,20237.347411945462,20237.347411945462,0.0,333373440.0
1.5847716510295868,4.878177324551481,27160,848,8.631330846024532,1.4385551410040887,0.0,0.0,1.4385551410040887,2946.1609287763736,0.0,8.631330846024532,17676.965572658242,20258.31135080196,20258.31135080196,0.0,333742080.0
1.2403534322977066,3.456835006022864,27190,849,8.636208120551396,1.4393680200918995,0.0,0.0,1.4393680200918995,2947.82570514821,0.0,8.636208120551396,17686.95423088926,20279.307274330407,20279.307274330407,0.0,334110720.0
1.2927323311567307,3.6427261045304977,27230,850,8.618254486499799,1.4363757477499666,0.0,0.0,1.4363757477499666,2941.6975313919315,0.0,8.618254486499799,17650.18518835159,20307.256765058264,20307.256765058264,0.0,334602240.0
1.4954369068145752,4.461285293054187,27260,851,8.628504455598758,1.4380840759331264,0.0,0.0,1.4380840759331264,2945.196187511043,0.0,8.628504455598758,17671.177125066257,20328.23445490189,20328.23445490189,0.0,334970880.0
0.6441682726144791,1.9044024267332413,27290,852,8.637062886867366,1.439510481144561,0.0,0.0,1.439510481144561,2948.117465384061,0.0,8.637062886867366,17688.704792304365,20349.17448795028,20349.17448795028,0.0,335339520.0
1.6373833999037744,5.141698127492308,27320,853,8.601081593745494,1.4335135989575825,0.0,0.0,1.4335135989575825,2935.835850665129,0.0,8.601081593745494,17615.015103990772,20370.141891889274,20370.141891889274,0.0,335708160.0
1.4205575048923493,4.139427548189296,27350,854,8.610931280171219,1.4351552133618697,0.0,0.0,1.4351552133618697,2939.197876965109,0.0,8.610931280171219,17635.187261790656,20391.261373687536,20391.261373687536,0.0,336076800.0
1.7475955391302704,5.7407825806480135,27390,855,8.657727286319156,1.4429545477198593,0.0,0.0,1.4429545477198593,2955.170913730272,0.0,8.657727286319156,17731.025482381632,20421.502148009837,20421.502148009837,0.0,336568320.0
1.1993181079626083,3.317853733156895,27420,856,8.65342468817182,1.4422374480286366,0.0,0.0,1.4422374480286366,2953.702293562648,0.0,8.65342468817182,17722.213761375886,20442.417217858136,20442.417217858136,0.0,336936960.0
1.7883821845054626,5.979770471331755,27450,857,8.612959778150177,1.435493296358363,0.0,0.0,1.435493296358363,2939.8902709419276,0.0,8.612959778150177,17639.341625651563,20463.343840656802,20463.343840656802,0.0,337305600.0
1.8511388659477235,6.367066630448662,27480,858,8.592898385768033,1.4321497309613387,0.0,0.0,1.4321497309613387,2933.0426490088216,0.0,8.592898385768033,17598.25589405293,20484.29297363572,20484.29297363572,0.0,337674240.0
1.48769671022892,4.426887362965108,27510,859,8.609692711773674,1.4349487852956122,0.0,0.0,1.4349487852956122,2938.775112285414,0.0,8.609692711773674,17632.650673712484,20505.30308234878,20505.30308234878,0.0,338042880.0
1.6547359973192215,5.231698557399911,27550,860,8.58465086530062,1.43077514421677,0.0,0.0,1.43077514421677,2930.227495355945,0.0,8.58465086530062,17581.36497213567,20533.235123893246,20533.235123893246,0.0,338534400.0
1.251132246851921,3.4942971254122277,27580,861,8.595065250029744,1.4325108750049573,0.0,0.0,1.4325108750049573,2933.7822720101526,0.0,8.595065250029744,17602.693632060917,20554.195474484935,20554.195474484935,0.0,338903040.0
0.6290450245141983,1.8758183630867264,27610,862,8.63171411388679,1.4386190189811319,0.0,0.0,1.4386190189811319,2946.291750873358,0.0,8.63171411388679,17677.750505240147,20575.155404465273,20575.155404465273,0.0,339271680.0
1.5482279896736144,4.703128801464155,27640,863,8.594571076610128,1.4324285127683547,0.0,0.0,1.4324285127683547,2933.6135941495904,0.0,8.594571076610128,17601.681564897543,20596.103381358087,20596.103381358087,0.0,339640320.0
2.5719524562358855,13.091359811576153,27670,864,8.58330425268613,1.4305507087810216,0.0,0.0,1.4305507087810216,2929.7678515835323,0.0,8.58330425268613,17578.607109501194,20617.06627960503,20617.06627960503,0.0,340008960.0
2.5518898576498033,12.83133027081497,27710,865,8.640300783090002,1.4400501305150002,0.0,0.0,1.4400501305150002,2949.2226672947204,0.0,8.640300783090002,17695.336003768323,20645.21744370088,20645.21744370088,0.0,340500480.0
1.5089924395084382,4.522172136157546,27740,866,8.632475430923591,1.438745905153932,0.0,0.0,1.438745905153932,2946.5516137552527,0.0,8.632475430923591,17679.309682531515,20666.164367515594,20666.164367515594,0.0,340869120.0
0.9966358214616775,2.709152408180848,27770,867,8.646898479926486,1.4411497466544143,0.0,0.0,1.4411497466544143,2951.4746811482405,0.0,8.646898479926486,17708.848086889444,20687.08126297407,20687.08126297407,0.0,341237760.0
1.6347180753946304,5.128012080434899,27800,868,8.6201697223656,1.4366949537276001,0.0,0.0,1.4366949537276001,2942.351265234125,0.0,8.6201697223656,17654.10759140475,20708.023792261258,20708.023792261258,0.0,341606400.0
1.4543061256408691,4.281511603551889,27830,869,8.617294455938701,1.4362157426564504,0.0,0.0,1.4362157426564504,2941.3698409604103,0.0,8.617294455938701,17648.21904576246,20729.021380659193,20729.021380659193,0.0,341975040.0
1.312841734290123,3.7167206518357245,27870,870,8.626520909395758,1.437753484899293,0.0,0.0,1.437753484899293,2944.519137073752,0.0,8.626520909395758,17667.114822442512,20756.93673672527,20756.93673672527,0.0,342466560.0
1.3986630201339723,4.0497818688873055,27900,871,8.637459437048728,1.4395765728414547,0.0,0.0,1.4395765728414547,2948.252821179299,0.0,8.637459437048728,17689.516927075794,20777.856434760615,20777.856434760615,0.0,342835200.0
1.7996347010135652,6.047437937919373,27930,872,8.595234528213224,1.4325390880355373,0.0,0.0,1.4325390880355373,2933.8400522967804,0.0,8.595234528213224,17603.040313780682,20798.931193144992,20798.931193144992,0.0,343203840.0
1.8883162811398506,6.608232902543407,27960,873,8.608313686052268,1.434718947675378,0.0,0.0,1.434718947675378,2938.3044048391744,0.0,8.608313686052268,17629.826429035045,20819.875762797892,20819.875762797892,0.0,343572480.0
0.8302458003163338,2.293882508020302,27990,874,8.594227660813921,1.4323712768023202,0.0,0.0,1.4323712768023202,2933.496374891152,0.0,8.594227660813921,17600.97824934691,20840.810741597787,20840.810741597787,0.0,343941120.0
0.8489556282758712,2.3372046664061203,28030,875,8.609673094096834,1.4349455156828057,0.0,0.0,1.4349455156828057,2938.768416118386,0.0,8.609673094096834,17632.610496710317,20868.89548506774,20868.89548506774,0.0,344432640.0
1.6745970010757447,5.336644053844925,28060,876,8.625941121945026,1.4376568536575043,0.0,0.0,1.4376568536575043,2944.321236290569,0.0,8.625941121945026,17665.927417743413,20889.876388309523,20889.876388309523,0.0,344801280.0
0.9127617925405502,2.491193200136766,28090,877,8.594386117314961,1.4323976862191603,0.0,0.0,1.4323976862191603,2933.5504613768403,0.0,8.594386117314961,17601.30276826104,20910.864964235574,20910.864964235574,0.0,345169920.0
1.577530351281166,4.842980569245317,28120,878,8.589122874079743,1.4315204790132907,0.0,0.0,1.4315204790132907,2931.7539410192194,0.0,8.589122874079743,17590.523646115314,20931.8426130414,20931.8426130414,0.0,345538560.0
0.9066108897328377,2.4759171418248043,28150,879,8.601865930565113,1.4336443217608523,0.0,0.0,1.4336443217608523,2936.1035709662256,0.0,8.601865930565113,17616.62142579735,20952.85696354881,20952.85696354881,0.0,345907200.0
1.4837180435657502,4.409309245715174,28190,880,8.686405229383855,1.4477342048973092,0.0,0.0,1.4477342048973092,2964.9596516296892,0.0,8.686405229383855,17789.757909778134,21037.387819956988,21037.387819956988,0.0,346398720.0
2.3770090252161027,10.772633953727423,28220,881,8.649308903141982,1.441551483856997,0.0,0.0,1.441551483856997,2952.2974389391297,0.0,8.649308903141982,17713.78463363478,21058.233369365335,21058.233369365335,0.0,346767360.0
2.538892665505409,12.665638104760053,28250,882,8.60897449844521,1.4348290830742019,0.0,0.0,1.4348290830742019,2938.5299621359654,0.0,8.60897449844521,17631.17977281579,21079.318880558014,21079.318880558014,0.0,347136000.0
1.0637895680963994,2.8973298402243963,28280,883,8.616501829112364,1.436083638185394,0.0,0.0,1.436083638185394,2941.099291003687,0.0,8.616501829112364,17646.59574602212,21100.274721410125,21100.274721410125,0.0,347504640.0
1.8101749897003174,6.111516791156252,28310,884,8.565106324449944,1.4275177207416576,0.0,0.0,1.4275177207416576,2923.556292078915,0.0,8.565106324449944,17541.337752473486,21121.316973077133,21121.316973077133,0.0,347873280.0
0.8817805908620358,2.4151963565565167,28350,885,8.601106328178695,1.4335177213631156,0.0,0.0,1.4335177213631156,2935.844293351661,0.0,8.601106328178695,17615.065760109967,21149.318637268618,21149.318637268618,0.0,348364800.0
1.830620414018631,6.237755449200113,28380,886,8.573725232822795,1.4289542054704658,0.0,0.0,1.4289542054704658,2926.498212803514,0.0,8.573725232822795,17558.989276821085,21170.35970713012,21170.35970713012,0.0,348733440.0
1.0315542221069336,2.8054226980319603,28410,887,8.589096364907556,1.431516060817926,0.0,0.0,1.431516060817926,2931.7448925551125,0.0,8.589096364907556,17590.469355330675,21191.38907933794,21191.38907933794,0.0,349102080.0
2.605380544066429,13.536375510126401,28440,888,8.580318034676488,1.4300530057794145,0.0,0.0,1.4300530057794145,2928.748555836241,0.0,8.580318034676488,17572.491335017447,21212.57590452023,21212.57590452023,0.0,349470720.0
1.8993888452649117,6.681809574602826,28470,889,8.612018206564038,1.4353363677606727,0.0,0.0,1.4353363677606727,2939.568881173858,0.0,8.612018206564038,17637.41328704315,21233.634689455852,21233.634689455852,0.0,349839360.0
1.7653813362121582,5.843800385948929,28510,890,8.573568084920003,1.428928014153334,0.0,0.0,1.428928014153334,2926.444572986028,0.0,8.573568084920003,17558.667437916167,21261.670780885965,21261.670780885965,0.0,350330880.0
1.276520738005638,3.584147817576538,28540,891,8.594894843332405,1.432482473888734,0.0,0.0,1.432482473888734,2933.7241065241274,0.0,8.594894843332405,17602.344639144765,21282.69144490175,21282.69144490175,0.0,350699520.0
2.796051061153412,16.379835917914473,28570,892,8.595603965855746,1.4326006609759576,0.0,0.0,1.4326006609759576,2933.966153678761,0.0,8.595603965855746,17603.796922072568,21303.70703234151,21303.70703234151,0.0,351068160.0
1.0664887428283691,2.9051608035340566,28600,893,8.619725005224188,1.4366208342040314,0.0,0.0,1.4366208342040314,2942.1994684498563,0.0,8.619725005224188,17653.196810699137,21324.702424334362,21324.702424334362,0.0,351436800.0
1.2775476694107055,3.5878303820777484,28630,894,8.603392936927188,1.433898822821198,0.0,0.0,1.433898822821198,2936.6247891378134,0.0,8.603392936927188,17619.74873482688,21345.69229213707,21345.69229213707,0.0,351805440.0
1.7639948919415473,5.835703896347987,28670,895,8.59769171605595,1.4329486193426582,0.0,0.0,1.4329486193426582,2934.678772413764,0.0,8.59769171605595,17608.072634482585,21376.086160501465,21376.086160501465,0.0,352296960.0
1.1445939004421235,3.1411654718791953,28700,896,8.63872074226374,1.4397867903772898,0.0,0.0,1.4397867903772898,2948.6833466926896,0.0,8.63872074226374,17692.10008015614,21397.055013930425,21397.055013930425,0.0,352665600.0
2.5640409886837006,12.988196567634464,28730,897,8.612457696151267,1.4354096160252112,0.0,0.0,1.4354096160252112,2939.7188936196326,0.0,8.612457696151267,17638.313361717795,21418.03966305405,21418.03966305405,0.0,353034240.0
1.9293783813714982,6.885228924484965,28760,898,8.616336874847951,1.436056145807992,0.0,0.0,1.436056145807992,2941.0429866147674,0.0,8.616336874847951,17646.257919688604,21439.12455292605,21439.12455292605,0.0,353402880.0
1.4035618990659713,4.069669934803062,28790,899,8.641410715186222,1.4402351191977036,0.0,0.0,1.4402351191977036,2949.601524116897,0.0,8.641410715186222,17697.609144701382,21460.12536057271,21460.12536057271,0.0,353771520.0
1.2729669094085694,3.571432977130153,28830,900,8.604814530629064,1.434135755104844,0.0,0.0,1.434135755104844,2937.1100264547204,0.0,8.604814530629064,17622.660158728322,21488.09696048498,21488.09696048498,0.0,354263040.0
1.241208626329899,3.4597925351406635,28860,901,8.609937876990939,1.4349896461651563,0.0,0.0,1.4349896461651563,2938.85879534624,0.0,8.609937876990939,17633.152772077443,21509.066835122183,21509.066835122183,0.0,354631680.0
1.18786661028862,3.280076057169421,28890,902,8.60033749142693,1.4333895819044884,0.0,0.0,1.4333895819044884,2935.5818637403922,0.0,8.60033749142693,17613.491182442354,21530.03592192009,21530.03592192009,0.0,355000320.0
1.5951416313648223,4.929027127524006,28920,903,8.620417987655149,1.436736331275858,0.0,0.0,1.436736331275858,2942.4360064529574,0.0,8.620417987655149,17654.616038717744,21551.010881097987,21551.010881097987,0.0,355368960.0
1.7792170584201812,5.92521550445807,28950,904,8.615565635555097,1.4359276059258494,0.0,0.0,1.4359276059258494,2940.7797369361397,0.0,8.615565635555097,17644.678421616838,21571.9794630073,21571.9794630073,0.0,355737600.0
1.6486968517303466,5.200198779742685,28990,905,8.609667950943562,1.4349446584905938,0.0,0.0,1.4349446584905938,2938.766660588736,0.0,8.609667950943562,17632.599963532415,21600.025310097262,21600.025310097262,0.0,356229120.0
1.4176800489425658,4.12753364805546,29020,906,8.617477128961294,1.4362461881602155,0.0,0.0,1.4362461881602155,2941.4321933521214,0.0,8.617477128961294,17648.59316011273,21620.973864672706,21620.973864672706,0.0,356597760.0
1.9736989200115205,7.197249362275549,29050,907,8.62199871309416,1.4369997855156933,0.0,0.0,1.4369997855156933,2942.97556073614,0.0,8.62199871309416,17657.85336441684,21641.93630409427,21641.93630409427,0.0,356966400.0
1.3335383057594299,3.794445571693805,29080,908,8.625609110711245,1.4376015184518742,0.0,0.0,1.4376015184518742,2944.2079097894384,0.0,8.625609110711245,17665.24745873663,21662.9110983368,21662.9110983368,0.0,357335040.0
1.2353295981884003,3.4395119908211704,29110,909,8.633062587083542,1.4388437645139236,0.0,0.0,1.4388437645139236,2946.7520297245155,0.0,8.633062587083542,17680.512178347093,21683.897833559662,21683.897833559662,0.0,357703680.0
1.866180907189846,6.463564250404862,29150,910,8.632978091273769,1.4388296818789614,0.0,0.0,1.4388296818789614,2946.723188488113,0.0,8.632978091273769,17680.339130928678,21711.841610405594,21711.841610405594,0.0,358195200.0
1.1229644939303398,3.073953425606868,29180,911,8.60833587406443,1.4347226456774052,0.0,0.0,1.4347226456774052,2938.3119783473257,0.0,8.60833587406443,17629.871870083953,21732.812633017078,21732.812633017078,0.0,358563840.0
1.4121374398469926,4.104719625524703,29210,912,8.598673045074095,1.4331121741790158,0.0,0.0,1.4331121741790158,2935.0137327186244,0.0,8.598673045074095,17610.082396311747,21753.783767249435,21753.783767249435,0.0,358932480.0
1.5296916097402573,4.616752841132261,29240,913,7.919311196189111,1.3198851993648517,0.0,0.0,1.3198851993648517,2703.1248882992163,0.0,7.919311196189111,16218.749329795299,21774.86976869777,21774.86976869777,0.0,359301120.0
1.4940108463168145,4.454927764516093,29270,914,8.593584356024678,1.4322640593374465,0.0,0.0,1.4322640593374465,2933.2767935230904,0.0,8.593584356024678,17599.66076113854,21795.990738822147,21795.990738822147,0.0,359669760.0
1.3952630698680877,4.0360361924947386,29310,915,8.583180247134482,1.4305300411890804,0.0,0.0,1.4305300411890804,2929.7255243552368,0.0,8.583180247134482,17578.35314613142,21823.94169535674,21823.94169535674,0.0,360161280.0
0.9389572158455849,2.5573133016473153,29340,916,8.637134910504544,1.4395224850840906,0.0,0.0,1.4395224850840906,2948.1420494522176,0.0,8.637134910504544,17688.852296713307,21844.93201154098,21844.93201154098,0.0,360529920.0
1.5228926450014115,4.5854701667632005,29370,917,8.588319484088915,1.4313865806814858,0.0,0.0,1.4313865806814858,2931.479717235683,0.0,8.588319484088915,17588.878303414098,21865.932932654396,21865.932932654396,0.0,360898560.0
1.7997665703296661,6.048235462007732,29400,918,8.617121725940297,1.436186954323383,0.0,0.0,1.436186954323383,2941.3108824542883,0.0,8.617121725940297,17647.86529472573,21886.92324104719,21886.92324104719,0.0,361267200.0
1.1515980333089828,3.1632438418596847,29430,919,8.60339441902949,1.4338990698382486,0.0,0.0,1.4338990698382486,2936.625295028733,0.0,8.60339441902949,17619.751770172395,21907.95478663221,21907.95478663221,0.0,361635840.0
1.000903844833374,2.720739844110389,29470,920,8.660568281579542,1.4434280469299234,0.0,0.0,1.4434280469299234,2956.140640112483,0.0,8.660568281579542,17736.8438406749,21992.333639353514,21992.333639353514,0.0,362127360.0
1.314892429113388,3.7243503320350215,29500,921,8.651063316835035,1.4418438861391727,0.0,0.0,1.4418438861391727,2952.8962788130257,0.0,8.651063316835035,17717.377672878152,22013.27115782909,22013.27115782909,0.0,362496000.0
1.148532173037529,3.1535606295088074,29530,922,8.647419790886227,1.4412366318143712,0.0,0.0,1.4412366318143712,2951.6526219558323,0.0,8.647419790886227,17709.915731734993,22034.280464448035,22034.280464448035,0.0,362864640.0
1.0670232594013214,2.9067140752183835,29560,923,8.617265259864116,1.4362108766440194,0.0,0.0,1.4362108766440194,2941.3598753669517,0.0,8.617265259864116,17648.15925220171,22055.22678420134,22055.22678420134,0.0,363233280.0
1.1965783715248108,3.3087761291882214,29590,924,8.605249055428645,1.4342081759047742,0.0,0.0,1.4342081759047742,2937.2583442529776,0.0,8.605249055428645,17623.550065517866,22076.198164459318,22076.198164459318,0.0,363601920.0
1.3497312784194946,3.8563890964740417,29630,925,8.640456643825248,1.4400761073042079,0.0,0.0,1.4400761073042079,2949.2758677590177,0.0,8.640456643825248,17695.655206554107,22104.152025088668,22104.152025088668,0.0,364093440.0
1.4404640167951583,4.222654745195538,29660,926,8.583809151454286,1.4306348585757143,0.0,0.0,1.4306348585757143,2929.940190363063,0.0,8.583809151454286,17579.641142178378,22125.15381923318,22125.15381923318,0.0,364462080.0
1.4048210740089417,4.074797588840366,29690,927,8.624575971853067,1.437429328642178,0.0,0.0,1.437429328642178,2943.8552650591805,0.0,8.624575971853067,17663.131590355082,22146.131628893316,22146.131628893316,0.0,364830720.0
1.8380980730056762,6.284574086037432,29720,928,8.581168550753988,1.430194758458998,0.0,0.0,1.430194758458998,2929.038865324028,0.0,8.581168550753988,17574.233191944168,22169.76007226482,22169.76007226482,0.0,365199360.0
1.3660271152853967,3.919747017177116,29750,929,8.600681085678682,1.4334468476131137,0.0,0.0,1.4334468476131137,2935.699143911657,0.0,8.600681085678682,17614.19486346994,22190.77321187593,22190.77321187593,0.0,365568000.0
1.4981870502233505,4.473571353868547,29790,930,8.650019193857347,1.4416698656428912,0.0,0.0,1.4416698656428912,2952.5398848366412,0.0,8.650019193857347,17715.239309019846,22218.854585641995,22218.854585641995,0.0,366059520.0
2.059276419878006,7.840294675980744,29820,931,8.591304996787574,1.4318841661312625,0.0,0.0,1.4318841661312625,2932.4987722368255,0.0,8.591304996787574,17594.992633420952,22239.806756353006,22239.806756353006,0.0,366428160.0
1.1238726124167442,3.076746207435482,29850,932,8.619329193781503,1.4365548656302505,0.0,0.0,1.4365548656302505,2942.064364810753,0.0,8.619329193781503,17652.38618886452,22260.768657689914,22260.768657689914,0.0,366796800.0
0.9803520143032074,2.6653943337380266,29880,933,8.591820370557972,1.431970061759662,0.0,0.0,1.431970061759662,2932.674686483788,0.0,8.591820370557972,17596.048118902727,22281.745698018,22281.745698018,0.0,367165440.0
1.3704650849103928,3.9371813933780273,29910,934,8.588963111560378,1.4314938519267295,0.0,0.0,1.4314938519267295,2931.699408745942,0.0,8.588963111560378,17590.196452475655,22302.723598064855,22302.723598064855,0.0,367534080.0
1.568627741932869,4.800056755626853,29950,935,8.628372958123686,1.438062159687281,0.0,0.0,1.438062159687281,2945.1513030395513,0.0,8.628372958123686,17670.90781823731,22330.67919796519,22330.67919796519,0.0,368025600.0
1.2981761932373046,3.662610678371991,29980,936,8.601359031750759,1.4335598386251265,0.0,0.0,1.4335598386251265,2935.930549504259,0.0,8.601359031750759,17615.583297025554,22351.677835315466,22351.677835315466,0.0,368394240.0
1.1586311489343644,3.185569719762601,30010,937,8.603131164309765,1.4338551940516275,0.0,0.0,1.4338551940516275,2936.535437417733,0.0,8.603131164309765,17619.2126245064,22372.65413370356,22372.65413370356,0.0,368762880.0
1.1659913018345833,3.2091024961561647,30040,938,8.588123219403057,1.4313538699005095,0.0,0.0,1.4313538699005095,2931.4127255562435,0.0,8.588123219403057,17588.47635333746,22393.633853273466,22393.633853273466,0.0,369131520.0
1.4142237842082976,4.113292423965335,30070,939,8.610308706275195,1.4350514510458658,0.0,0.0,1.4350514510458658,2938.9853717419332,0.0,8.610308706275195,17633.9122304516,22414.642535498366,22414.642535498366,0.0,369500160.0
1.2627608820796012,3.5351682089562044,30110,940,8.568225644262759,1.4280376073771266,0.0,0.0,1.4280376073771266,2924.6210199083553,0.0,8.568225644262759,17547.72611945013,22442.638389257714,22442.638389257714,0.0,369991680.0
1.1692183375358582,3.2194751118794462,30140,941,8.614812597141443,1.4358020995235738,0.0,0.0,1.4358020995235738,2940.5226998242792,0.0,8.614812597141443,17643.136198945675,22463.63239533268,22463.63239533268,0.0,370360320.0
1.1402902394533156,3.127676008437681,30170,942,8.60936053500739,1.4348934225012318,0.0,0.0,1.4348934225012318,2938.6617292825226,0.0,8.60936053500739,17631.970375695135,22484.602138072252,22484.602138072252,0.0,370728960.0
0.7955938011407853,2.2157563248771845,30200,943,8.613711479193965,1.4356185798656609,0.0,0.0,1.4356185798656609,2940.1468515648735,0.0,8.613711479193965,17640.88110938924,22505.582094637677,22505.582094637677,0.0,371097600.0
1.955392599105835,7.066692856460108,30230,944,8.619735569304815,1.4366225948841358,0.0,0.0,1.4366225948841358,2942.20307432271,0.0,8.619735569304815,17653.21844593626,22526.562522877008,22526.562522877008,0.0,371466240.0
1.9965232484042645,7.363410793359191,30270,945,8.610953412623008,1.4351589021038347,0.0,0.0,1.4351589021038347,2939.2054315086534,0.0,8.610953412623008,17635.23258905192,22554.634019089863,22554.634019089863,0.0,371957760.0
1.233607715368271,3.4335946501601766,30300,946,8.622484193912525,1.437080698985421,0.0,0.0,1.437080698985421,2943.1412715221422,0.0,8.622484193912525,17658.84762913285,22575.602395737544,22575.602395737544,0.0,372326400.0
1.0063929036259651,2.7357152077995894,30330,947,8.61242662163329,1.4354044369388816,0.0,0.0,1.4354044369388816,2939.7082868508296,0.0,8.61242662163329,17638.249721104978,22596.825922306627,22596.825922306627,0.0,372695040.0
1.6476435214281082,5.1947241366002554,30360,948,8.576415359763994,1.4294025599606657,0.0,0.0,1.4294025599606657,2927.4164427994433,0.0,8.576415359763994,17564.49865679666,22617.97330200486,22617.97330200486,0.0,373063680.0
1.5471379578113555,4.69800503426033,30390,949,8.58827307033872,1.4313788450564533,0.0,0.0,1.4313788450564533,2931.4638746756164,0.0,8.58827307033872,17588.7832480537,22638.989219198003,22638.989219198003,0.0,373432320.0
1.4605501592159271,4.308329143436156,30430,950,8.626483611321815,1.4377472685536357,0.0,0.0,1.4377472685536357,2944.506405997846,0.0,8.626483611321815,17667.038435987077,22666.948655793443,22666.948655793443,0.0,373923840.0
1.4564061783254147,4.290512451308111,30460,951,8.5997343791797,1.4332890631966166,0.0,0.0,1.4332890631966166,2935.376001426671,0.0,8.5997343791797,17612.256008560027,22687.92924710922,22687.92924710922,0.0,374292480.0
1.2138149708509445,3.3663025331220147,30490,952,8.627317437137421,1.4378862395229035,0.0,0.0,1.4378862395229035,2944.7910185429064,0.0,8.627317437137421,17668.74611125744,22708.89385787025,22708.89385787025,0.0,374661120.0
1.1891009002923965,3.284127121838418,30520,953,8.602583992083527,1.433763998680588,0.0,0.0,1.433763998680588,2936.348669297844,0.0,8.602583992083527,17618.092015787064,22729.87291625701,22729.87291625701,0.0,375029760.0
1.672595101594925,5.325971315323406,30550,954,8.573852399849342,1.4289753999748902,0.0,0.0,1.4289753999748902,2926.541619148575,0.0,8.573852399849342,17559.24971489145,22750.85398165323,22750.85398165323,0.0,375398400.0
1.3750099688768387,3.955116150789841,30590,955,8.601596142892355,1.4335993571487258,0.0,0.0,1.4335993571487258,2936.0114834405904,0.0,8.601596142892355,17616.068900643542,22778.775385092944,22778.775385092944,0.0,375889920.0
1.527523335814476,4.606753301113666,30620,956,8.58159648401356,1.4302660806689267,0.0,0.0,1.4302660806689267,2929.184933209962,0.0,8.58159648401356,17575.10959925977,22799.891706349328,22799.891706349328,0.0,376258560.0
1.1148138046264648,3.049000416555467,30650,957,8.614278911747164,1.4357131519578608,0.0,0.0,1.4357131519578608,2940.340535209699,0.0,8.614278911747164,17642.04321125819,22820.87320485525,22820.87320485525,0.0,376627200.0
1.7009387224912644,5.479088321835656,30680,958,8.606647013597591,1.434441168932932,0.0,0.0,1.434441168932932,2937.7355139746446,0.0,8.606647013597591,17626.413083847867,22841.844986492768,22841.844986492768,0.0,376995840.0
1.0801213815808297,2.9450370026180472,30710,959,8.610026007327857,1.4350043345546428,0.0,0.0,1.4350043345546428,2938.8888771679085,0.0,8.610026007327857,17633.33326300745,22862.841612102464,22862.841612102464,0.0,377364480.0
2.3095039427280426,10.069428402718774,30750,960,8.660554310749628,1.4434257184582715,0.0,0.0,1.4434257184582715,2956.13587140254,0.0,8.660554310749628,17736.81522841524,22947.060357006267,22947.060357006267,0.0,377856000.0
0.9773362139239907,2.6573681452699063,30780,961,8.683268462882367,1.4472114104803944,0.0,0.0,1.4472114104803944,2963.8889686638477,0.0,8.683268462882367,17783.333811983088,22967.87679722719,22967.87679722719,0.0,378224640.0
1.5667206734418868,4.790911441774938,30810,962,8.640096550303772,1.4400160917172953,0.0,0.0,1.4400160917172953,2949.1529558370207,0.0,8.640096550303772,17694.917735022125,22988.77781189978,22988.77781189978,0.0,378593280.0
0.9363979533314705,2.5507768334143512,30840,963,8.60588454334592,1.4343140905576535,0.0,0.0,1.4343140905576535,2937.4752574620743,0.0,8.60588454334592,17624.851544772446,23009.728984905407,23009.728984905407,0.0,378961920.0
0.894186532497406,2.4453457708471227,30870,964,8.617509646216801,1.4362516077028,0.0,0.0,1.4362516077028,2941.4432925753345,0.0,8.617509646216801,17648.65975545201,23030.821768164635,23030.821768164635,0.0,379330560.0
1.9173643916845322,6.803004764289571,30910,965,8.597998528716104,1.4329997547860174,0.0,0.0,1.4329997547860174,2934.7834978017636,0.0,8.597998528716104,17608.70098681058,23058.805676853284,23058.805676853284,0.0,379822080.0
1.760519516468048,5.815457835865085,30940,966,8.618300694539995,1.4363834490899992,0.0,0.0,1.4363834490899992,2941.7133037363183,0.0,8.618300694539995,17650.27982241791,23079.79042109847,23079.79042109847,0.0,380190720.0
1.4274587988853455,4.168093757856589,30970,967,8.613121091008672,1.4355201818347787,0.0,0.0,1.4355201818347787,2939.9453323976268,0.0,8.613121091008672,17639.67199438576,23100.92525682226,23100.92525682226,0.0,380559360.0
1.2928121749311685,3.643016965143477,31000,968,8.617923746858267,1.4363206244763778,0.0,0.0,1.4363206244763778,2941.5846389276217,0.0,8.617923746858267,17649.50783356573,23124.5311417263,23124.5311417263,0.0,380928000.0
1.019013522565365,2.7704604188144346,31030,969,8.586235447148033,1.4310392411913386,0.0,0.0,1.4310392411913386,2930.7683659598615,0.0,8.586235447148033,17584.61019575917,23145.552443625405,23145.552443625405,0.0,381296640.0
1.963191556930542,7.122021167149292,31070,970,8.489756450693564,1.4149594084489274,0.0,0.0,1.4149594084489274,2897.8368685034034,0.0,8.489756450693564,17387.02121102042,23173.52338242531,23173.52338242531,0.0,381788160.0
1.009699598699808,2.744776356772603,31100,971,8.607957025715637,1.4346595042859394,0.0,0.0,1.4346595042859394,2938.182664777604,0.0,8.607957025715637,17629.095988665624,23194.508225206286,23194.508225206286,0.0,382156800.0
1.0535548001527786,2.8678275736107928,31130,972,8.603739234243081,1.4339565390405136,0.0,0.0,1.4339565390405136,2936.742991954972,0.0,8.603739234243081,17620.45795172983,23215.642219161615,23215.642219161615,0.0,382525440.0
1.1336984127759933,3.1071267133921308,31160,973,8.625423609928932,1.437570601654822,0.0,0.0,1.437570601654822,2944.1445921890754,0.0,8.625423609928932,17664.867553134452,23236.63292187825,23236.63292187825,0.0,382894080.0
2.2219968259334566,9.225734671416097,31190,974,8.603258205620804,1.4338763676034674,0.0,0.0,1.4338763676034674,2936.578800851901,0.0,8.603258205620804,17619.472805111407,23257.591175345704,23257.591175345704,0.0,383262720.0
1.3991387337446213,4.05170886355495,31230,975,8.610767344741591,1.4351278907902651,0.0,0.0,1.4351278907902651,2939.141920338463,0.0,8.610767344741591,17634.851522030778,23285.510052355006,23285.510052355006,0.0,383754240.0
1.3614520192146302,3.9018547586106753,31260,976,8.62834412605549,1.4380573543425816,0.0,0.0,1.4380573543425816,2945.141461693607,0.0,8.62834412605549,17670.848770161643,23306.471182312816,23306.471182312816,0.0,384122880.0
1.3768771678209304,3.9625080384051214,31290,977,8.593667429050269,1.4322779048417114,0.0,0.0,1.4322779048417114,2933.305149115825,0.0,8.593667429050269,17599.83089469495,23327.4449871704,23327.4449871704,0.0,384491520.0
1.4123488396406174,4.105587454132589,31320,978,8.617615925523648,1.436269320920608,0.0,0.0,1.436269320920608,2941.4795692454054,0.0,8.617615925523648,17648.87741547243,23348.404308175668,23348.404308175668,0.0,384860160.0
2.0646087884902955,7.882213681689618,31350,979,8.614384385711514,1.4357307309519192,0.0,0.0,1.4357307309519192,2940.3765369895305,0.0,8.614384385711514,17642.25922193718,23369.442794926465,23369.442794926465,0.0,385228800.0
1.3046384692192077,3.6863561215573992,31390,980,8.6230042963648,1.4371673827274667,0.0,0.0,1.4371673827274667,2943.318799825852,0.0,8.6230042963648,17659.91279895511,23397.521828325465,23397.521828325465,0.0,385720320.0
1.1267879262566567,3.085728975668106,31420,981,8.592297932187241,1.43204965536454,0.0,0.0,1.43204965536454,2932.837694186578,0.0,8.592297932187241,17597.02616511947,23418.497976645827,23418.497976645827,0.0,386088960.0
0.8260799914598465,2.2843465083192664,31450,982,8.62311471628269,1.4371857860471149,0.0,0.0,1.4371857860471149,2943.3564898244913,0.0,8.62311471628269,17660.138938946948,23439.46868316643,23439.46868316643,0.0,386457600.0
3.0764307618141173,21.680879905916605,31480,983,8.588714067021364,1.4314523445035605,0.0,0.0,1.4314523445035605,2931.614401543292,0.0,8.588714067021364,17589.686409259753,23460.61812022142,23460.61812022142,0.0,386826240.0
1.4249482579529285,4.157642712245485,31510,984,8.606735915937982,1.4344559859896635,0.0,0.0,1.4344559859896635,2937.765859306831,0.0,8.606735915937982,17626.595155840987,23481.577084429562,23481.577084429562,0.0,387194880.0
1.5143128514289856,4.5462960724306924,31550,985,8.592760063364036,1.4321266772273393,0.0,0.0,1.4321266772273393,2932.995434961591,0.0,8.592760063364036,17597.972609769546,23509.644121255726,23509.644121255726,0.0,387686400.0
1.5523188829421997,4.722408207528213,31580,986,8.601462788516939,1.4335771314194896,0.0,0.0,1.4335771314194896,2935.9659651471147,0.0,8.601462788516939,17615.79579088269,23530.64439542964,23530.64439542964,0.0,388055040.0
0.8546539694070816,2.350560873861041,31610,987,8.599924608422128,1.4333207680703546,0.0,0.0,1.4333207680703546,2935.440933008086,0.0,8.599924608422128,17612.64559804852,23551.63941046223,23551.63941046223,0.0,388423680.0
0.9553582936525344,2.599601836915645,31640,988,8.613179208414527,1.4355298680690878,0.0,0.0,1.4355298680690878,2939.9651698054918,0.0,8.613179208414527,17639.79101883295,23572.751977710053,23572.751977710053,0.0,388792320.0
1.311203521490097,3.7106368571255604,31670,989,8.625327265382005,1.4375545442303341,0.0,0.0,1.4375545442303341,2944.1117065837243,0.0,8.625327265382005,17664.670239502346,23593.776919303462,23593.776919303462,0.0,389160960.0
1.0698908388614654,2.9150612712009427,31710,990,8.623777341355472,1.4372962235592455,0.0,0.0,1.4372962235592455,2943.5826658493347,0.0,8.623777341355472,17661.495995096007,23621.734183505177,23621.734183505177,0.0,389652480.0
1.4253391861915587,4.159268369924881,31740,991,8.604077136533526,1.434012856088921,0.0,0.0,1.434012856088921,2936.85832927011,0.0,8.604077136533526,17621.14997562066,23642.707644419745,23642.707644419745,0.0,390021120.0
2.163739061355591,8.703620263574178,31770,992,8.60947152620754,1.43491192103459,0.0,0.0,1.43491192103459,2938.6996142788403,0.0,8.60947152620754,17632.197685673043,23663.66861052625,23663.66861052625,0.0,390389760.0
1.8876046180725097,6.603531740266478,31800,993,8.629533056904704,1.4382555094841172,0.0,0.0,1.4382555094841172,2945.547283423472,0.0,8.629533056904704,17673.283700540833,23684.62017006986,23684.62017006986,0.0,390758400.0
1.7327582746744157,5.656233858263823,31830,994,8.59720211644831,1.4328670194080517,0.0,0.0,1.4328670194080517,2934.51165574769,0.0,8.59720211644831,17607.06993448614,23705.570824690163,23705.570824690163,0.0,391127040.0
0.6669280856847764,1.9482432823350049,31870,995,8.625968263272645,1.4376613772121076,0.0,0.0,1.4376613772121076,2944.3305005303964,0.0,8.625968263272645,17665.983003182377,23733.48568983935,23733.48568983935,0.0,391618560.0
1.8376867383718491,6.281989554647072,31900,996,8.600148369007186,1.4333580615011978,0.0,0.0,1.4333580615011978,2935.517309954453,0.0,8.600148369007186,17613.103859726718,23754.457971282303,23754.457971282303,0.0,391987200.0
1.785676497220993,5.96361295085936,31930,997,8.573428809662108,1.4289048016103514,0.0,0.0,1.4289048016103514,2926.3970336979996,0.0,8.573428809662108,17558.382202187997,23775.463333109394,23775.463333109394,0.0,392355840.0
1.4373605728149415,4.209570286689782,31960,998,8.630330776888211,1.438388462814702,0.0,0.0,1.438388462814702,2945.8195718445095,0.0,8.630330776888211,17674.917431067057,23796.588711004704,23796.588711004704,0.0,392724480.0
1.1194631069898606,3.0632091461435165,31990,999,8.621864967662722,1.4369774946104537,0.0,0.0,1.4369774946104537,2942.929908962209,0.0,8.621864967662722,17657.579453773254,23817.62548216991,23817.62548216991,0.0,393093120.0
1.4407629057765008,4.223917038804318,32030,1000,8.661959245094117,1.443659874182353,0.0,0.0,1.443659874182353,2956.615422325459,0.0,8.661959245094117,17739.69253395275,23901.91587553732,23901.91587553732,0.0,393584640.0
1.4610358595848083,4.310422208750535,32060,1001,8.65020207227309,1.4417003453788486,0.0,0.0,1.4417003453788486,2952.602307335882,0.0,8.65020207227309,17715.61384401529,23922.765545276925,23922.765545276925,0.0,393953280.0
1.2665881991386414,3.548724343814097,32090,1002,8.598995594429727,1.4331659324049546,0.0,0.0,1.4331659324049546,2935.123829565347,0.0,8.598995594429727,17610.74297739208,23943.693790368736,23943.693790368736,0.0,394321920.0
1.640123325586319,5.155805315741966,32120,1003,7.955996229758976,1.3259993716264962,0.0,0.0,1.3259993716264962,2715.646713091064,0.0,7.955996229758976,16293.880278546383,23967.429205086082,23967.429205086082,0.0,394690560.0
1.2877377644181252,3.6245776255129774,32150,1004,8.676444458132329,1.446074076355388,0.0,0.0,1.446074076355388,2961.559708375835,0.0,8.676444458132329,17769.35825025501,23988.314132757485,23988.314132757485,0.0,395059200.0
2.045908033847809,7.736180062886103,32190,1005,8.600080531273383,1.4333467552122305,0.0,0.0,1.4333467552122305,2935.494154674648,0.0,8.600080531273383,17612.964928047888,24016.32508619316,24016.32508619316,0.0,395550720.0
1.3592697709798813,3.8933492269176373,32220,1006,8.590199502299052,1.431699917049842,0.0,0.0,1.431699917049842,2932.121430118076,0.0,8.590199502299052,17592.72858070846,24037.254574675113,24037.254574675113,0.0,395919360.0
0.9083940595388412,2.480336061185161,32250,1007,8.618404687500721,1.4364007812501203,0.0,0.0,1.4364007812501203,2941.7488000002463,0.0,8.618404687500721,17650.492800001477,24058.21601945348,24058.21601945348,0.0,396288000.0
1.1746947050094605,3.2371545059088076,32280,1008,8.601116536628298,1.433519422771383,0.0,0.0,1.433519422771383,2935.8477778357924,0.0,8.601116536628298,17615.086667014755,24079.183851458132,24079.183851458132,0.0,396656640.0
1.411977007985115,4.104061150534291,32310,1009,8.615155471128602,1.4358592451881005,0.0,0.0,1.4358592451881005,2940.63973414523,0.0,8.615155471128602,17643.838404871378,24100.248864918947,24100.248864918947,0.0,397025280.0
1.9378369003534317,6.943714767138233,32350,1010,8.58597439716905,1.4309957328615084,0.0,0.0,1.4309957328615084,2930.679260900369,0.0,8.58597439716905,17584.075565402214,24128.239177336916,24128.239177336916,0.0,397516800.0
2.7233801901340486,15.231721441026455,32380,1011,8.641163383472382,1.4401938972453967,0.0,0.0,1.4401938972453967,2949.5171015585724,0.0,8.641163383472382,17697.102609351437,24149.245089961216,24149.245089961216,0.0,397885440.0
1.1737862423062324,3.234215007190244,32410,1012,8.565007109508581,1.4275011849180967,0.0,0.0,1.4275011849180967,2923.522426712262,0.0,8.565007109508581,17541.134560273575,24170.25225422345,24170.25225422345,0.0,398254080.0
0.9573898002505302,2.6048883131370477,32440,1013,8.598350324828397,1.4330583874713994,0.0,0.0,1.4330583874713994,2934.903577541426,0.0,8.598350324828397,17609.421465248557,24191.255342597142,24191.255342597142,0.0,398622720.0
1.267243492603302,3.5510505617789536,32470,1014,8.595345751806436,1.4325576253010728,0.0,0.0,1.4325576253010728,2933.878016616597,0.0,8.595345751806436,17603.26809969958,24212.38678410463,24212.38678410463,0.0,398991360.0
1.4152008399367333,4.117313303882907,32510,1015,8.602959771329733,1.4338266285549552,0.0,0.0,1.4338266285549552,2936.4769352805483,0.0,8.602959771329733,17618.861611683293,24240.360792754218,24240.360792754218,0.0,399482880.0
2.051162639260292,7.776937625190934,32540,1016,8.586137698875905,1.4310229498126508,0.0,0.0,1.4310229498126508,2930.735001216309,0.0,8.586137698875905,17584.410007297854,24261.35211415775,24261.35211415775,0.0,399851520.0
1.1718531146645546,3.2279688959709745,32570,1017,8.575577908302906,1.429262984717151,0.0,0.0,1.429262984717151,2927.130592700725,0.0,8.575577908302906,17562.78355620435,24282.343100270256,24282.343100270256,0.0,400220160.0
1.5404131770133973,4.666517970678191,32600,1018,8.634968555018279,1.4391614258363796,0.0,0.0,1.4391614258363796,2947.4026001129055,0.0,8.634968555018279,17684.415600677436,24303.31890517287,24303.31890517287,0.0,400588800.0
1.7883357852697372,5.979493020988864,32630,1019,8.583386520979905,1.4305644201633176,0.0,0.0,1.4305644201633176,2929.7959324944745,0.0,8.583386520979905,17578.775594966846,24324.352925146,24324.352925146,0.0,400957440.0
1.5197984218597411,4.5713036273775565,32670,1020,8.629436967297568,1.4382394945495947,0.0,0.0,1.4382394945495947,2945.51448483757,0.0,8.629436967297568,17673.08690902542,24352.328237283975,24352.328237283975,0.0,401448960.0
1.1177282974123954,3.057899668377049,32700,1021,8.61299449519778,1.4354990825329634,0.0,0.0,1.4354990825329634,2939.902121027509,0.0,8.61299449519778,17639.412726165054,24373.305114541203,24373.305114541203,0.0,401817600.0
0.9131178935058415,2.4920804744102982,32730,1022,8.591353700349085,1.4318922833915142,0.0,0.0,1.4318922833915142,2932.515396385821,0.0,8.591353700349085,17595.092378314926,24394.416314831004,24394.416314831004,0.0,402186240.0
1.6990000396966933,5.468476397477498,32760,1023,8.621853925282556,1.4369756542137593,0.0,0.0,1.4369756542137593,2942.926139829779,0.0,8.621853925282556,17657.556838978675,24415.383780222386,24415.383780222386,0.0,402554880.0
2.006681442260742,7.43859094845915,32790,1024,8.593122227876675,1.432187037979446,0.0,0.0,1.432187037979446,2933.119053781905,0.0,8.593122227876675,17598.71432269143,24436.377479180694,24436.377479180694,0.0,402923520.0
1.469621142745018,4.347587713865505,32830,1025,8.624916632868919,1.4374861054781531,0.0,0.0,1.4374861054781531,2943.9715440192576,0.0,8.624916632868919,17663.829264115546,24464.485924482346,24464.485924482346,0.0,403415040.0
1.710455483198166,5.531480400300298,32860,1026,8.59295853430917,1.4321597557181949,0.0,0.0,1.4321597557181949,2933.063179710863,0.0,8.59295853430917,17598.37907826518,24485.479695323855,24485.479695323855,0.0,403783680.0
2.516565743088722,12.385986877942306,32890,1027,8.606803433272484,1.4344672388787474,0.0,0.0,1.4344672388787474,2937.7889052236746,0.0,8.606803433272484,17626.733431342047,24506.479877509177,24506.479877509177,0.0,404152320.0
1.595853355526924,4.932536483925053,32920,1028,8.586542335341385,1.431090389223564,0.0,0.0,1.431090389223564,2930.873117129859,0.0,8.586542335341385,17585.238702779156,24527.46523115784,24527.46523115784,0.0,404520960.0
1.2689450204372406,3.5570979165617627,32950,1029,8.59498756226789,1.4324979270446485,0.0,0.0,1.4324979270446485,2933.75575458744,0.0,8.59498756226789,17602.53452752464,24548.51662520878,24548.51662520878,0.0,404889600.0
2.187865912914276,8.916164924260398,32990,1030,8.617365769882785,1.4362276283137974,0.0,0.0,1.4362276283137974,2941.394182786657,0.0,8.617365769882785,17648.365096719943,24576.611244745553,24576.611244745553,0.0,405381120.0
2.154711093008518,8.625397881212768,33020,1031,8.583301679683192,1.4305502799471987,0.0,0.0,1.4305502799471987,2929.766973331863,0.0,8.583301679683192,17578.601839991177,24597.76497459039,24597.76497459039,0.0,405749760.0
1.4238866299390793,4.153231184385706,33050,1032,8.62117036817712,1.43686172802952,0.0,0.0,1.43686172802952,2942.692819004457,0.0,8.62117036817712,17656.156914026742,24618.744422897696,24618.744422897696,0.0,406118400.0
0.8359673693776131,2.3070447335927886,33080,1033,8.629293316574495,1.4382155527624159,0.0,0.0,1.4382155527624159,2945.4654520574277,0.0,8.629293316574495,17672.792712344566,24639.72807702422,24639.72807702422,0.0,406487040.0
1.6058079183101654,4.981882931699893,33110,1034,8.598910340987771,1.4331517234979618,0.0,0.0,1.4331517234979618,2935.094729723826,0.0,8.598910340987771,17610.568378342956,24660.736756166443,24660.736756166443,0.0,406855680.0
1.721013456583023,5.590191010298862,33150,1035,8.580121804136832,1.4300203006894718,0.0,0.0,1.4300203006894718,2928.6815758120383,0.0,8.580121804136832,17572.08945487223,24688.70472086221,24688.70472086221,0.0,407347200.0
1.2052559435367585,3.3376132092871864,33180,1036,8.612465790069566,1.4354109650115943,0.0,0.0,1.4354109650115943,2939.721656343745,0.0,8.612465790069566,17638.32993806247,24709.70405779779,24709.70405779779,0.0,407715840.0
1.1070359140634536,3.0253776118732167,33210,1037,8.593750366120897,1.4322917276868161,0.0,0.0,1.4322917276868161,2933.3334583025994,0.0,8.593750366120897,17600.000749815597,24730.675350297242,24730.675350297242,0.0,408084480.0
1.7339349448680879,5.66289329726661,33240,1038,8.610940142345745,1.4351566903909576,0.0,0.0,1.4351566903909576,2939.200901920681,0.0,8.610940142345745,17635.205411524086,24751.665604446083,24751.665604446083,0.0,408453120.0
1.3704044550657273,3.9369426899180766,33270,1039,8.630829811231322,1.4384716352052205,0.0,0.0,1.4384716352052205,2945.9899089002915,0.0,8.630829811231322,17675.93945340175,24772.702530173585,24772.702530173585,0.0,408821760.0
1.170079979300499,3.2222503415512587,33310,1040,8.675070788241396,1.4458451313735659,0.0,0.0,1.4458451313735659,2961.090829053063,0.0,8.675070788241396,17766.544974318378,24861.708973800763,24861.708973800763,0.0,409313280.0
0.8790157735347748,2.4085280024595077,33340,1041,8.688962852235619,1.4481604753726032,0.0,0.0,1.4481604753726032,2965.8326535630913,0.0,8.688962852235619,17794.995921378548,24882.525238081813,24882.525238081813,0.0,409681920.0
1.232555365562439,3.429983208080249,33370,1042,8.646489458017783,1.441081576336297,0.0,0.0,1.441081576336297,2951.335068336736,0.0,8.646489458017783,17708.01041002042,24903.392451524734,24903.392451524734,0.0,410050560.0
1.4011482626199723,4.059859075811527,33400,1043,8.616667100858155,1.4361111834763591,0.0,0.0,1.4361111834763591,2941.1557037595835,0.0,8.616667100858155,17646.934222557502,24924.30859167874,24924.30859167874,0.0,410419200.0
1.4909115105867385,4.441141822387636,33430,1044,8.588780637788629,1.4314634396314383,0.0,0.0,1.4314634396314383,2931.6371243651856,0.0,8.588780637788629,17589.822746191112,24945.259641764686,24945.259641764686,0.0,410787840.0
1.7871753215789794,5.9725580611116955,33470,1045,8.611440999945927,1.4352401666576546,0.0,0.0,1.4352401666576546,2939.3718613148767,0.0,8.611440999945927,17636.23116788926,24973.216199476272,24973.216199476272,0.0,411279360.0
0.8635657519102097,2.371602179641644,33500,1046,8.620368504164512,1.4367280840274186,0.0,0.0,1.4367280840274186,2942.4191160881533,0.0,8.620368504164512,17654.51469652892,24994.185246430337,24994.185246430337,0.0,411648000.0
1.2846550568938255,3.6134213174467544,33530,1047,8.590838164903733,1.4318063608172888,0.0,0.0,1.4318063608172888,2932.3394269538076,0.0,8.590838164903733,17594.036561722845,25015.15892007202,25015.15892007202,0.0,412016640.0
1.0782871127128602,2.939639964252067,33560,1048,8.598852725860139,1.43314212097669,0.0,0.0,1.43314212097669,2935.075063760261,0.0,8.598852725860139,17610.450382561565,25036.151392493397,25036.151392493397,0.0,412385280.0
0.9060251839458943,2.4744674074272024,33590,1049,8.648126602106178,1.441354433684363,0.0,0.0,1.441354433684363,2951.893880185575,0.0,8.648126602106178,17711.363281113452,25057.264243843034,25057.264243843034,0.0,412753920.0
0.8947890073060989,2.446819473962526,33630,1050,8.617558220837203,1.4362597034728675,0.0,0.0,1.4362597034728675,2941.4598727124326,0.0,8.617558220837203,17648.759236274593,25085.201948545873,25085.201948545873,0.0,413245440.0
1.2911074221134187,3.63681181233568,33660,1051,8.628156381424613,1.438026063570769,0.0,0.0,1.438026063570769,2945.0773781929347,0.0,8.628156381424613,17670.46426915761,25106.304336190224,25106.304336190224,0.0,413614080.0
1.674514392018318,5.336203216918627,33690,1052,8.585326217828301,1.4308877029713838,0.0,0.0,1.4308877029713838,2930.458015685394,0.0,8.585326217828301,17582.74809411236,25127.26281691715,25127.26281691715,0.0,413982720.0
1.4913136512041092,4.442928145054299,33720,1053,8.614927553597433,1.4358212589329054,0.0,0.0,1.4358212589329054,2940.56193829459,0.0,8.614927553597433,17643.371629767542,25148.23948345706,25148.23948345706,0.0,414351360.0
1.009830404818058,2.7451354137962123,33750,1054,8.636007797230317,1.4393346328717196,0.0,0.0,1.4393346328717196,2947.7573281212817,0.0,8.636007797230317,17686.54396872769,25169.230784829706,25169.230784829706,0.0,414720000.0
1.1476188823580742,3.1506818267707364,33790,1055,8.583402153735022,1.4305670256225038,0.0,0.0,1.4305670256225038,2929.801268474888,0.0,8.583402153735022,17578.807610849326,25197.30948074907,25197.30948074907,0.0,415211520.0
1.4193586155772209,4.134467806415801,33820,1056,8.599685913452237,1.433280985575373,0.0,0.0,1.433280985575373,2935.359458458364,0.0,8.599685913452237,17612.156750750182,25218.282607320696,25218.282607320696,0.0,415580160.0
1.3143670469522477,3.722394138728263,33850,1057,8.60000548508989,1.4333342475149817,0.0,0.0,1.4333342475149817,2935.4685389106826,0.0,8.60000548508989,17612.811233464094,25239.26291336119,25239.26291336119,0.0,415948800.0
1.6591357260942459,5.254767323028117,33880,1058,8.584652752762521,1.4307754587937533,0.0,0.0,1.4307754587937533,2930.228139609607,0.0,8.584652752762521,17581.368837657643,25260.228748237714,25260.228748237714,0.0,416317440.0
1.0975573390722275,2.9968368200034465,33910,1059,8.6333594113919,1.4388932352319836,0.0,0.0,1.4388932352319836,2946.8533457551025,0.0,8.6333594113919,17681.120074530612,25281.429467985407,25281.429467985407,0.0,416686080.0
1.4136391520500182,4.110888363751808,33950,1060,8.612702823125915,1.4354504705209856,0.0,0.0,1.4354504705209856,2939.8025636269786,0.0,8.612702823125915,17638.815381761873,25309.406121589243,25309.406121589243,0.0,417177600.0
1.06555577814579,2.9024516550735715,33980,1061,8.62308814691688,1.4371813578194799,0.0,0.0,1.4371813578194799,2943.3474208142948,0.0,8.62308814691688,17660.08452488577,25330.366312328726,25330.366312328726,0.0,417546240.0
1.817436408996582,6.156056592490935,34010,1062,8.614879745900177,1.435813290983363,0.0,0.0,1.435813290983363,2940.5456199339274,0.0,8.614879745900177,17643.273719603563,25351.352150067687,25351.352150067687,0.0,417914880.0
1.6184149228036404,5.045087122847514,34040,1063,8.579779759152075,1.4299632931920125,0.0,0.0,1.4299632931920125,2928.5648244572417,0.0,8.579779759152075,17571.38894674345,25372.33250530623,25372.33250530623,0.0,418283520.0
0.8906108736991882,2.436617662395112,34070,1064,8.597807512629368,1.4329679187715614,0.0,0.0,1.4329679187715614,2934.7182976441577,0.0,8.597807512629368,17608.309785864945,25393.314180759713,25393.314180759713,0.0,418652160.0
1.2548020839691163,3.507144185592358,34110,1065,8.614123014969543,1.4356871691615904,0.0,0.0,1.4356871691615904,2940.2873224429372,0.0,8.614123014969543,17641.723934657624,25421.548190725967,25421.548190725967,0.0,419143680.0
0.8515282660722733,2.3432251884595874,34140,1066,8.629954937910146,1.4383258229850244,0.0,0.0,1.4383258229850244,2945.69128547333,0.0,8.629954937910146,17674.14771283998,25442.530195284635,25442.530195284635,0.0,419512320.0
1.0203737527132035,2.7742314467510054,34170,1067,8.602112258239499,1.43368537637325,0.0,0.0,1.43368537637325,2936.187650812416,0.0,8.602112258239499,17617.125904874494,25463.66380480118,25463.66380480118,0.0,419880960.0
1.5708269312977792,4.810624605487079,34200,1068,8.625407084659544,1.4375678474432574,0.0,0.0,1.4375678474432574,2944.138951563791,0.0,8.625407084659544,17664.833709382747,25484.661362420768,25484.661362420768,0.0,420249600.0
1.0645389884710312,2.899501972056954,34230,1069,8.610332170420211,1.4350553617367017,0.0,0.0,1.4350553617367017,2938.993380836765,0.0,8.610332170420211,17633.960285020592,25505.68377317302,25505.68377317302,0.0,420618240.0
1.71891488134861,5.578471874933573,34270,1070,8.639625756643868,1.4399376261073114,0.0,0.0,1.4399376261073114,2948.9922582677737,0.0,8.639625756643868,17693.953549606642,25533.702473120764,25533.702473120764,0.0,421109760.0
1.0851407647132874,2.9598564327586563,34300,1071,8.600872677286443,1.4334787795477404,0.0,0.0,1.4334787795477404,2935.7645405137723,0.0,8.600872677286443,17614.587243082635,25554.70160080865,25554.70160080865,0.0,421478400.0
2.260399453341961,9.586917928413259,34330,1072,8.624076759951736,1.4373461266586227,0.0,0.0,1.4373461266586227,2943.6848673968593,0.0,8.624076759951736,17662.109204381155,25575.684314249083,25575.684314249083,0.0,421847040.0
1.3000722646713256,3.6695618377180255,34360,1073,8.594944550798882,1.4324907584664803,0.0,0.0,1.4324907584664803,2933.7410733393517,0.0,8.594944550798882,17602.44644003611,25596.683265607804,25596.683265607804,0.0,422215680.0
1.2019688397645951,3.326660140116781,34390,1074,8.59943905895736,1.4332398431595599,0.0,0.0,1.4332398431595599,2935.2751987907786,0.0,8.59943905895736,17611.651192744674,25617.685134429485,25617.685134429485,0.0,422584320.0
1.9367684990167617,6.936300054649248,34430,1075,8.573669768870468,1.4289449614784113,0.0,0.0,1.4289449614784113,2926.4792811077864,0.0,8.573669768870468,17558.87568664672,25645.642604282126,25645.642604282126,0.0,423075840.0
1.5765869468450546,4.838413834369964,34460,1076,8.600509572157696,1.4334182620262825,0.0,0.0,1.4334182620262825,2935.6406006298266,0.0,8.600509572157696,17613.84360377896,25666.63308257796,25666.63308257796,0.0,423444480.0
1.3592471823096275,3.8932612823290467,34490,1077,8.60060953094005,1.4334349218233418,0.0,0.0,1.4334349218233418,2935.674719894204,0.0,8.60060953094005,17614.04831936522,25687.617430012673,25687.617430012673,0.0,423813120.0
1.404331275820732,4.0728022490608256,34520,1078,8.580830285302865,1.4301383808838108,0.0,0.0,1.4301383808838108,2928.9234040500446,0.0,8.580830285302865,17573.540424300267,25708.59587254934,25708.59587254934,0.0,424181760.0
1.71598162651062,5.562132770411641,34550,1079,8.59301444294988,1.43216907382498,0.0,0.0,1.43216907382498,2933.082263193559,0.0,8.59301444294988,17598.493579161353,25729.802192213014,25729.802192213014,0.0,424550400.0
1.6237336963415145,5.071992286541689,34590,1080,8.667846419440036,1.4446410699066727,0.0,0.0,1.4446410699066727,2958.6249111688658,0.0,8.667846419440036,17751.749467013193,25814.670234153047,25814.670234153047,0.0,425041920.0
1.3799315571784974,3.9746295833220087,34620,1081,8.645176381506383,1.440862730251064,0.0,0.0,1.440862730251064,2950.886871554179,0.0,8.645176381506383,17705.321229325073,25835.66367371753,25835.66367371753,0.0,425410560.0
1.7507247388362885,5.75877477170972,34650,1082,8.635240498097707,1.4392067496829513,0.0,0.0,1.4392067496829513,2947.495423350684,0.0,8.635240498097707,17684.972540104103,25856.55927439034,25856.55927439034,0.0,425779200.0
1.2273280382156373,3.412100343571604,34680,1083,8.607212377314008,1.4345353962190013,0.0,0.0,1.4345353962190013,2937.9284914565146,0.0,8.607212377314008,17627.57094873909,25877.499074760824,25877.499074760824,0.0,426147840.0
1.0278197288513184,2.794965404386804,34710,1084,8.627171430890812,1.4378619051484685,0.0,0.0,1.4378619051484685,2944.7411817440634,0.0,8.627171430890812,17668.447090464382,25898.502028374,25898.502028374,0.0,426516480.0
2.2438952565193175,9.42999207761469,34750,1085,8.56163083361325,1.4269384722688752,0.0,0.0,1.4269384722688752,2922.3699912066563,0.0,8.56163083361325,17534.219947239937,25926.48957161419,25926.48957161419,0.0,427008000.0
1.8302571177482605,6.235489707502609,34780,1086,8.595001517294476,1.4325002528824127,0.0,0.0,1.4325002528824127,2933.760517903181,0.0,8.595001517294476,17602.563107419086,25947.60567511432,25947.60567511432,0.0,427376640.0
0.8370468616485596,2.3095365152389706,34810,1087,8.598397788581755,1.433066298096959,0.0,0.0,1.433066298096959,2934.919778502572,0.0,8.598397788581755,17609.518671015434,25968.572991117835,25968.572991117835,0.0,427745280.0
1.8029526472091675,6.067536335881951,34840,1088,8.639385316189367,1.4398975526982278,0.0,0.0,1.4398975526982278,2948.9101879259706,0.0,8.639385316189367,17693.461127555824,25989.710634090006,25989.710634090006,0.0,428113920.0
1.4349555253982544,4.1994582354020515,34870,1089,8.627570631863952,1.4379284386439921,0.0,0.0,1.4379284386439921,2944.877442342896,0.0,8.627570631863952,17669.264654057373,26010.742002926767,26010.742002926767,0.0,428482560.0
1.4284453511238098,4.172207829122959,34910,1090,8.604390633670777,1.434065105611796,0.0,0.0,1.434065105611796,2936.965336292958,0.0,8.604390633670777,17621.79201775775,26038.709968635812,26038.709968635812,0.0,428974080.0
1.9820676654577256,7.257734047560698,34940,1091,8.603994689465866,1.4339991149109774,0.0,0.0,1.4339991149109774,2936.8301873376818,0.0,8.603994689465866,17620.981124026093,26059.683524020016,26059.683524020016,0.0,429342720.0
1.0905651435256005,2.975955439360565,34970,1092,8.6165341085221,1.4360890180870165,0.0,0.0,1.4360890180870165,2941.11030904221,0.0,8.6165341085221,17646.66185425326,26080.657502314076,26080.657502314076,0.0,429711360.0
1.1360132038593291,3.1143273934227924,35000,1093,8.598324607863697,1.4330541013106162,0.0,0.0,1.4330541013106162,2934.894799484142,0.0,8.598324607863697,17609.36879690485,26101.637290600687,26101.637290600687,0.0,430080000.0
1.8824717342853545,6.569723420574439,35030,1094,8.615280713397693,1.4358801188996155,0.0,0.0,1.4358801188996155,2940.6824835064126,0.0,8.615280713397693,17644.094901038476,26122.601015375927,26122.601015375927,0.0,430448640.0
2.384327045083046,10.851757463617906,35070,1095,8.587087812097984,1.4311813020163306,0.0,0.0,1.4311813020163306,2931.059306529445,0.0,8.587087812097984,17586.35583917667,26150.549272073433,26150.549272073433,0.0,430940160.0
1.2765935197472573,3.5844086875900945,35100,1096,8.613944964370567,1.4356574940617612,0.0,0.0,1.4356574940617612,2940.226547838487,0.0,8.613944964370567,17641.359287030922,26173.93348294869,26173.93348294869,0.0,431308800.0
1.8770368576049805,6.5341146362857625,35130,1097,8.628866542168062,1.438144423694677,0.0,0.0,1.438144423694677,2945.3197797266985,0.0,8.628866542168062,17671.91867836019,26195.048614434898,26195.048614434898,0.0,431677440.0
1.0549009814858437,2.871690789267827,35160,1098,8.627510124887083,1.437918354147847,0.0,0.0,1.437918354147847,2944.856789294791,0.0,8.627510124887083,17669.140735768746,26216.015628878027,26216.015628878027,0.0,432046080.0
0.8568563312292099,2.355743364154843,35190,1099,8.603236721612259,1.4338727869353762,0.0,0.0,1.4338727869353762,2936.5714676436505,0.0,8.603236721612259,17619.428805861906,26237.027396593243,26237.027396593243,0.0,432414720.0
1.2654404535889625,3.5446536477499606,35230,1100,8.609505064590442,1.4349175107650738,0.0,0.0,1.4349175107650738,2938.711062046871,0.0,8.609505064590442,17632.266372281225,26264.996166093275,26264.996166093275,0.0,432906240.0
1.2307954102754592,3.423951899972035,35260,1101,8.616341991400613,1.4360569985667688,0.0,0.0,1.4360569985667688,2941.0447330647426,0.0,8.616341991400613,17646.268398388456,26285.95944056101,26285.95944056101,0.0,433274880.0
2.335768759250641,10.337403850334491,35290,1102,8.614148791971255,1.4356914653285426,0.0,0.0,1.4356914653285426,2940.2961209928553,0.0,8.614148791971255,17641.77672595713,26306.945717666298,26306.945717666298,0.0,433643520.0
1.473710548877716,4.365403168211484,35320,1103,8.623386167169173,1.437231027861529,0.0,0.0,1.437231027861529,2943.4491450604114,0.0,8.623386167169173,17660.694870362466,26327.90868180245,26327.90868180245,0.0,434012160.0
1.8505457788705826,6.363291525104604,35350,1104,8.604228038868905,1.4340380064781508,0.0,0.0,1.4340380064781508,2936.909837267253,0.0,8.604228038868905,17621.45902360352,26348.895730357617,26348.895730357617,0.0,434380800.0
1.046649381518364,2.848092242428436,35390,1105,8.626797703755935,1.4377996172926557,0.0,0.0,1.4377996172926557,2944.613616215359,0.0,8.626797703755935,17667.681697292155,26376.959379440174,26376.959379440174,0.0,434872320.0
0.770126736164093,2.1600399916211326,35420,1106,8.610092241472538,1.4350153735787563,0.0,0.0,1.4350153735787563,2938.911485089293,0.0,8.610092241472538,17633.468910535757,26397.92366318591,26397.92366318591,0.0,435240960.0
1.4756602048873901,4.373922504922435,35450,1107,8.60464139266553,1.4341068987775882,0.0,0.0,1.4341068987775882,2937.0509286965007,0.0,8.60464139266553,17622.305572179004,26418.90110815689,26418.90110815689,0.0,435609600.0
1.5339893132448197,4.636636973444447,35480,1108,8.612191157990045,1.4353651929983406,0.0,0.0,1.4353651929983406,2939.6279152606016,0.0,8.612191157990045,17637.767491563613,26439.88020775281,26439.88020775281,0.0,435978240.0
1.789762592315674,5.988030693119315,35510,1109,8.613748114096241,1.4356246856827068,0.0,0.0,1.4356246856827068,2940.1593562781836,0.0,8.613748114096241,17640.9561376691,26460.90454679355,26460.90454679355,0.0,436346880.0
1.604898402094841,4.977353888322068,35550,1110,8.588161880878962,1.431360313479827,0.0,0.0,1.431360313479827,2931.4259220066856,0.0,8.588161880878962,17588.555532040114,26488.87606410496,26488.87606410496,0.0,436838400.0
0.6824449867010116,1.9787097417275241,35580,1111,8.62858284289729,1.4380971404828817,0.0,0.0,1.4380971404828817,2945.222943708942,0.0,8.62858284289729,17671.33766225365,26509.855690578,26509.855690578,0.0,437207040.0
0.9903277099132538,2.69211656109146,35610,1112,8.60534534275845,1.4342242237930751,0.0,0.0,1.4342242237930751,2937.291210328218,0.0,8.60534534275845,17623.747261969307,26530.859713915735,26530.859713915735,0.0,437575680.0
0.8099954962730408,2.2478978627354675,35640,1113,8.628240909986577,1.4380401516644294,0.0,0.0,1.4380401516644294,2945.1062306087515,0.0,8.628240909986577,17670.63738365251,26551.979711091146,26551.979711091146,0.0,437944320.0
1.2113752007484435,3.3580995396238853,35670,1114,8.617553898204031,1.4362589830340051,0.0,0.0,1.4362589830340051,2941.4583972536425,0.0,8.617553898204031,17648.750383521856,26573.1316639781,26573.1316639781,0.0,438312960.0
0.8799183711409568,2.4107029154569277,35710,1115,8.627361766804153,1.4378936278006922,0.0,0.0,1.4378936278006922,2944.8061497358176,0.0,8.627361766804153,17668.836898414906,26601.216153778136,26601.216153778136,0.0,438804480.0
1.2726486057043076,3.5702963576886955,35740,1116,8.59837757970008,1.4330629299500133,0.0,0.0,1.4330629299500133,2934.912880537627,0.0,8.59837757970008,17609.477283225762,26622.174554144964,26622.174554144964,0.0,439173120.0
1.4120279490947723,4.104270221288504,35770,1117,8.621689389091854,1.4369482315153088,0.0,0.0,1.4369482315153088,2942.8699781433525,0.0,8.621689389091854,17657.219868860117,26643.148848658428,26643.148848658428,0.0,439541760.0
0.7182559922337532,2.0508533856978985,35800,1118,8.602171169018368,1.4336951948363945,0.0,0.0,1.4336951948363945,2936.207759024936,0.0,8.602171169018368,17617.246554149617,26664.12657647021,26664.12657647021,0.0,439910400.0
1.9989526331424714,7.381321097863185,35830,1119,8.635093239766105,1.4391822066276843,0.0,0.0,1.4391822066276843,2947.4451591734974,0.0,8.635093239766105,17684.670955040983,26685.167693905532,26685.167693905532,0.0,440279040.0
0.9840787768363952,2.6753461580018696,35870,1120,8.709387052086315,1.4515645086810525,0.0,0.0,1.4515645086810525,2972.8041137787955,0.0,8.709387052086315,17836.824682672774,26770.53204649873,26770.53204649873,0.0,440770560.0
0.9615179002285004,2.615663778321677,35900,1121,8.652755628375326,1.4421259380625542,0.0,0.0,1.4421259380625542,2953.473921152111,0.0,8.652755628375326,17720.843526912668,26791.36980373226,26791.36980373226,0.0,441139200.0
1.2492444798350335,3.487706928886592,35930,1122,8.63524006984565,1.4392066783076085,0.0,0.0,1.4392066783076085,2947.4952771739822,0.0,8.63524006984565,17684.971663043892,26812.26147769019,26812.26147769019,0.0,441507840.0
1.583916398882866,4.874007036500675,35960,1123,8.595360212575784,1.4325600354292973,0.0,0.0,1.4325600354292973,2933.882952559201,0.0,8.595360212575784,17603.297715355206,26833.36350167729,26833.36350167729,0.0,441876480.0
2.17250314950943,8.78023479669135,35990,1124,8.593500356121769,1.432250059353628,0.0,0.0,1.432250059353628,2933.24812155623,0.0,8.593500356121769,17599.488729337383,26854.351203177124,26854.351203177124,0.0,442245120.0
0.9276642560958862,2.5285961216368658,36030,1125,8.638811385760926,1.4398018976268208,0.0,0.0,1.4398018976268208,2948.714286339729,0.0,8.638811385760926,17692.285718038376,26882.292034413666,26882.292034413666,0.0,442736640.0
2.4973689794540403,12.150483697087763,36060,1126,8.649428103245977,1.4415713505409962,0.0,0.0,1.4415713505409962,2952.33812590796,0.0,8.649428103245977,17714.02875544776,26903.26891870983,26903.26891870983,0.0,443105280.0
1.03800588946917,2.8235808643299616,36090,1127,8.641121971659029,1.4401869952765047,0.0,0.0,1.4401869952765047,2949.5029663262817,0.0,8.641121971659029,17697.01779795769,26924.24310640432,26924.24310640432,0.0,443473920.0
1.3951820343732835,4.035709143556297,36120,1128,8.61023231922842,1.4350387198714032,0.0,0.0,1.4350387198714032,2938.9592982966337,0.0,8.61023231922842,17633.755789779803,26945.22621815093,26945.22621815093,0.0,443842560.0
1.1587892681360246,3.1860734593279223,36150,1129,8.619506682844392,1.436584447140732,0.0,0.0,1.436584447140732,2942.1249477442193,0.0,8.619506682844392,17652.749686465315,26966.27063790895,26966.27063790895,0.0,444211200.0
0.6046970795025117,1.8306975690657574,36190,1130,8.619616713358162,1.4366027855596937,0.0,0.0,1.4366027855596937,2942.1625048262526,0.0,8.619616713358162,17652.975028957517,26994.226050596684,26994.226050596684,0.0,444702720.0
1.0953265562653542,2.990158979125982,36220,1131,8.628136679516597,1.4380227799194327,0.0,0.0,1.4380227799194327,2945.070653274998,0.0,8.628136679516597,17670.42391964999,27015.20260806568,27015.20260806568,0.0,445071360.0
1.8954231679439544,6.6553641455869545,36250,1132,8.608911284014644,1.434818547335774,0.0,0.0,1.434818547335774,2938.508384943665,0.0,8.608911284014644,17631.05030966199,27036.172607589513,27036.172607589513,0.0,445440000.0
1.6371107995510101,5.14029668979383,36280,1133,8.609428645780925,1.4349047742968208,0.0,0.0,1.4349047742968208,2938.684977759889,0.0,8.609428645780925,17632.109866559334,27057.163756448776,27057.163756448776,0.0,445808640.0
1.1967131584882735,3.3092221391329404,36310,1134,8.635607433124767,1.4392679055207944,0.0,0.0,1.4392679055207944,2947.620670506587,0.0,8.635607433124767,17685.724023039522,27078.22602657415,27078.22602657415,0.0,446177280.0
1.4122651517391205,4.105243880510819,36350,1135,8.637445482774073,1.4395742471290123,0.0,0.0,1.4395742471290123,2948.248058120217,0.0,8.637445482774073,17689.4883487213,27108.504872092977,27108.504872092977,0.0,446668800.0
1.5997303172945976,4.951696857308725,36380,1136,8.645138504305336,1.4408564173842227,0.0,0.0,1.4408564173842227,2950.873942802888,0.0,8.645138504305336,17705.24365681733,27129.581356134266,27129.581356134266,0.0,447037440.0
1.0497600167989731,2.856965412082682,36410,1137,8.608349561905028,1.4347249269841713,0.0,0.0,1.4347249269841713,2938.316650463583,0.0,8.608349561905028,17629.899902781497,27150.525605605915,27150.525605605915,0.0,447406080.0
1.7820769935846328,5.942185491600925,36440,1138,8.616518055218837,1.436086342536473,0.0,0.0,1.436086342536473,2941.1048295146966,0.0,8.616518055218837,17646.628977088178,27171.486508052796,27171.486508052796,0.0,447774720.0
1.5972946733236313,4.939650962422845,36470,1139,8.60137269741302,1.4335621162355032,0.0,0.0,1.4335621162355032,2935.9352140503106,0.0,8.60137269741302,17615.611284301864,27192.639480549842,27192.639480549842,0.0,448143360.0
1.3329194515943528,3.792098089697029,36510,1140,8.646083248030255,1.441013874671709,0.0,0.0,1.441013874671709,2951.19641532766,0.0,8.646083248030255,17707.178491965962,27220.59360239841,27220.59360239841,0.0,448634880.0
1.135064034163952,3.1113727706804806,36540,1141,8.600612355446636,1.4334353925744392,0.0,0.0,1.4334353925744392,2935.6756839924515,0.0,8.600612355446636,17614.05410395471,27241.55476329662,27241.55476329662,0.0,449003520.0
2.054977238178253,7.806660176806184,36570,1142,8.632511762926967,1.4387519604878278,0.0,0.0,1.4387519604878278,2946.5640150790714,0.0,8.632511762926967,17679.38409047443,27262.51586139202,27262.51586139202,0.0,449372160.0
1.7447013020515443,5.724191415805902,36600,1143,8.618967192260618,1.4364945320434361,0.0,0.0,1.4364945320434361,2941.940801624957,0.0,8.618967192260618,17651.644809749745,27283.50388467498,27283.50388467498,0.0,449740800.0
1.3572949409484862,3.88566811088725,36630,1144,8.616868268211,1.4361447113685002,0.0,0.0,1.4361447113685002,2941.2243688826884,0.0,8.616868268211,17647.34621329613,27304.468786317855,27304.468786317855,0.0,450109440.0
1.1542764514684678,3.1717276881807535,36670,1145,8.629154698392252,1.438192449732042,0.0,0.0,1.438192449732042,2945.418137051222,0.0,8.629154698392252,17672.508822307333,27332.57147122547,27332.57147122547,0.0,450600960.0
1.5079576045274734,4.517494854765707,36700,1146,8.608272461972538,1.4347120769954231,0.0,0.0,1.4347120769954231,2938.2903336866266,0.0,8.608272461972538,17629.742002119758,27353.548742333427,27353.548742333427,0.0,450969600.0
1.414429447054863,4.114138462390358,36730,1147,8.602888086767939,1.4338146811279897,0.0,0.0,1.4338146811279897,2936.452466950123,0.0,8.602888086767939,17618.71480170074,27374.51523086615,27374.51523086615,0.0,451338240.0
1.4318662643432618,4.186505030840162,36760,1148,8.588036384043393,1.4313393973405655,0.0,0.0,1.4313393973405655,2931.383085753478,0.0,8.588036384043393,17588.29851452087,27395.476088574156,27395.476088574156,0.0,451706880.0
0.6982134655117989,2.0101582805477327,36790,1149,8.592633950770367,1.4321056584617278,0.0,0.0,1.4321056584617278,2932.9523885296185,0.0,8.592633950770367,17597.71433117771,27416.49217398092,27416.49217398092,0.0,452075520.0
1.7780193358659744,5.918122988490889,36830,1150,8.605346710589687,1.434224451764948,0.0,0.0,1.434224451764948,2937.2916772146136,0.0,8.605346710589687,17623.75006328768,27444.5620725099,27444.5620725099,0.0,452567040.0
1.046869048476219,2.8487179429073652,36860,1151,8.597004103339602,1.432834017223267,0.0,0.0,1.432834017223267,2934.4440672732508,0.0,8.597004103339602,17606.664403639505,27465.54973684065,27465.54973684065,0.0,452935680.0
1.0721319615840912,2.9216016073641975,36890,1152,8.627706171958463,1.437951028659744,0.0,0.0,1.437951028659744,2944.9237066951555,0.0,8.627706171958463,17669.542240170933,27486.61905174516,27486.61905174516,0.0,453304320.0
1.7448488861322402,5.725036277676279,36920,1153,8.625282067447376,1.4375470112412292,0.0,0.0,1.4375470112412292,2944.0962790220374,0.0,8.625282067447376,17664.577674132226,27507.719305701554,27507.719305701554,0.0,453672960.0
1.1859536111354827,3.273807272451511,36950,1154,8.608855824038537,1.434809304006423,0.0,0.0,1.434809304006423,2938.489454605154,0.0,8.608855824038537,17630.936727630924,27528.68736809306,27528.68736809306,0.0,454041600.0
0.9703716203570366,2.63892495539084,36990,1155,8.62320330125479,1.4372005502091318,0.0,0.0,1.4372005502091318,2943.386726828302,0.0,8.62320330125479,17660.32036096981,27556.622124228626,27556.622124228626,0.0,454533120.0
1.0932217240333557,2.983871815161776,37020,1156,8.607492695002142,1.4345821158336902,0.0,0.0,1.4345821158336902,2938.0241732273976,0.0,8.607492695002142,17628.145039364386,27577.605603376403,27577.605603376403,0.0,454901760.0
0.9018231511116028,2.4640914295012273,37050,1157,8.61877767624466,1.4364629460407767,0.0,0.0,1.4364629460407767,2941.8761134915108,0.0,8.61877767624466,17651.256680949064,27598.562017994,27598.562017994,0.0,455270400.0
1.319946140050888,3.743219762205516,37080,1158,8.59295295265415,1.4321588254423583,0.0,0.0,1.4321588254423583,2933.0612745059498,0.0,8.59295295265415,17598.3676470357,27619.527391687036,27619.527391687036,0.0,455639040.0
1.1341722398996352,3.108599303154463,37110,1159,8.661780434303807,1.4436300723839681,0.0,0.0,1.4436300723839681,2956.5543882423667,0.0,8.661780434303807,17739.326329454198,27640.506414357573,27640.506414357573,0.0,456007680.0
1.5173903092741967,4.56030865745617,37150,1160,8.69326650153738,1.44887775025623,0.0,0.0,1.44887775025623,2967.301632524759,0.0,8.69326650153738,17803.809795148554,27725.141259141266,27725.141259141266,0.0,456499200.0
1.8071800202131272,6.093240367173753,37180,1161,8.661288003280239,1.4435480005467065,0.0,0.0,1.4435480005467065,2956.386305119655,0.0,8.661288003280239,17738.31783071793,27745.95849503763,27745.95849503763,0.0,456867840.0
0.8823900192975997,2.4166686944904052,37210,1162,8.616212719642292,1.4360354532737154,0.0,0.0,1.4360354532737154,2941.000608304569,0.0,8.616212719642292,17646.003649827413,27766.854795409366,27766.854795409366,0.0,457236480.0
1.1225118786096573,3.07256242200989,37240,1163,8.609884889192296,1.4349808148653826,0.0,0.0,1.4349808148653826,2938.8407088443037,0.0,8.609884889192296,17633.044253065822,27787.80351372622,27787.80351372622,0.0,457605120.0
1.0830474674701691,2.9536670538129783,37270,1164,8.634111692177665,1.439018615362944,0.0,0.0,1.439018615362944,2947.1101242633094,0.0,8.634111692177665,17682.66074557986,27808.81741623208,27808.81741623208,0.0,457973760.0
1.2090448871254922,3.350283225288479,37310,1165,8.585218136435865,1.4308696894059776,0.0,0.0,1.4308696894059776,2930.421123903442,0.0,8.585218136435865,17582.52674342065,27836.963598528877,27836.963598528877,0.0,458465280.0
1.2973966777324677,3.6597567290534063,37340,1166,8.60085522402382,1.4334758706706365,0.0,0.0,1.4334758706706365,2935.7585831334636,0.0,8.60085522402382,17614.55149880078,27857.97490106523,27857.97490106523,0.0,458833920.0
1.7188083857297898,5.577877823751667,37370,1167,8.644582519109996,1.4407637531849995,0.0,0.0,1.4407637531849995,2950.684166522879,0.0,8.644582519109996,17704.10499913727,27878.98906719312,27878.98906719312,0.0,459202560.0
2.033160799741745,7.638191035936639,37400,1168,8.585896278648576,1.430982713108096,0.0,0.0,1.430982713108096,2930.652596445381,0.0,8.585896278648576,17583.915578672284,27902.598769109696,27902.598769109696,0.0,459571200.0
1.062667053937912,2.8940793711470265,37430,1169,8.653389400345072,1.4422315667241785,0.0,0.0,1.4422315667241785,2953.6902486511176,0.0,8.653389400345072,17722.141491906707,27923.68086249754,27923.68086249754,0.0,459939840.0
1.756144568324089,5.790071082756214,37470,1170,8.616751646474157,1.4361252744123594,0.0,0.0,1.4361252744123594,2941.184561996512,0.0,8.616751646474157,17647.107371979073,27951.698479870334,27951.698479870334,0.0,460431360.0
1.8219532936811447,6.183925683583565,37500,1171,8.650506220871103,1.4417510368118507,0.0,0.0,1.4417510368118507,2952.70612339067,0.0,8.650506220871103,17716.23674034402,27972.62566139549,27972.62566139549,0.0,460800000.0
1.5870500564575196,4.889304461497229,37530,1172,8.625525823187392,1.4375876371978986,0.0,0.0,1.4375876371978986,2944.1794809812964,0.0,8.625525823187392,17665.07688588778,27993.585691217333,27993.585691217333,0.0,461168640.0
2.549691063165665,12.803147807668074,37560,1173,8.624615481793846,1.4374359136323076,0.0,0.0,1.4374359136323076,2943.868751118966,0.0,8.624615481793846,17663.212506713797,28014.560518853366,28014.560518853366,0.0,461537280.0
1.2614244878292085,3.5304469858979144,37590,1174,8.617293257201386,1.4362155428668975,0.0,0.0,1.4362155428668975,2941.369431791406,0.0,8.617293257201386,17648.216590748438,28035.56452102959,28035.56452102959,0.0,461905920.0
0.8316986337304115,2.2972175592262225,37630,1175,8.618253933113099,1.4363756555188498,0.0,0.0,1.4363756555188498,2941.6973425026044,0.0,8.618253933113099,17650.184055015627,28063.509952425957,28063.509952425957,0.0,462397440.0
1.685799166560173,5.39676212126157,37660,1176,8.583476590216959,1.4305794317028264,0.0,0.0,1.4305794317028264,2929.8266761273885,0.0,8.583476590216959,17578.960056764332,28084.493259740993,28084.493259740993,0.0,462766080.0
1.072120577841997,2.9215683487943016,37690,1177,8.61670067227616,1.4361167787126934,0.0,0.0,1.4361167787126934,2941.167162803596,0.0,8.61670067227616,17647.002976821575,28105.487844884396,28105.487844884396,0.0,463134720.0
1.1155092276632785,3.0511214991237527,37720,1178,8.605334066788092,1.434222344464682,0.0,0.0,1.434222344464682,2937.2873614636687,0.0,8.605334066788092,17623.724168782013,28126.457365384325,28126.457365384325,0.0,463503360.0
1.6600932478904724,5.259801286954492,37750,1179,8.641804929008376,1.4403008215013962,0.0,0.0,1.4403008215013962,2949.7360824348593,0.0,8.641804929008376,17698.416494609155,28147.480175597593,28147.480175597593,0.0,463872000.0
0.906025841832161,2.4744690353458627,37790,1180,8.598230084135025,1.4330383473558377,0.0,0.0,1.4330383473558377,2934.8625353847556,0.0,8.598230084135025,17609.17521230853,28175.576934639364,28175.576934639364,0.0,464363520.0
1.7209587097167969,5.589884973236804,37820,1181,8.617152165843759,1.4361920276406266,0.0,0.0,1.4361920276406266,2941.3212726080033,0.0,8.617152165843759,17647.92763564802,28196.546306800097,28196.546306800097,0.0,464732160.0
0.8087650269269944,2.245133594344859,37850,1182,8.649387204408482,1.4415645340680805,0.0,0.0,1.4415645340680805,2952.324165771429,0.0,8.649387204408482,17713.94499462857,28217.51350886561,28217.51350886561,0.0,465100800.0
1.5003474444150924,4.483246478716489,37880,1183,8.614585527124833,1.4357642545208054,0.0,0.0,1.4357642545208054,2940.4451932586094,0.0,8.614585527124833,17642.671159551657,28238.485137773678,28238.485137773678,0.0,465469440.0
1.9546755790710448,7.061627712224273,37910,1184,8.609877548046008,1.4349795913410015,0.0,0.0,1.4349795913410015,2938.838203066371,0.0,8.609877548046008,17633.029218398224,28259.465949278325,28259.465949278325,0.0,465838080.0
1.60580413043499,4.9818640609849485,37950,1185,8.61647102503149,1.436078504171915,0.0,0.0,1.436078504171915,2941.088776544082,0.0,8.61647102503149,17646.532659264492,28287.56912603043,28287.56912603043,0.0,466329600.0
1.5505181342363357,4.713911989132972,37980,1186,8.61414059122833,1.435690098538055,0.0,0.0,1.435690098538055,2940.2933218059366,0.0,8.61414059122833,17641.75993083562,28308.541411768645,28308.541411768645,0.0,466698240.0
3.17317618727684,23.883221599498228,38010,1187,8.603010158020332,1.433835026336722,0.0,0.0,1.433835026336722,2936.494133937607,0.0,8.603010158020332,17618.96480362564,28329.515308633447,28329.515308633447,0.0,467066880.0
1.289145639538765,3.6296841720211765,38040,1188,8.624405258894342,1.4374008764823902,0.0,0.0,1.4374008764823902,2943.796995035935,0.0,8.624405258894342,17662.781970215612,28350.59120956622,28350.59120956622,0.0,467435520.0
1.1637868374586104,3.2020359358765,38070,1189,8.617462501463425,1.436243750243904,0.0,0.0,1.436243750243904,2941.4272004995155,0.0,8.617462501463425,17648.563202997095,28371.602933362126,28371.602933362126,0.0,467804160.0
1.2394259810447692,3.453630446331485,38110,1190,8.642073500455124,1.4403455834091874,0.0,0.0,1.4403455834091874,2949.827754822016,0.0,8.642073500455124,17698.966528932095,28399.56804095581,28399.56804095581,0.0,468295680.0
1.2834256678819655,3.6089817465228835,38140,1191,8.588064512325559,1.4313440853875932,0.0,0.0,1.4313440853875932,2931.392686873791,0.0,8.588064512325559,17588.356121242745,28420.539748325944,28420.539748325944,0.0,468664320.0
0.7679993480443954,2.155449632673677,38170,1192,8.638198487433693,1.4396997479056155,0.0,0.0,1.4396997479056155,2948.5050837107005,0.0,8.638198487433693,17691.030502264202,28441.49928350933,28441.49928350933,0.0,469032960.0
2.198951169103384,9.015552748664664,38200,1193,8.58726518909238,1.4312108648487298,0.0,0.0,1.4312108648487298,2931.1198512101987,0.0,8.58726518909238,17586.719107261193,28462.462817089632,28462.462817089632,0.0,469401600.0
1.2527505304664373,3.4999564671694743,38230,1194,8.616529245275313,1.4360882075458854,0.0,0.0,1.4360882075458854,2941.1086490539733,0.0,8.616529245275313,17646.65189432384,28483.416615873575,28483.416615873575,0.0,469770240.0
1.5557533979415894,4.738655273775853,38270,1195,8.596918614056477,1.432819769009413,0.0,0.0,1.432819769009413,2934.414886931278,0.0,8.596918614056477,17606.489321587665,28511.47752281092,28511.47752281092,0.0,470261760.0
1.854109650850296,6.386009940185246,38300,1196,8.59444655038707,1.4324077583978452,0.0,0.0,1.4324077583978452,2933.571089198787,0.0,8.59444655038707,17601.42653519272,28532.465010961518,28532.465010961518,0.0,470630400.0
1.0054516553878785,2.7331414321512577,38330,1197,8.612131108301927,1.4353551847169879,0.0,0.0,1.4353551847169879,2939.607418300391,0.0,8.612131108301927,17637.644509802347,28553.553322393447,28553.553322393447,0.0,470999040.0
0.9466158509254455,2.576974022051634,38360,1198,8.585942952777481,1.4309904921295804,0.0,0.0,1.4309904921295804,2930.6685278813807,0.0,8.585942952777481,17584.01116728828,28574.515640510246,28574.515640510246,0.0,471367680.0
1.479731148481369,4.3917647895505105,38390,1199,8.58500224493688,1.4308337074894804,0.0,0.0,1.4308337074894804,2930.3474329384558,0.0,8.58500224493688,17582.084597630732,28595.54316375777,28595.54316375777,0.0,471736320.0
1.0951877027750014,2.9897438139392554,38430,1200,8.696548995179107,1.449424832529851,0.0,0.0,1.449424832529851,2968.422057021135,0.0,8.696548995179107,17810.53234212681,28680.401115499437,28680.401115499437,0.0,472227840.0
1.5103220969438553,4.528189075310075,38460,1201,8.648904727189015,1.441484121198169,0.0,0.0,1.441484121198169,2952.15948021385,0.0,8.648904727189015,17712.956881283102,28701.236915929243,28701.236915929243,0.0,472596480.0
1.6855118066072463,5.395211530751926,38490,1202,8.60341519149379,1.4339025319156316,0.0,0.0,1.4339025319156316,2936.6323853632134,0.0,8.60341519149379,17619.79431217928,28722.138373039663,28722.138373039663,0.0,472965120.0
0.9317700117826462,2.5389992613037133,38520,1203,8.632669390222128,1.4387782317036881,0.0,0.0,1.4387782317036881,2946.6178185291533,0.0,8.632669390222128,17679.70691117492,28745.717716338113,28745.717716338113,0.0,473333760.0
1.1224768698215484,3.072454857205974,38550,1204,8.640054024748055,1.4400090041246758,0.0,0.0,1.4400090041246758,2949.138440447336,0.0,8.640054024748055,17694.830642684017,28766.625142613426,28766.625142613426,0.0,473702400.0
1.3189049184322357,3.739324269253418,38590,1205,8.605028753249677,1.4341714588749461,0.0,0.0,1.4341714588749461,2937.1831477758897,0.0,8.605028753249677,17623.098886655338,28794.52690986544,28794.52690986544,0.0,474193920.0
0.8716160476207733,2.390771333649801,38620,1206,8.59790847574245,1.4329847459570753,0.0,0.0,1.4329847459570753,2934.75275972009,0.0,8.59790847574245,17608.516558320538,28815.629763247445,28815.629763247445,0.0,474562560.0
1.809683507680893,6.108513828553498,38650,1207,8.615675116116346,1.4359458526860578,0.0,0.0,1.4359458526860578,2940.8171063010464,0.0,8.615675116116346,17644.902637806277,28836.617257947102,28836.617257947102,0.0,474931200.0
2.852733847498894,17.335108662394227,38680,1208,8.648147126779268,1.4413578544632113,0.0,0.0,1.4413578544632113,2951.9008859406567,0.0,8.648147126779268,17711.40531564394,28857.59472104162,28857.59472104162,0.0,475299840.0
1.9972740650177,7.368941440505462,38710,1209,8.609659919812712,1.4349433199687853,0.0,0.0,1.4349433199687853,2938.7639192960723,0.0,8.609659919812712,17632.583515776434,28878.62009628117,28878.62009628117,0.0,475668480.0
1.3710031057940797,3.9393002491337397,38750,1210,8.62110389426478,1.43685064904413,0.0,0.0,1.43685064904413,2942.670129242378,0.0,8.62110389426478,17656.020775454268,28906.574659489095,28906.574659489095,0.0,476160000.0
1.410378384590149,4.097505543734,38780,1211,8.654343423635323,1.4423905706058873,0.0,0.0,1.4423905706058873,2954.015888600857,0.0,8.654343423635323,17724.095331605142,28927.524966605008,28927.524966605008,0.0,476528640.0
0.8494804412126541,2.3384315835738,38810,1212,8.619668725405761,1.4366114542342934,0.0,0.0,1.4366114542342934,2942.180258271833,0.0,8.619668725405761,17653.081549631,28948.479350432754,28948.479350432754,0.0,476897280.0
0.79806147813797,2.221230847690399,38840,1213,8.589676546663636,1.4316127577772726,0.0,0.0,1.4316127577772726,2931.9429279278543,0.0,8.589676546663636,17591.657567567127,28969.44919284247,28969.44919284247,0.0,477265920.0
2.003850780427456,7.417564586268123,38870,1214,8.600235874261323,1.4333726457102203,0.0,0.0,1.4333726457102203,2935.547178414531,0.0,8.600235874261323,17613.28307048719,28990.416509749368,28990.416509749368,0.0,477634560.0
1.3341736882925033,3.7968572622246404,38910,1215,8.642012998550392,1.4403354997583988,0.0,0.0,1.4403354997583988,2949.8071035052008,0.0,8.642012998550392,17698.842621031203,29018.333602357656,29018.333602357656,0.0,478126080.0
1.2884352803230286,3.627106707990417,38940,1216,8.618824108973225,1.4364706848288709,0.0,0.0,1.4364706848288709,2941.8919625295275,0.0,8.618824108973225,17651.351775177165,29039.27900466509,29039.27900466509,0.0,478494720.0
0.6743647277355194,1.962785676523008,38970,1217,8.66663654407401,1.444439424012335,0.0,0.0,1.444439424012335,2958.211940377262,0.0,8.66663654407401,17749.27164226357,29060.196763694286,29060.196763694286,0.0,478863360.0
1.2052566230297088,3.3376154771726037,39000,1218,8.617147659203065,1.4361912765338443,0.0,0.0,1.4361912765338443,2941.319734341313,0.0,8.617147659203065,17647.918406047876,29081.228210857138,29081.228210857138,0.0,479232000.0
0.8465054973261431,2.3314852184765247,39030,1219,8.615602309274488,1.4359337182124148,0.0,0.0,1.4359337182124148,2940.7922548990255,0.0,8.615602309274488,17644.75352939415,29102.239842180163,29102.239842180163,0.0,479600640.0
