metric/train_loss,metric/train_ppl,samples,step,throughput/batches_per_sec,throughput/device/batches_per_sec,throughput/device/flops_per_sec,throughput/device/mfu,throughput/device/samples_per_sec,throughput/device/tokens_per_sec,throughput/flops_per_sec,throughput/samples_per_sec,throughput/tokens_per_sec,time/total,time/train,time/val,total_tokens
3.1470729887485502,23.267859524528465,30,0,8.751072607474901,1.4585121012458169,0.0,0.0,1.4585121012458169,2987.032783351433,0.0,8.751072607474901,17922.196700108598,23.679247740656137,23.679247740656137,0.0,368640.0
1.8446457415819169,6.325858404819146,60,1,8.69468293841812,1.4491138230696865,0.0,0.0,1.4491138230696865,2967.785109646718,0.0,8.69468293841812,17806.71065788031,45.06987537257373,45.06987537257373,0.0,737280.0
2.2016499638557434,9.03991673702644,90,2,8.596819911153535,1.432803318525589,0.0,0.0,1.432803318525589,2934.3811963404064,0.0,8.596819911153535,17606.28717804244,65.95949486456811,65.95949486456811,0.0,1105920.0
3.549210548400879,34.78584490400507,120,3,8.581067683231527,1.4301779472052547,0.0,0.0,1.4301779472052547,2929.0044358763616,0.0,8.581067683231527,17574.026615258168,86.9451510515064,86.9451510515064,0.0,1474560.0
3.9839001893997192,53.72616836335635,150,4,8.567657209617954,1.4279428682696589,0.0,0.0,1.4279428682696589,2924.4269942162614,0.0,8.567657209617954,17546.56196529757,107.9915400724858,107.9915400724858,0.0,1843200.0
2.491325479745865,12.077273697541692,190,5,8.599050215825791,1.4331750359709652,0.0,0.0,1.4331750359709652,2935.1424736685367,0.0,8.599050215825791,17610.85484201122,136.0335913207382,136.0335913207382,0.0,2334720.0
2.844255179911852,17.18875137263922,220,6,8.594186938402542,1.432364489733757,0.0,0.0,1.432364489733757,2933.4824749747345,0.0,8.594186938402542,17600.894849848406,157.06271830759943,157.06271830759943,0.0,2703360.0
2.1290452778339386,8.406836785402662,250,7,8.612042439837351,1.4353404066395585,0.0,0.0,1.4353404066395585,2939.577152797816,0.0,8.612042439837351,17637.462916786895,178.06762926094234,178.06762926094234,0.0,3072000.0
3.069991785287857,21.541725715199764,280,8,8.618360369129439,1.4363933948549066,0.0,0.0,1.4363933948549066,2941.7336726628487,0.0,8.618360369129439,17650.40203597709,199.05684948340058,199.05684948340058,0.0,3440640.0
2.372849500179291,10.727917976170241,310,9,8.606474894136447,1.4344124823560744,0.0,0.0,1.4344124823560744,2937.6767638652404,0.0,8.606474894136447,17626.060583191444,220.07718425244093,220.07718425244093,0.0,3809280.0
2.474404963850975,11.874639170904073,350,10,8.58610241987169,1.4310170699786149,0.0,0.0,1.4310170699786149,2930.7229593162033,0.0,8.58610241987169,17584.33775589722,248.10641132853925,248.10641132853925,0.0,4300800.0
2.0166854739189146,7.513380321682059,380,11,8.572510621261861,1.42875177021031,0.0,0.0,1.42875177021031,2926.083625390715,0.0,8.572510621261861,17556.50175234429,269.1362153682858,269.1362153682858,0.0,4669440.0
2.5458548188209535,12.754125894435447,410,12,8.602380699914091,1.4337301166523484,0.0,0.0,1.4337301166523484,2936.2792789040095,0.0,8.602380699914091,17617.67567342406,290.1348743028939,290.1348743028939,0.0,5038080.0
1.7143290162086486,5.55294832374024,440,13,8.634857819740946,1.4391429699568243,0.0,0.0,1.4391429699568243,2947.3648024715762,0.0,8.634857819740946,17684.188814829457,311.1250758767128,311.1250758767128,0.0,5406720.0
1.4447361648082733,4.240733140569636,470,14,8.62883636616349,1.4381393943605816,0.0,0.0,1.4381393943605816,2945.309479650471,0.0,8.62883636616349,17671.85687790283,332.09465859644115,332.09465859644115,0.0,5775360.0
2.5476285994052885,12.776768991323149,510,15,8.620639689895144,1.4367732816491907,0.0,0.0,1.4367732816491907,2942.5116808175426,0.0,8.620639689895144,17655.070084905255,360.08014608733356,360.08014608733356,0.0,6266880.0
2.8847526788711546,17.899140212487243,540,16,8.600617947056607,1.4334363245094344,0.0,0.0,1.4334363245094344,2935.6775925953216,0.0,8.600617947056607,17614.06555557193,381.2546308916062,381.2546308916062,0.0,6635520.0
3.6261089563369753,37.5663595213287,570,17,8.633360903836806,1.438893483972801,0.0,0.0,1.438893483972801,2946.8538551762963,0.0,8.633360903836806,17681.12313105778,402.4450353719294,402.4450353719294,0.0,7004160.0
3.144012039899826,23.196746688604964,600,18,8.62446145049028,1.43741024174838,0.0,0.0,1.43741024174838,2943.8161751006824,0.0,8.62446145049028,17662.897050604093,423.42708923108876,423.42708923108876,0.0,7372800.0
3.16016366481781,23.574453922056776,630,19,8.63771189561329,1.4396186492688814,0.0,0.0,1.4396186492688814,2948.338993702669,0.0,8.63771189561329,17690.033962216017,444.4004371780902,444.4004371780902,0.0,7741440.0
2.025148314237595,7.577234673085937,670,20,8.645949972683018,1.4409916621138366,0.0,0.0,1.4409916621138366,2951.1509240091373,0.0,8.645949972683018,17706.90554405482,472.3310049585998,472.3310049585998,0.0,8232960.0
3.0395822167396545,20.89651119859203,700,21,8.621077221924475,1.4368462036540792,0.0,0.0,1.4368462036540792,2942.6610250835543,0.0,8.621077221924475,17655.966150501325,493.29239954799414,493.29239954799414,0.0,8601600.0
1.9062810271978379,6.728020887291363,730,22,8.607996199513682,1.4346660332522805,0.0,0.0,1.4346660332522805,2938.1960361006704,0.0,8.607996199513682,17629.17621660402,514.2659929357469,514.2659929357469,0.0,8970240.0
1.2125318050384521,3.3619857789449963,760,23,8.654449590345545,1.442408265057591,0.0,0.0,1.442408265057591,2954.052126837946,0.0,8.654449590345545,17724.312761027675,535.2108080647886,535.2108080647886,0.0,9338880.0
3.33791002035141,28.160210892763452,790,24,8.604272223504552,1.4340453705840919,0.0,0.0,1.4340453705840919,2936.92491895622,0.0,8.604272223504552,17621.549513737322,556.1841398272663,556.1841398272663,0.0,9707520.0
1.929079246520996,6.883169620580104,830,25,8.619537058873636,1.4365895098122727,0.0,0.0,1.4365895098122727,2942.1353160955346,0.0,8.619537058873636,17652.811896573206,584.1181864459068,584.1181864459068,0.0,10199040.0
3.364577662944794,28.921280191054368,860,26,8.607070511967121,1.4345117519945203,0.0,0.0,1.4345117519945203,2937.8800680847776,0.0,8.607070511967121,17627.280408508665,605.2659137360752,605.2659137360752,0.0,10567680.0
3.7147312641143797,41.04755465110206,890,27,8.623617626078326,1.4372696043463877,0.0,0.0,1.4372696043463877,2943.528149701402,0.0,8.623617626078326,17661.168898208412,626.2758784480393,626.2758784480393,0.0,10936320.0
2.3767421185970306,10.769759050102802,920,28,8.629967781328848,1.4383279635548079,0.0,0.0,1.4383279635548079,2945.6956693602465,0.0,8.629967781328848,17674.17401616148,647.2372692190111,647.2372692190111,0.0,11304960.0
3.1985731184482575,24.497550144484336,950,29,8.593643791991692,1.4322739653319485,0.0,0.0,1.4322739653319485,2933.2970809998305,0.0,8.593643791991692,17599.782485998985,668.2248048465699,668.2248048465699,0.0,11673600.0
2.1342985033988953,8.451115997840766,990,30,8.598133175659076,1.4330221959431793,0.0,0.0,1.4330221959431793,2934.829457291631,0.0,8.598133175659076,17608.976743749787,696.1852335017174,696.1852335017174,0.0,12165120.0
2.4301981806755064,11.361133414003147,1020,31,8.607564329818276,1.4345940549697125,0.0,0.0,1.4345940549697125,2938.048624577971,0.0,8.607564329818276,17628.29174746783,717.150751600042,717.150751600042,0.0,12533760.0
3.17082941532135,23.827238839919858,1050,32,8.609892656092672,1.4349821093487787,0.0,0.0,1.4349821093487787,2938.8433599462987,0.0,8.609892656092672,17633.060159677792,738.1110256426036,738.1110256426036,0.0,12902400.0
2.8790941178798675,17.798142855244926,1080,33,8.644381981087653,1.4407303301812753,0.0,0.0,1.4407303301812753,2950.6157162112518,0.0,8.644381981087653,17703.694297267513,759.0555090140551,759.0555090140551,0.0,13271040.0
2.0864464033395054,8.056235624715406,1110,34,8.601275178360432,1.4335458630600717,0.0,0.0,1.4335458630600717,2935.901927547027,0.0,8.601275178360432,17615.411565282164,779.9979391377419,779.9979391377419,0.0,13639680.0
2.0433160066604614,7.716153639566209,1150,35,8.623450217665573,1.437241702944262,0.0,0.0,1.437241702944262,2943.4710076298484,0.0,8.623450217665573,17660.826045779093,807.9037046246231,807.9037046246231,0.0,14131200.0
3.161265802383423,23.600450536604303,1180,36,8.616104377731597,1.4360173962885996,0.0,0.0,1.4360173962885996,2940.963627599052,0.0,8.616104377731597,17645.78176559431,828.8460382074118,828.8460382074118,0.0,14499840.0
2.160447207093239,8.675016319948593,1210,37,8.642735610571071,1.4404559350951787,0.0,0.0,1.4404559350951787,2950.053755074926,0.0,8.642735610571071,17700.322530449554,849.792985200882,849.792985200882,0.0,14868480.0
3.530003309249878,34.124080539676875,1240,38,8.62089323111106,1.4368155385185097,0.0,0.0,1.4368155385185097,2942.598222885908,0.0,8.62089323111106,17655.58933731545,870.7180844210088,870.7180844210088,0.0,15237120.0
2.474914088845253,11.880686385767506,1270,39,8.60942402065713,1.434904003442855,0.0,0.0,1.434904003442855,2938.683399050967,0.0,8.60942402065713,17632.100394305802,891.6751457564533,891.6751457564533,0.0,15605760.0
2.361978828907013,10.611929882837332,1310,40,8.627983747237796,1.4379972912062993,0.0,0.0,1.4379972912062993,2945.018452390501,0.0,8.627983747237796,17670.110714343005,919.6050039995462,919.6050039995462,0.0,16097280.0
2.263776421546936,9.619347371221307,1340,41,8.608642894738846,1.4347738157898078,0.0,0.0,1.4347738157898078,2938.4167747375263,0.0,8.608642894738846,17630.500648425157,940.7398812361062,940.7398812361062,0.0,16465920.0
3.2929933190345766,26.923333286176614,1370,42,8.61104295641296,1.435173826068827,0.0,0.0,1.435173826068827,2939.2359957889576,0.0,8.61104295641296,17635.415974733743,961.8680954128504,961.8680954128504,0.0,16834560.0
2.8730040788650513,17.690080855750274,1400,43,8.635895692464867,1.4393159487441445,0.0,0.0,1.4393159487441445,2947.719063028008,0.0,8.635895692464867,17686.31437816805,982.9872143249959,982.9872143249959,0.0,17203200.0
2.962074953317642,19.33805571781433,1430,44,8.6587722004344,1.4431287000724,0.0,0.0,1.4431287000724,2955.5275777482752,0.0,8.6587722004344,17733.165466489652,1003.9482326675206,1003.9482326675206,0.0,17571840.0
2.051022598147392,7.775848610446148,1470,45,8.596715073348658,1.4327858455581097,0.0,0.0,1.4327858455581097,2934.3454117030087,0.0,8.596715073348658,17606.072470218052,1031.888785528019,1031.888785528019,0.0,18063360.0
2.803905999660492,16.50900516591059,1500,46,8.58550254953187,1.430917091588645,0.0,0.0,1.430917091588645,2930.518203573545,0.0,8.58550254953187,17583.10922144127,1052.8844485916197,1052.8844485916197,0.0,18432000.0
2.411919820308685,11.155356881200548,1530,47,8.599351237044415,1.4332252061740691,0.0,0.0,1.4332252061740691,2935.2452222444936,0.0,8.599351237044415,17611.47133346696,1073.852543944493,1073.852543944493,0.0,18800640.0
2.932869830727577,18.781452819665425,1560,48,8.618375875895856,1.4363959793159757,0.0,0.0,1.4363959793159757,2941.7389656391183,0.0,8.618375875895856,17650.433793834713,1094.8228934202343,1094.8228934202343,0.0,19169280.0
2.1652046620845793,8.716385647970661,1590,49,8.585737883322633,1.4309563138871053,0.0,0.0,1.4309563138871053,2930.5985308407917,0.0,8.585737883322633,17583.591185044752,1115.7772733159363,1115.7772733159363,0.0,19537920.0
1.9182140082120895,6.808787165638405,1630,50,8.623796203755525,1.4372993672925873,0.0,0.0,1.4372993672925873,2943.589104215219,0.0,8.623796203755525,17661.534625291315,1143.7080358713865,1143.7080358713865,0.0,20029440.0
2.228223478794098,9.283359336811843,1660,51,8.585207210607665,1.4308678684346108,0.0,0.0,1.4308678684346108,2930.417394554083,0.0,8.585207210607665,17582.504367324498,1164.6789885610342,1164.6789885610342,0.0,20398080.0
2.2790986776351927,9.767872438829,1690,52,8.62294466132098,1.4371574435534966,0.0,0.0,1.4371574435534966,2943.298444397561,0.0,8.62294466132098,17659.79066638537,1185.675259290263,1185.675259290263,0.0,20766720.0
1.7583386927843094,5.802789166772653,1720,53,8.627956547005954,1.437992757834326,0.0,0.0,1.437992757834326,2945.0091680446994,0.0,8.627956547005954,17670.055008268195,1206.6812506448478,1206.6812506448478,0.0,21135360.0
1.6027102917432785,4.966474795424135,1750,54,8.593446962932337,1.4322411604887226,0.0,0.0,1.4322411604887226,2933.229896680904,0.0,8.593446962932337,17599.379380085426,1227.678300814703,1227.678300814703,0.0,21504000.0
1.6847876933636143,5.3913062007515435,1790,55,8.623811522301473,1.4373019203835786,0.0,0.0,1.4373019203835786,2943.594332945569,0.0,8.623811522301473,17661.565997673417,1255.6207459364086,1255.6207459364086,0.0,21995520.0
3.204550862312317,24.644428788629128,1820,56,8.624484737832276,1.4374141229720458,0.0,0.0,1.4374141229720458,2943.82412384675,0.0,8.624484737832276,17662.9447430805,1276.7506115529686,1276.7506115529686,0.0,22364160.0
3.332798111438751,28.01662576943,1850,57,8.579718115339984,1.4299530192233307,0.0,0.0,1.4299530192233307,2928.5437833693813,0.0,8.579718115339984,17571.262700216288,1297.723417788744,1297.723417788744,0.0,22732800.0
2.978349858522415,19.655355751812547,1880,58,8.643802480934434,1.4406337468224057,0.0,0.0,1.4406337468224057,2950.417913492287,0.0,8.643802480934434,17702.507480953722,1318.6985379457474,1318.6985379457474,0.0,23101440.0
2.7950890004634856,16.364085099506877,1910,59,8.607124005589382,1.4345206675982303,0.0,0.0,1.4345206675982303,2937.8983272411756,0.0,8.607124005589382,17627.389963447054,1339.8731726408005,1339.8731726408005,0.0,23470080.0
1.617222362756729,5.039074139646021,1950,60,8.548695820142765,1.4247826366904608,0.0,0.0,1.4247826366904608,2917.9548399420637,0.0,8.548695820142765,17507.729039652382,1367.807496983558,1367.807496983558,0.0,23961600.0
2.3584085583686827,10.57410997604496,1980,61,8.632458265575334,1.4387430442625557,0.0,0.0,1.4387430442625557,2946.545754649714,0.0,8.632458265575334,17679.274527898284,1388.7603148333728,1388.7603148333728,0.0,24330240.0
3.1863374054431914,24.199631491995103,2010,62,8.625827603749688,1.4376379339582812,0.0,0.0,1.4376379339582812,2944.28248874656,0.0,8.625827603749688,17665.69493247936,1409.7135853040963,1409.7135853040963,0.0,24698880.0
2.6716266214847564,14.463476670632161,2040,63,8.59276209192292,1.4321270153204866,0.0,0.0,1.4321270153204866,2932.9961273763565,0.0,8.59276209192292,17597.97676425814,1430.6888928916305,1430.6888928916305,0.0,25067520.0
2.307468521595001,10.048953719720247,2070,64,8.622228147347425,1.4370380245579042,0.0,0.0,1.4370380245579042,2943.053874294588,0.0,8.622228147347425,17658.323245767526,1451.6502952557057,1451.6502952557057,0.0,25436160.0
2.759846901893616,15.7974242073809,2110,65,8.635909537546855,1.439318256257809,0.0,0.0,1.439318256257809,2947.723788815993,0.0,8.635909537546855,17686.34273289596,1479.5818041507155,1479.5818041507155,0.0,25927680.0
2.4780549883842466,11.91806109253322,2140,66,8.619307560243078,1.4365512600405128,0.0,0.0,1.4365512600405128,2942.0569805629702,0.0,8.619307560243078,17652.341883377823,1500.5407872404903,1500.5407872404903,0.0,26296320.0
2.2497615098953245,9.48547337504382,2170,67,8.633564980290256,1.4389274967150425,0.0,0.0,1.4389274967150425,2946.923513272407,0.0,8.633564980290256,17681.541079634444,1521.6731514763087,1521.6731514763087,0.0,26664960.0
1.3067634046077727,3.6941977186278794,2200,68,8.64134769577524,1.44022461596254,0.0,0.0,1.44022461596254,2949.580013491282,0.0,8.64134769577524,17697.48008094769,1542.6138280387968,1542.6138280387968,0.0,27033600.0
1.7113868862390518,5.536634838022595,2230,69,8.632072919162182,1.4386788198603637,0.0,0.0,1.4386788198603637,2946.414223074025,0.0,8.632072919162182,17678.48533844415,1563.5442139729857,1563.5442139729857,0.0,27402240.0
2.0888465285301208,8.075594821734652,2270,70,8.638942518122597,1.439823753020433,0.0,0.0,1.439823753020433,2948.7590461858467,0.0,8.638942518122597,17692.55427711508,1591.442955236882,1591.442955236882,0.0,27893760.0
1.66312637925148,5.275779174456895,2300,71,8.6233185856352,1.4372197642725335,0.0,0.0,1.4372197642725335,2943.4260772301486,0.0,8.6233185856352,17660.55646338089,1612.3820047713816,1612.3820047713816,0.0,28262400.0
3.5423151195049285,34.546806666595984,2330,72,8.603748380362918,1.4339580633938196,0.0,0.0,1.4339580633938196,2936.7461138305425,0.0,8.603748380362918,17620.476682983255,1633.3475017677993,1633.3475017677993,0.0,28631040.0
1.999783843755722,7.387459080924471,2360,73,8.632231525134301,1.4387052541890502,0.0,0.0,1.4387052541890502,2946.4683605791747,0.0,8.632231525134301,17678.81016347505,1654.2903071958572,1654.2903071958572,0.0,28999680.0
2.6348059296607973,13.940606742342098,2390,74,8.588855717203844,1.431475952867307,0.0,0.0,1.431475952867307,2931.662751472245,0.0,8.588855717203844,17589.97650883347,1675.2531394343823,1675.2531394343823,0.0,29368320.0
3.0665529787540438,21.467775111844272,2430,75,8.572405668310195,1.428734278051699,0.0,0.0,1.428734278051699,2926.0478014498794,0.0,8.572405668310195,17556.28680869928,1703.1885352339596,1703.1885352339596,0.0,29859840.0
2.2732954144477846,9.711351067109844,2460,76,8.611972284597393,1.4353287140995656,0.0,0.0,1.4353287140995656,2939.5532064759104,0.0,8.611972284597393,17637.31923885546,1724.1474044248462,1724.1474044248462,0.0,30228480.0
2.813714450597763,16.671729666158654,2490,77,8.60196624246836,1.4336610404113932,0.0,0.0,1.4336610404113932,2936.1378107625333,0.0,8.60196624246836,17616.8268645752,1745.1162127405405,1745.1162127405405,0.0,30597120.0
2.5020930469036102,12.208019195404393,2520,78,8.594992940165127,1.4324988233608544,0.0,0.0,1.4324988233608544,2933.75759024303,0.0,8.594992940165127,17602.54554145818,1766.110444419086,1766.110444419086,0.0,30965760.0
2.524001407623291,12.47842817662331,2550,79,8.566375118711848,1.4277291864519748,0.0,0.0,1.4277291864519748,2923.9893738536443,0.0,8.566375118711848,17543.936243121865,1787.122589752078,1787.122589752078,0.0,31334400.0
3.2578101754188538,25.992555638275935,2590,80,8.566297925941406,1.4277163209902344,0.0,0.0,1.4277163209902344,2923.963025388,0.0,8.566297925941406,17543.778152328,1815.1612093281,1815.1612093281,0.0,31825920.0
2.578197383880615,13.173370214358682,2620,81,8.594385463803174,1.432397577300529,0.0,0.0,1.432397577300529,2933.5502383114836,0.0,8.594385463803174,17601.3014298689,1836.382037576288,1836.382037576288,0.0,32194560.0
1.8608843028545379,6.429419812587327,2650,82,8.598593375529157,1.4330988959215263,0.0,0.0,1.4330988959215263,2934.986538847286,0.0,8.598593375529157,17609.919233083714,1857.558512063697,1857.558512063697,0.0,32563200.0
3.1904346227645872,24.29898604091463,2680,83,8.602405717496266,1.4337342862493776,0.0,0.0,1.4337342862493776,2936.2878182387253,0.0,8.602405717496266,17617.726909432353,1878.562574915588,1878.562574915588,0.0,32931840.0
3.0195395410060883,20.481858456614,2710,84,8.606024783124921,1.4343374638541535,0.0,0.0,1.4343374638541535,2937.5231259733064,0.0,8.606024783124921,17625.13875583984,1899.5466946158558,1899.5466946158558,0.0,33300480.0
2.1584142982959746,8.657398716513246,2750,85,8.593584917710778,1.4322641529517965,0.0,0.0,1.4322641529517965,2933.2769852452793,0.0,8.593584917710778,17599.661911471674,1927.824984639883,1927.824984639883,0.0,33792000.0
3.672479248046875,39.34934180527403,2780,86,8.616672517444117,1.436112086240686,0.0,0.0,1.436112086240686,2941.157552620925,0.0,8.616672517444117,17646.945315725552,1948.8046231027693,1948.8046231027693,0.0,34160640.0
1.9117216050624848,6.764724963960844,2810,87,8.61189223027683,1.435315371712805,0.0,0.0,1.435315371712805,2939.525881267825,0.0,8.61189223027683,17637.155287606947,1969.7781981155276,1969.7781981155276,0.0,34529280.0
3.539834702014923,34.461222349414506,2840,88,8.573890944355249,1.4289818240592083,0.0,0.0,1.4289818240592083,2926.5547756732585,0.0,8.573890944355249,17559.32865403955,1990.7584367878735,1990.7584367878735,0.0,34897920.0
2.708822560310364,15.011589863314985,2870,89,8.589744976242898,1.4316241627071495,0.0,0.0,1.4316241627071495,2931.9662852242423,0.0,8.589744976242898,17591.797711345454,2011.7307103686035,2011.7307103686035,0.0,35266560.0
1.858208692073822,6.412240180875856,2910,90,8.609397972789058,1.4348996621315095,0.0,0.0,1.4348996621315095,2938.6745080453315,0.0,8.609397972789058,17632.04704827199,2039.651756014675,2039.651756014675,0.0,35758080.0
1.6310848355293275,5.109414587548689,2940,91,8.652702460881835,1.442117076813639,0.0,0.0,1.442117076813639,2953.455773314333,0.0,8.652702460881835,17720.734639886,2060.5948977544904,2060.5948977544904,0.0,36126720.0
2.9423600912094114,18.960542157244166,2970,92,8.599378888528923,1.4332298147548206,0.0,0.0,1.4332298147548206,2935.2546606178726,0.0,8.599378888528923,17611.527963707234,2081.528340063989,2081.528340063989,0.0,36495360.0
2.8013002276420593,16.466042462012826,3000,93,8.614065714099691,1.4356776190166154,0.0,0.0,1.4356776190166154,2940.2677637460283,0.0,8.614065714099691,17641.606582476168,2102.4959383476526,2102.4959383476526,0.0,36864000.0
2.393055760860443,10.946893975950571,3030,94,8.606576796764267,1.4344294661273778,0.0,0.0,1.4344294661273778,2937.7115466288697,0.0,8.606576796764267,17626.26927977322,2123.474825279787,2123.474825279787,0.0,37232640.0
1.5444979794323443,4.685618759488024,3070,95,8.619921805842747,1.4366536343071246,0.0,0.0,1.4366536343071246,2942.266643060991,0.0,8.619921805842747,17653.599858365946,2151.4463201873004,2151.4463201873004,0.0,37724160.0
1.7811753690242766,5.936830285774837,3100,96,8.581270792266102,1.4302117987110168,0.0,0.0,1.4302117987110168,2929.0737637601624,0.0,8.581270792266102,17574.442582560976,2172.6173896249384,2172.6173896249384,0.0,38092800.0
1.5532580196857453,4.726845277775659,3130,97,8.619961919026299,1.4366603198377166,0.0,0.0,1.4366603198377166,2942.2803350276436,0.0,8.619961919026299,17653.68201016586,2193.596300147474,2193.596300147474,0.0,38461440.0
1.888593715429306,6.610066507283934,3160,98,8.616840492612251,1.4361400821020418,0.0,0.0,1.4361400821020418,2941.2148881449816,0.0,8.616840492612251,17647.28932886989,2214.5940207242966,2214.5940207242966,0.0,38830080.0
1.8890631735324859,6.613170385081622,3190,99,8.61306245621192,1.4355104093686533,0.0,0.0,1.4355104093686533,2939.925318387002,0.0,8.61306245621192,17639.55191032201,2235.6036351770163,2235.6036351770163,0.0,39198720.0
2.7365581721067427,15.433773184703563,3230,100,8.641360746988491,1.4402267911647486,0.0,0.0,1.4402267911647486,2949.584468305405,0.0,8.641360746988491,17697.50680983243,2263.552575942129,2263.552575942129,0.0,39690240.0
2.1825102508068084,8.868540601356834,3260,101,8.630167870775923,1.4383613117959873,0.0,0.0,1.4383613117959873,2945.763966558182,0.0,8.630167870775923,17674.58379934909,2284.6990230306983,2284.6990230306983,0.0,40058880.0
2.1835634469985963,8.87788583486324,3290,102,8.62051654108277,1.4367527568471283,0.0,0.0,1.4367527568471283,2942.469646022919,0.0,8.62051654108277,17654.817876137513,2305.638503083959,2305.638503083959,0.0,40427520.0
2.7377214670181274,15.451737661479127,3320,103,8.601568752769763,1.4335947921282939,0.0,0.0,1.4335947921282939,2936.002134278746,0.0,8.601568752769763,17616.012805672475,2326.5951300319284,2326.5951300319284,0.0,40796160.0
1.3529685288667679,3.86889342269907,3350,104,8.630995714025895,1.4384992856709826,0.0,0.0,1.4384992856709826,2946.0465370541724,0.0,8.630995714025895,17676.279222325033,2347.5644818674773,2347.5644818674773,0.0,41164800.0
2.6324893653392794,13.9083498072005,3390,105,8.604025255023714,1.434004209170619,0.0,0.0,1.434004209170619,2936.840620381428,0.0,8.604025255023714,17621.043722288567,2375.5071356259286,2375.5071356259286,0.0,41656320.0
2.1320926144719126,8.432494320867008,3420,106,8.645827874906978,1.4409713124844963,0.0,0.0,1.4409713124844963,2951.1092479682484,0.0,8.645827874906978,17706.65548780949,2396.463641235605,2396.463641235605,0.0,42024960.0
3.644195041060448,38.2519691908246,3450,107,8.611158537410244,1.435193089568374,0.0,0.0,1.435193089568374,2939.27544743603,0.0,8.611158537410244,17635.65268461618,2417.429310584441,2417.429310584441,0.0,42393600.0
2.3354277670383454,10.333879477052246,3480,108,8.632304752099785,1.4387174586832976,0.0,0.0,1.4387174586832976,2946.4933553833935,0.0,8.632304752099785,17678.96013230036,2438.5299474354833,2438.5299474354833,0.0,42762240.0
2.045408284664154,7.732314879106732,3510,109,8.618420113721283,1.4364033522868807,0.0,0.0,1.4364033522868807,2941.7540654835316,0.0,8.618420113721283,17650.52439290119,2459.4764762129635,2459.4764762129635,0.0,43130880.0
2.2795576982200147,9.772357122550668,3550,110,8.644195996738702,1.4406993327897837,0.0,0.0,1.4406993327897837,2950.552233553477,0.0,8.644195996738702,17703.313401320862,2487.4242856428027,2487.4242856428027,0.0,43622400.0
3.7938835859298705,44.428607984679374,3580,111,8.599783706417773,1.4332972844029621,0.0,0.0,1.4332972844029621,2935.3928384572664,0.0,8.599783706417773,17612.3570307436,2508.3979333322495,2508.3979333322495,0.0,43991040.0
3.6688448071479796,39.20658851940019,3610,112,8.598563686319782,1.4330939477199636,0.0,0.0,1.4330939477199636,2934.9764049304854,0.0,8.598563686319782,17609.858429582913,2529.3845472764224,2529.3845472764224,0.0,44359680.0
1.8087653279304505,6.102907688966602,3640,113,8.598667444516211,1.4331112407527018,0.0,0.0,1.4331112407527018,2935.0118210615333,0.0,8.598667444516211,17610.0709263692,2550.3441908098757,2550.3441908098757,0.0,44728320.0
3.1628018647432325,23.636730157094416,3670,114,8.59704412970348,1.4328406882839133,0.0,0.0,1.4328406882839133,2934.4577296054545,0.0,8.59704412970348,17606.746377632728,2571.305749392137,2571.305749392137,0.0,45096960.0
1.846552348136902,6.337930832947896,3710,115,8.61499193930821,1.4358319898847016,0.0,0.0,1.4358319898847016,2940.583915283869,0.0,8.61499193930821,17643.503491703214,2599.249454654753,2599.249454654753,0.0,45588480.0
3.0427974104881286,20.963805655149482,3740,116,8.610382114146333,1.4350636856910555,0.0,0.0,1.4350636856910555,2939.0104282952816,0.0,8.610382114146333,17634.06256977169,2620.2082670722157,2620.2082670722157,0.0,45957120.0
1.8445263743400573,6.325103349614293,3770,117,8.607370347011546,1.4345617245019244,0.0,0.0,1.4345617245019244,2937.9824117799412,0.0,8.607370347011546,17627.894470679646,2641.156277468428,2641.156277468428,0.0,46325760.0
2.6935585618019102,14.784192886666055,3800,118,8.624159523071793,1.4373599205119656,0.0,0.0,1.4373599205119656,2943.7131172085055,0.0,8.624159523071793,17662.27870325103,2662.108251992613,2662.108251992613,0.0,46694400.0
2.5159141391515734,12.37791874902492,3830,119,8.627969754233895,1.4379949590389827,0.0,0.0,1.4379949590389827,2945.0136761118365,0.0,8.627969754233895,17670.082056671017,2683.0754857435822,2683.0754857435822,0.0,47063040.0
3.306477028131485,27.28881818878297,3870,120,8.624311488562196,1.4373852480936995,0.0,0.0,1.4373852480936995,2943.7649880958966,0.0,8.624311488562196,17662.589928575377,2710.992096228525,2710.992096228525,0.0,47554560.0
3.275962954759598,26.46870137449647,3900,121,8.63288516398866,1.43881419399811,0.0,0.0,1.43881419399811,2946.6914693081294,0.0,8.63288516398866,17680.148815848777,2732.12445968017,2732.12445968017,0.0,47923200.0
2.1396165609359743,8.496179237214207,3930,122,8.620559751196428,1.436759958532738,0.0,0.0,1.436759958532738,2942.4843950750474,0.0,8.620559751196428,17654.906370450284,2753.057058053091,2753.057058053091,0.0,48291840.0
2.6159130334854126,13.679700702535126,3960,123,8.627080257475708,1.4378467095792846,0.0,0.0,1.4378467095792846,2944.710061218375,0.0,8.627080257475708,17668.26036731025,2774.1700515989214,2774.1700515989214,0.0,48660480.0
1.932618373632431,6.907573190993661,3990,124,8.600319420364627,1.4333865700607713,0.0,0.0,1.4333865700607713,2935.5756954844596,0.0,8.600319420364627,17613.454172906757,2795.13586695306,2795.13586695306,0.0,49029120.0
2.2940773129463197,9.91528308695395,4030,125,8.636369159270387,1.4393948598783979,0.0,0.0,1.4393948598783979,2947.880673030959,0.0,8.636369159270387,17687.284038185753,2823.055109748617,2823.055109748617,0.0,49520640.0
2.4239994525909423,11.290926658334563,4060,126,8.611278817683548,1.4352131362805913,0.0,0.0,1.4352131362805913,2939.316503102651,0.0,8.611278817683548,17635.899018615906,2844.006724057719,2844.006724057719,0.0,49889280.0
2.8076485276222227,16.570906340551215,4090,127,8.609485056583743,1.4349141760972908,0.0,0.0,1.4349141760972908,2938.7042326472515,0.0,8.609485056583743,17632.225395883506,2865.125964835286,2865.125964835286,0.0,50257920.0
2.418069088459015,11.224165506495236,4120,128,8.620848817927508,1.4368081363212513,0.0,0.0,1.4368081363212513,2942.5830631859226,0.0,8.620848817927508,17655.498379115535,2886.065901707858,2886.065901707858,0.0,50626560.0
2.6156633615493776,13.67628569151029,4150,129,8.615719383830779,1.4359532306384633,0.0,0.0,1.4359532306384633,2940.8322163475727,0.0,8.615719383830779,17644.993298085436,2907.0299424435943,2907.0299424435943,0.0,50995200.0
2.5517272889614104,12.829244467830229,4190,130,8.627725190200069,1.4379541983666781,0.0,0.0,1.4379541983666781,2944.930198254957,0.0,8.627725190200069,17669.58118952974,2934.93765331991,2934.93765331991,0.0,51486720.0
1.7792527794837951,5.925427163238346,4220,131,8.649433839797556,1.4415723066329258,0.0,0.0,1.4415723066329258,2952.340083984232,0.0,8.649433839797556,17714.040503905395,2955.858699671924,2955.858699671924,0.0,51855360.0
2.9935712933540346,19.95682706073521,4250,132,8.602586358406732,1.4337643930677888,0.0,0.0,1.4337643930677888,2936.3494770028315,0.0,8.602586358406732,17618.096862016988,2976.813843384385,2976.813843384385,0.0,52224000.0
2.3640062481164934,10.633466537868442,4280,133,8.644182693394125,1.4406971155656876,0.0,0.0,1.4406971155656876,2950.547692678528,0.0,8.644182693394125,17703.286156071168,2997.780433570966,2997.780433570966,0.0,52592640.0
1.9854225158691405,7.28212354830404,4310,134,8.603481323967392,1.4339135539945653,0.0,0.0,1.4339135539945653,2936.65495858087,0.0,8.603481323967392,17619.92975148522,3018.7201423887163,3018.7201423887163,0.0,52961280.0
2.111309993267059,8.259053505596716,4350,135,8.62081895176089,1.436803158626815,0.0,0.0,1.436803158626815,2942.5728688677173,0.0,8.62081895176089,17655.437213206304,3046.6000921484083,3046.6000921484083,0.0,53452800.0
2.0158544778823853,7.5071393258943315,4380,136,8.631899457420595,1.438649909570099,0.0,0.0,1.438649909570099,2946.355014799563,0.0,8.631899457420595,17678.130088797378,3067.65523327142,3067.65523327142,0.0,53821440.0
3.3067574471235277,27.296471564699335,4410,137,8.6100910907664,1.4350151817944,0.0,0.0,1.4350151817944,2938.911092314931,0.0,8.6100910907664,17633.466553889586,3088.6111265141517,3088.6111265141517,0.0,54190080.0
2.817153424024582,16.729161998990776,4440,138,8.627134785693062,1.4378557976155104,0.0,0.0,1.4378557976155104,2944.7286735165653,0.0,8.627134785693062,17668.372041099392,3109.565381417051,3109.565381417051,0.0,54558720.0
2.028563457727432,7.6031562545166755,4470,139,8.630755453050947,1.4384592421751579,0.0,0.0,1.4384592421751579,2945.9645279747233,0.0,8.630755453050947,17675.78716784834,3130.5425913427025,3130.5425913427025,0.0,54927360.0
3.7500978350639342,42.52524225634496,4510,140,8.586810023568624,1.4311350039281039,0.0,0.0,1.4311350039281039,2930.9644880447568,0.0,8.586810023568624,17585.786928268542,3158.484496148303,3158.484496148303,0.0,55418880.0
1.7041595816612243,5.496764144086504,4540,141,8.622559482896786,1.4370932471494646,0.0,0.0,1.4370932471494646,2943.1669701621036,0.0,8.622559482896786,17659.00182097262,3179.435567812994,3179.435567812994,0.0,55787520.0
3.3353635668754578,28.08859344979515,4570,142,8.58639891899873,1.4310664864997884,0.0,0.0,1.4310664864997884,2930.8241643515667,0.0,8.58639891899873,17584.9449861094,3200.407557208091,3200.407557208091,0.0,56156160.0
1.7366970986127854,5.678556701600293,4600,143,8.646367635109895,1.4410612725183156,0.0,0.0,1.4410612725183156,2951.2934861175104,0.0,8.646367635109895,17707.760916705065,3221.52709097974,3221.52709097974,0.0,56524800.0
3.3819588899612425,29.428361610284664,4630,144,8.583142716835598,1.4305237861392661,0.0,0.0,1.4305237861392661,2929.712714013217,0.0,8.583142716835598,17578.276284079304,3242.510023029521,3242.510023029521,0.0,56893440.0
1.4828379243612289,4.405430235215557,4670,145,8.618478441014018,1.4364130735023364,0.0,0.0,1.4364130735023364,2941.773974532785,0.0,8.618478441014018,17650.64384719671,3270.426154784858,3270.426154784858,0.0,57384960.0
1.807805162668228,6.0970507012931305,4700,146,8.607378983361494,1.4345631638935823,0.0,0.0,1.4345631638935823,2937.9853596540565,0.0,8.607378983361494,17627.91215792434,3291.3905076123774,3291.3905076123774,0.0,57753600.0
1.6578675091266633,5.2481073619788,4730,147,8.635325049775002,1.439220841629167,0.0,0.0,1.439220841629167,2947.524283656534,0.0,8.635325049775002,17685.145701939204,3312.3353141713887,3312.3353141713887,0.0,58122240.0
2.96678112745285,19.42927846215141,4760,148,8.59879583454848,1.4331326390914134,0.0,0.0,1.4331326390914134,2935.0556448592147,0.0,8.59879583454848,17610.333869155285,3333.4682866018265,3333.4682866018265,0.0,58490880.0
3.030834400653839,20.714509580758808,4790,149,8.557471879475024,1.4262453132458373,0.0,0.0,1.4262453132458373,2920.9504015274747,0.0,8.557471879475024,17525.70240916485,3354.4559042472392,3354.4559042472392,0.0,58859520.0
2.6954494178295136,14.812174112797246,4830,150,8.578420327413413,1.429736721235569,0.0,0.0,1.429736721235569,2928.100805090445,0.0,8.578420327413413,17568.60483054267,3382.5130589045584,3382.5130589045584,0.0,59351040.0
1.8768315196037293,6.5327730719881805,4860,151,8.621835555993888,1.436972592665648,0.0,0.0,1.436972592665648,2942.919869779247,0.0,8.621835555993888,17657.519218675483,3403.5299726240337,3403.5299726240337,0.0,59719680.0
1.550953483581543,4.715964634407275,4890,152,8.582894398484559,1.4304823997474263,0.0,0.0,1.4304823997474263,2929.627954682729,0.0,8.582894398484559,17577.767728096376,3424.53098070994,3424.53098070994,0.0,60088320.0
2.5788902252912522,13.182500433292494,4920,153,8.594088871431383,1.432348145238564,0.0,0.0,1.432348145238564,2933.449001448579,0.0,8.594088871431383,17600.694008691473,3445.5530241541564,3445.5530241541564,0.0,60456960.0
2.182504099607468,8.868486049363515,4950,154,8.643388185669576,1.440564697611596,0.0,0.0,1.440564697611596,2950.2765007085486,0.0,8.643388185669576,17701.65900425129,3466.5467113405466,3466.5467113405466,0.0,60825600.0
1.9396318793296814,6.956189782007542,4990,155,8.586483249333607,1.4310805415556014,0.0,0.0,1.4310805415556014,2930.8529491058716,0.0,8.586483249333607,17585.117694635228,3494.739648995921,3494.739648995921,0.0,61317120.0
1.7798900961875916,5.929204740575313,5020,156,8.607626190414205,1.4346043650690343,0.0,0.0,1.4346043650690343,2938.0697396613823,0.0,8.607626190414205,17628.418437968292,3515.7862956989557,3515.7862956989557,0.0,61685760.0
1.2534389160573483,3.5023666162310567,5050,157,8.58908801712868,1.4315146695214467,0.0,0.0,1.4315146695214467,2931.742043179923,0.0,8.58908801712868,17590.452259079535,3536.7773973140866,3536.7773973140866,0.0,62054400.0
2.7773356556892397,16.07613148778606,5080,158,8.624978650756114,1.4374964417926859,0.0,0.0,1.4374964417926859,2943.9927127914207,0.0,8.624978650756114,17663.956276748522,3557.760097315535,3557.760097315535,0.0,62423040.0
1.9937769293785095,7.343216261209581,5110,159,8.547716859977735,1.4246194766629559,0.0,0.0,1.4246194766629559,2917.6206882057336,0.0,8.547716859977735,17505.7241292344,3578.7607528939843,3578.7607528939843,0.0,62791680.0
2.3237867951393127,10.214280550911088,5150,160,8.552403316511457,1.4254005527519094,0.0,0.0,1.4254005527519094,2919.2203320359104,0.0,8.552403316511457,17515.321992215464,3606.775040715933,3606.775040715933,0.0,63283200.0
1.6538777947425842,5.227210626270241,5180,161,8.59593166406848,1.4326552773447467,0.0,0.0,1.4326552773447467,2934.0780080020413,0.0,8.59593166406848,17604.468048012248,3627.9213770013303,3627.9213770013303,0.0,63651840.0
2.054999494552612,7.806833926691087,5210,162,8.57018679050909,1.4283644650848484,0.0,0.0,1.4283644650848484,2925.2904244937695,0.0,8.57018679050909,17551.742546962618,3648.9616444408894,3648.9616444408894,0.0,64020480.0
1.8023420333862306,6.063832545232053,5240,163,8.589720753765075,1.4316201256275125,0.0,0.0,1.4316201256275125,2931.9580172851456,0.0,8.589720753765075,17591.748103710874,3669.993320904672,3669.993320904672,0.0,64389120.0
3.1383769631385805,23.066398845377545,5270,164,8.545367311201622,1.42422788520027,0.0,0.0,1.42422788520027,2916.818708890153,0.0,8.545367311201622,17500.91225334092,3691.1990031562746,3691.1990031562746,0.0,64757760.0
2.914231535792351,18.434640596702046,5310,165,8.598421876407514,1.4330703127345856,0.0,0.0,1.4330703127345856,2934.9280004804314,0.0,8.598421876407514,17609.56800288259,3719.2018956597894,3719.2018956597894,0.0,65249280.0
2.6065556049346923,13.552290924245343,5340,166,8.591252031861579,1.4318753386435965,0.0,0.0,1.4318753386435965,2932.4806935420856,0.0,8.591252031861579,17594.884161252514,3740.1969677358866,3740.1969677358866,0.0,65617920.0
1.5556752502918243,4.738284973472398,5370,167,8.582703481219399,1.430450580203233,0.0,0.0,1.430450580203233,2929.562788256221,0.0,8.582703481219399,17577.37672953733,3761.2057581152767,3761.2057581152767,0.0,65986560.0
3.2838997453451158,26.679613791057772,5400,168,8.610633533218678,1.4351055888697797,0.0,0.0,1.4351055888697797,2939.096246005309,0.0,8.610633533218678,17634.577476031853,3782.19553745538,3782.19553745538,0.0,66355200.0
1.7447475999593736,5.724456440027454,5430,169,8.618139579581944,1.4363565965969909,0.0,0.0,1.4363565965969909,2941.6583098306373,0.0,8.618139579581944,17649.949858983822,3803.5035782996565,3803.5035782996565,0.0,66723840.0
2.342497396469116,10.407195027065368,5470,170,8.63257988191988,1.4387633136533133,0.0,0.0,1.4387633136533133,2946.5872663619857,0.0,8.63257988191988,17679.523598171912,3831.4625765495,3831.4625765495,0.0,67215360.0
2.2034246981143952,9.055974431810807,5500,171,8.591566451220901,1.4319277418701502,0.0,0.0,1.4319277418701502,2932.5880153500675,0.0,8.591566451220901,17595.528092100405,3852.444415163249,3852.444415163249,0.0,67584000.0
2.438745844364166,11.458660783325572,5530,172,8.649979996676636,1.4416633327794395,0.0,0.0,1.4416633327794395,2952.526505532292,0.0,8.649979996676636,17715.15903319375,3873.4199606198817,3873.4199606198817,0.0,67952640.0
3.000547480583191,20.096536375374587,5560,173,8.631356298248168,1.4385593830413612,0.0,0.0,1.4385593830413612,2946.1696164687078,0.0,8.631356298248168,17677.017698812248,3894.379114156589,3894.379114156589,0.0,68321280.0
2.341406351327896,10.395846499501046,5590,174,8.59606381472827,1.4326773024547117,0.0,0.0,1.4326773024547117,2934.1231154272496,0.0,8.59606381472827,17604.738692563496,3915.3364500440657,3915.3364500440657,0.0,68689920.0
3.0006545320153237,20.098687853531832,5630,175,8.611755229635957,1.4352925382726593,0.0,0.0,1.4352925382726593,2939.4791183824063,0.0,8.611755229635957,17636.87471029444,3943.249251352623,3943.249251352623,0.0,69181440.0
2.2140635907649995,9.152834298904557,5660,176,8.60329922084417,1.433883203474028,0.0,0.0,1.433883203474028,2936.5928007148095,0.0,8.60329922084417,17619.55680428886,3964.349130788818,3964.349130788818,0.0,69550080.0
2.524581827223301,12.48567300323063,5690,177,8.582741076281636,1.4304568460469391,0.0,0.0,1.4304568460469391,2929.5756207041313,0.0,8.582741076281636,17577.45372422479,3985.330166840926,3985.330166840926,0.0,69918720.0
2.555455297231674,12.87716125890845,5720,178,8.615622207461502,1.435937034576917,0.0,0.0,1.435937034576917,2940.799046813526,0.0,8.615622207461502,17644.794280881157,4006.308742566034,4006.308742566034,0.0,70287360.0
2.214949482679367,9.160946313457023,5750,179,8.593259358418809,1.4322098930698015,0.0,0.0,1.4322098930698015,2933.1658610069535,0.0,8.593259358418809,17598.99516604172,4027.292490547523,4027.292490547523,0.0,70656000.0
3.250423189997673,25.80125644080149,5790,180,8.603594220285615,1.4339323700476023,0.0,0.0,1.4339323700476023,2936.6934938574896,0.0,8.603594220285615,17620.16096314494,4055.2453680075705,4055.2453680075705,0.0,71147520.0
3.4372567534446716,31.101521892705968,5820,181,8.613020161811919,1.4355033603019867,0.0,0.0,1.4355033603019867,2939.9108818984687,0.0,8.613020161811919,17639.46529139081,4076.222960371524,4076.222960371524,0.0,71516160.0
2.4673639118671415,11.791322880588032,5850,182,8.585093835330387,1.4308489725550644,0.0,0.0,1.4308489725550644,2930.378695792772,0.0,8.585093835330387,17582.272174756632,4097.1912840958685,4097.1912840958685,0.0,71884800.0
2.0832634672522543,8.030633907547257,5880,183,8.621230717040492,1.4368717861734153,0.0,0.0,1.4368717861734153,2942.7134180831545,0.0,8.621230717040492,17656.280508498927,4118.16124772653,4118.16124772653,0.0,72253440.0
2.2557494223117827,9.542441950043317,5910,184,8.632880004633718,1.4388133341056195,0.0,0.0,1.4388133341056195,2946.6897082483088,0.0,8.632880004633718,17680.138249489853,4139.137661980465,4139.137661980465,0.0,72622080.0
1.6747939944267274,5.337695440794812,5950,185,8.64097516169158,1.440162526948597,0.0,0.0,1.440162526948597,2949.4528551907265,0.0,8.64097516169158,17696.717131144356,4167.397432496771,4167.397432496771,0.0,73113600.0
1.9230171024799347,6.841569076526379,5980,186,8.57689967146836,1.42948327857806,0.0,0.0,1.42948327857806,2927.581754527867,0.0,8.57689967146836,17565.4905271672,4188.367744972929,4188.367744972929,0.0,73482240.0
2.672112637758255,14.47050786416429,6010,187,8.616693895738168,1.4361156492896947,0.0,0.0,1.4361156492896947,2941.1648497452948,0.0,8.616693895738168,17646.989098471768,4209.3278617709875,4209.3278617709875,0.0,73850880.0
3.1140741765499116,22.51257802953716,6040,188,8.603837360714431,1.4339728934524052,0.0,0.0,1.4339728934524052,2936.776485790526,0.0,8.603837360714431,17620.658914743155,4230.300082847476,4230.300082847476,0.0,74219520.0
2.1546988025307656,8.62529187160346,6070,189,8.594560837829544,1.432426806304924,0.0,0.0,1.432426806304924,2933.610099312484,0.0,8.594560837829544,17601.660595874906,4251.384339887649,4251.384339887649,0.0,74588160.0
2.33537871837616,10.333372626518981,6110,190,8.595596603168872,1.4325994338614785,0.0,0.0,1.4325994338614785,2933.963640548308,0.0,8.595596603168872,17603.78184328985,4279.313290407881,4279.313290407881,0.0,75079680.0
2.34405822455883,10.423451552919518,6140,191,8.594763932555276,1.4324606554258794,0.0,0.0,1.4324606554258794,2933.679422312201,0.0,8.594763932555276,17602.076533873205,4300.279921373352,4300.279921373352,0.0,75448320.0
2.2287757650017737,9.28848782420053,6170,192,8.624572485020037,1.4374287475033396,0.0,0.0,1.4374287475033396,2943.8540748868395,0.0,8.624572485020037,17663.124449321036,4321.256695523858,4321.256695523858,0.0,75816960.0
1.9183756053447723,6.809887535027293,6200,193,8.611054937927662,1.4351758229879437,0.0,0.0,1.4351758229879437,2939.2400854793086,0.0,8.611054937927662,17635.44051287585,4342.2184676434845,4342.2184676434845,0.0,76185600.0
2.2855568706989287,9.831159384552317,6230,194,8.594316157722618,1.432386026287103,0.0,0.0,1.432386026287103,2933.526581835987,0.0,8.594316157722618,17601.159491015922,4363.186248233542,4363.186248233542,0.0,76554240.0
2.218971127271652,9.197862565926519,6270,195,8.60237123508164,1.4337285391802732,0.0,0.0,1.4337285391802732,2936.2760482411995,0.0,8.60237123508164,17617.656289447197,4391.119104018435,4391.119104018435,0.0,77045760.0
2.6459813207387923,14.097272243187971,6300,196,8.598464245602399,1.4330773742670666,0.0,0.0,1.4330773742670666,2934.9424624989524,0.0,8.598464245602399,17609.654774993713,4412.089261364192,4412.089261364192,0.0,77414400.0
1.8121350347995757,6.123507386907246,6330,197,8.632737847165231,1.4387896411942052,0.0,0.0,1.4387896411942052,2946.641185165732,0.0,8.632737847165231,17679.847110994393,4433.060417128727,4433.060417128727,0.0,77783040.0
2.0373867213726045,7.670537731818573,6360,198,8.58775849979753,1.4312930832995883,0.0,0.0,1.4312930832995883,2931.2882345975568,0.0,8.58775849979753,17587.729407585342,4454.011185118929,4454.011185118929,0.0,78151680.0
3.507567751407623,33.367012138732214,6390,199,8.583726394717567,1.4306210657862612,0.0,0.0,1.4306210657862612,2929.911942730263,0.0,8.583726394717567,17579.47165638158,4475.019350865856,4475.019350865856,0.0,78520320.0
1.7292347073554992,5.636338808849613,6430,200,8.703472798820897,1.4505787998034827,0.0,0.0,1.4505787998034827,2970.7853819975326,0.0,8.703472798820897,17824.712291985197,4557.937405832112,4557.937405832112,0.0,79011840.0
2.2472480177879333,9.461661650407908,6460,201,8.633035644031393,1.4388392740052323,0.0,0.0,1.4388392740052323,2946.7428331627157,0.0,8.633035644031393,17680.456998976293,4578.808363575488,4578.808363575488,0.0,79380480.0
2.2704262673854827,9.68352770646822,6490,202,8.598111717239265,1.4330186195398775,0.0,0.0,1.4330186195398775,2934.822132817669,0.0,8.598111717239265,17608.932796906014,4599.745017496869,4599.745017496869,0.0,79749120.0
1.490332043170929,4.438569070897393,6520,203,8.59776656122546,1.432961093537577,0.0,0.0,1.432961093537577,2934.7043195649576,0.0,8.59776656122546,17608.225917389744,4620.689506186172,4620.689506186172,0.0,80117760.0
1.7647367328405381,5.84003466634524,6550,204,8.609055982583055,1.4348426637638423,0.0,0.0,1.4348426637638423,2938.557775388349,0.0,8.609055982583055,17631.346652330096,4641.6595291327685,4641.6595291327685,0.0,80486400.0
3.590052855014801,36.23599112970947,6590,205,8.62232063762558,1.4370534396042633,0.0,0.0,1.4370534396042633,2943.0854443095313,0.0,8.62232063762558,17658.512665857186,4669.596550652757,4669.596550652757,0.0,80977920.0
3.270777589082718,26.3318067100601,6620,206,8.583056599648136,1.4305094332746893,0.0,0.0,1.4305094332746893,2929.6833193465636,0.0,8.583056599648136,17578.099916079384,4693.277039028704,4693.277039028704,0.0,81346560.0
2.7922733664512633,16.318074629640535,6650,207,8.584809872576946,1.430801645429491,0.0,0.0,1.430801645429491,2930.2817698395975,0.0,8.584809872576946,17581.690619037585,4714.251785758883,4714.251785758883,0.0,81715200.0
3.2014103531837463,24.567154139432645,6680,208,8.595627338456222,1.4326045564093703,0.0,0.0,1.4326045564093703,2933.9741315263905,0.0,8.595627338456222,17603.844789158342,4735.239691035822,4735.239691035822,0.0,82083840.0
2.287711238861084,9.85236215241078,6710,209,8.583794775273143,1.4306324625455238,0.0,0.0,1.4306324625455238,2929.9352832932327,0.0,8.583794775273143,17579.611699759396,4756.227231036872,4756.227231036872,0.0,82452480.0
2.490204703807831,12.063745362316858,6750,210,8.621673408877763,1.4369455681462937,0.0,0.0,1.4369455681462937,2942.8645235636095,0.0,8.621673408877763,17657.18714138166,4784.207767903805,4784.207767903805,0.0,82944000.0
2.9147338688373567,18.44390325212075,6780,211,8.601422985127291,1.4335704975212153,0.0,0.0,1.4335704975212153,2935.952378923449,0.0,8.601422985127291,17615.714273540692,4805.382348952815,4805.382348952815,0.0,83312640.0
2.414303582906723,11.181980323077292,6810,212,8.603623507632548,1.4339372512720914,0.0,0.0,1.4339372512720914,2936.703490605243,0.0,8.603623507632548,17620.22094363146,4826.348571928218,4826.348571928218,0.0,83681280.0
1.4441334694623946,4.238178040493506,6840,213,8.612763410440445,1.435460568406741,0.0,0.0,1.435460568406741,2939.8232440970055,0.0,8.612763410440445,17638.939464582032,4847.3041017036885,4847.3041017036885,0.0,84049920.0
2.4263874888420105,11.31792202062579,6870,214,8.585873016150133,1.4309788360250222,0.0,0.0,1.4309788360250222,2930.6446561792454,0.0,8.585873016150133,17583.867937075473,4868.288391854614,4868.288391854614,0.0,84418560.0
2.686296761035919,14.677221894534789,6910,215,8.590860663870604,1.4318101106451007,0.0,0.0,1.4318101106451007,2932.347106601166,0.0,8.590860663870604,17594.082639606997,4896.245036307722,4896.245036307722,0.0,84910080.0
2.1011663377285004,8.175699981192972,6940,216,8.607535740150032,1.4345892900250052,0.0,0.0,1.4345892900250052,2938.0388659712107,0.0,8.607535740150032,17628.233195827266,4917.32454171963,4917.32454171963,0.0,85278720.0
3.6902260720729827,40.053901002245425,6970,217,8.599107144936742,1.4331845241561236,0.0,0.0,1.4331845241561236,2935.161905471741,0.0,8.599107144936742,17610.971432830447,4938.316796125844,4938.316796125844,0.0,85647360.0
2.9415376603603365,18.94495483308558,7000,218,8.602666262783599,1.4337777104639333,0.0,0.0,1.4337777104639333,2936.3767510301354,0.0,8.602666262783599,17618.26050618081,4959.291990932077,4959.291990932077,0.0,86016000.0
2.34765077829361,10.460965708186711,7030,219,8.61940142936813,1.4365669048946883,0.0,0.0,1.4365669048946883,2942.0890212243216,0.0,8.61940142936813,17652.53412734593,4980.291005004197,4980.291005004197,0.0,86384640.0
1.6986864387989045,5.466761747241691,7070,220,8.576742407176452,1.429457067862742,0.0,0.0,1.429457067862742,2927.5280749828958,0.0,8.576742407176452,17565.168449897374,5008.268420839682,5008.268420839682,0.0,86876160.0
2.4898627251386642,12.059620524076232,7100,221,8.532678815397214,1.4221131358995356,0.0,0.0,1.4221131358995356,2912.487702322249,0.0,8.532678815397214,17474.926213933493,5029.383834229782,5029.383834229782,0.0,87244800.0
1.9544402569532395,7.059966150544653,7130,222,8.653226970795945,1.4422044951326574,0.0,0.0,1.4422044951326574,2953.6348060316823,0.0,8.653226970795945,17721.808836190095,5050.336542345583,5050.336542345583,0.0,87613440.0
2.9277454733848574,18.68545611477682,7160,223,8.588873453862522,1.431478908977087,0.0,0.0,1.431478908977087,2931.668805585074,0.0,8.588873453862522,17590.012833510445,5071.319029932842,5071.319029932842,0.0,87982080.0
2.818589472770691,16.753203149103076,7190,224,8.592371560421967,1.4320619267369945,0.0,0.0,1.4320619267369945,2932.8628259573647,0.0,8.592371560421967,17597.176955744188,5092.288329942152,5092.288329942152,0.0,88350720.0
2.5648490726947784,12.99869636340068,7230,225,8.626804126538543,1.437800687756424,0.0,0.0,1.437800687756424,2944.6158085251564,0.0,8.626804126538543,17667.694851150936,5120.224726580083,5120.224726580083,0.0,88842240.0
2.3527560234069824,10.514508059371133,7260,226,8.613736804577282,1.4356228007628804,0.0,0.0,1.4356228007628804,2940.155495962379,0.0,8.613736804577282,17640.932975774274,5141.5751484353095,5141.5751484353095,0.0,89210880.0
3.375603586435318,29.241928487024023,7290,227,8.579976499674947,1.4299960832791578,0.0,0.0,1.4299960832791578,2928.6319785557152,0.0,8.579976499674947,17571.79187133429,5162.560222040862,5162.560222040862,0.0,89579520.0
2.8935338973999025,18.05700859813438,7320,228,8.64197568231607,1.4403292803860117,0.0,0.0,1.4403292803860117,2949.794366230552,0.0,8.64197568231607,17698.766197383313,5183.541507735848,5183.541507735848,0.0,89948160.0
2.356055957078934,10.549262550780055,7350,229,8.613901855095605,1.435650309182601,0.0,0.0,1.435650309182601,2940.2118332059667,0.0,8.613901855095605,17641.2709992358,5204.511034524068,5204.511034524068,0.0,90316800.0
2.1812441781163217,8.85731948916773,7390,230,8.635324065933508,1.4392206776555845,0.0,0.0,1.4392206776555845,2947.523947838637,0.0,8.635324065933508,17685.143687031825,5232.437198761851,5232.437198761851,0.0,90808320.0
2.880100791156292,17.816068791293844,7420,231,8.594862851979874,1.4324771419966456,0.0,0.0,1.4324771419966456,2933.71318680913,0.0,8.594862851979874,17602.279120854782,5253.425994165242,5253.425994165242,0.0,91176960.0
2.469208860397339,11.813097344611963,7450,232,7.768609189035109,1.294768198172518,0.0,0.0,1.294768198172518,2651.685269857317,0.0,7.768609189035109,15910.111619143903,5274.537041170523,5274.537041170523,0.0,91545600.0
2.3559627890586854,10.548279742656971,7480,233,8.612908203988214,1.4354847006647022,0.0,0.0,1.4354847006647022,2939.87266696131,0.0,8.612908203988214,17639.236001767862,5295.4821094460785,5295.4821094460785,0.0,91914240.0
2.466520071029663,11.781377077740974,7510,234,8.605251515171263,1.4342085858618772,0.0,0.0,1.4342085858618772,2937.2591838451244,0.0,8.605251515171263,17623.555103070747,5316.433842787519,5316.433842787519,0.0,92282880.0
2.7328903138637544,15.377267982391565,7550,235,8.62297047960429,1.437161746600715,0.0,0.0,1.437161746600715,2943.307257038264,0.0,8.62297047960429,17659.843542229584,5344.345189932734,5344.345189932734,0.0,92774400.0
3.4070172548294066,30.1751052459309,7580,236,8.58507127503707,1.4308452125061784,0.0,0.0,1.4308452125061784,2930.3709952126533,0.0,8.58507127503707,17582.22597127592,5365.316961364821,5365.316961364821,0.0,93143040.0
3.4893089175224303,32.76329773966056,7610,237,8.586244064024726,1.4310406773374544,0.0,0.0,1.4310406773374544,2930.7713071871067,0.0,8.586244064024726,17584.62784312264,5386.29441864416,5386.29441864416,0.0,93511680.0
2.626358562707901,13.82334131102626,7640,238,8.617629089585545,1.4362715149309242,0.0,0.0,1.4362715149309242,2941.4840625785328,0.0,8.617629089585545,17648.904375471197,5407.255017859861,5407.255017859861,0.0,93880320.0
3.288165682554245,26.79367045456768,7670,239,8.628372969679663,1.4380621616132774,0.0,0.0,1.4380621616132774,2945.151306983992,0.0,8.628372969679663,17670.90784190395,5428.247735438868,5428.247735438868,0.0,94248960.0
2.574703323841095,13.12742198758481,7710,240,8.614678268206301,1.435779711367717,0.0,0.0,1.435779711367717,2940.4768488810846,0.0,8.614678268206301,17642.861093286505,5456.182740224525,5456.182740224525,0.0,94740480.0
1.9489516347646714,7.021322810039056,7740,241,8.647700946063003,1.4412834910105004,0.0,0.0,1.4412834910105004,2951.7485895895047,0.0,8.647700946063003,17710.49153753703,5477.302940420806,5477.302940420806,0.0,95109120.0
2.3887767434120177,10.900152101589649,7770,242,8.64430622934006,1.44071770489001,0.0,0.0,1.44071770489001,2950.5898596147404,0.0,8.64430622934006,17703.539157688443,5498.2656892463565,5498.2656892463565,0.0,95477760.0
1.963466602563858,7.123980317387209,7800,243,8.622780025792649,1.4371300042987747,0.0,0.0,1.4371300042987747,2943.2422488038906,0.0,8.622780025792649,17659.453492823344,5519.199454819784,5519.199454819784,0.0,95846400.0
3.0352001428604125,20.805141483333763,7830,244,8.596062518664056,1.4326770864440093,0.0,0.0,1.4326770864440093,2934.122673037331,0.0,8.596062518664056,17604.736038223986,5540.162632280961,5540.162632280961,0.0,96215040.0
2.728987616300583,15.31737210986938,7870,245,8.648413909956304,1.4414023183260505,0.0,0.0,1.4414023183260505,2951.9919479317514,0.0,8.648413909956304,17711.95168759051,5568.063245752826,5568.063245752826,0.0,96706560.0
4.343241214752197,76.95656830657259,7900,246,8.610878372217899,1.43514639536965,0.0,0.0,1.43514639536965,2939.179817717043,0.0,8.610878372217899,17635.078906302257,5589.125732596964,5589.125732596964,0.0,97075200.0
2.092613822221756,8.106075337640865,7930,247,8.641341726538979,1.4402236210898298,0.0,0.0,1.4402236210898298,2949.5779759919715,0.0,8.641341726538979,17697.46785595183,5610.053026014939,5610.053026014939,0.0,97443840.0
1.944696383178234,6.991508793071514,7960,248,8.616797642475433,1.4361329404125722,0.0,0.0,1.4361329404125722,2941.200261964948,0.0,8.616797642475433,17647.201571789687,5631.1610898356885,5631.1610898356885,0.0,97812480.0
2.14905047416687,8.576710721182591,7990,249,8.611544965557508,1.4352574942595846,0.0,0.0,1.4352574942595846,2939.4073482436293,0.0,8.611544965557508,17636.444089461776,5652.13108247146,5652.13108247146,0.0,98181120.0
1.9872854188084603,7.295702081484432,8030,250,8.62721173865733,1.437868623109555,0.0,0.0,1.437868623109555,2944.7549401283686,0.0,8.62721173865733,17668.52964077021,5680.041762107983,5680.041762107983,0.0,98672640.0
1.8734044134616852,6.510422885374845,8060,251,8.626493625978933,1.4377489376631554,0.0,0.0,1.4377489376631554,2944.509824334142,0.0,8.626493625978933,17667.058946004854,5700.986088551581,5700.986088551581,0.0,99041280.0
2.481062191724777,11.953955068856171,8090,252,7.691237249434266,1.2818728749057111,0.0,0.0,1.2818728749057111,2625.2756478068964,0.0,7.691237249434266,15751.653886841377,5722.110459776595,5722.110459776595,0.0,99409920.0
3.8628682136535644,47.601687564924596,8120,253,8.586521072066926,1.4310868453444876,0.0,0.0,1.4310868453444876,2930.8658592655106,0.0,8.586521072066926,17585.195155593065,5743.190246352926,5743.190246352926,0.0,99778560.0
2.438760447502136,11.458828116951736,8150,254,8.646458926539903,1.4410764877566504,0.0,0.0,1.4410764877566504,2951.32464692562,0.0,8.646458926539903,17707.947881553722,5764.143711809069,5764.143711809069,0.0,100147200.0
1.773843440413475,5.893461054283473,8190,255,8.610325530479981,1.4350542550799967,0.0,0.0,1.4350542550799967,2938.9911144038333,0.0,8.610325530479981,17633.946686423,5792.041453471407,5792.041453471407,0.0,100638720.0
1.611170306801796,5.008669479148672,8220,256,8.590084517608448,1.4316807529347413,0.0,0.0,1.4316807529347413,2932.08218201035,0.0,8.590084517608448,17592.4930920621,5813.237148532644,5813.237148532644,0.0,101007360.0
2.218741017580032,9.195746292104808,8250,257,8.601572209542912,1.433595368257152,0.0,0.0,1.433595368257152,2936.0033141906474,0.0,8.601572209542912,17616.019885143884,5834.227937884629,5834.227937884629,0.0,101376000.0
2.146576499938965,8.555518385353581,8280,258,8.590068803234981,1.4316781338724969,0.0,0.0,1.4316781338724969,2932.0768181708736,0.0,8.590068803234981,17592.46090902524,5855.242164967582,5855.242164967582,0.0,101744640.0
3.709234118461609,40.82252932964112,8310,259,8.598591114689226,1.433098519114871,0.0,0.0,1.433098519114871,2934.985767147256,0.0,8.598591114689226,17609.914602883535,5876.23885595426,5876.23885595426,0.0,102113280.0
3.0189890384674074,20.47058624451209,8350,260,8.621874140821358,1.4369790234702262,0.0,0.0,1.4369790234702262,2942.9330400670233,0.0,8.621874140821358,17657.59824040214,5904.221305880696,5904.221305880696,0.0,102604800.0
3.0695563077926638,21.532346820740123,8380,261,8.558258776029172,1.4263764626715287,0.0,0.0,1.4263764626715287,2921.218995551291,0.0,8.558258776029172,17527.313973307744,5925.209399284795,5925.209399284795,0.0,102973440.0
1.8358220636844635,6.270286602228613,8410,262,8.655749588059765,1.4426249313432942,0.0,0.0,1.4426249313432942,2954.4958593910665,0.0,8.655749588059765,17726.975156346398,5946.304300829768,5946.304300829768,0.0,103342080.0
2.2562898099422455,9.547599961174718,8440,263,8.632568071774621,1.4387613452957702,0.0,0.0,1.4387613452957702,2946.5832351657373,0.0,8.632568071774621,17679.499410994424,5967.276480652392,5967.276480652392,0.0,103710720.0
1.7407580107450484,5.701663707408871,8470,264,8.614861394797318,1.4358102324662196,0.0,0.0,1.4358102324662196,2940.539356090818,0.0,8.614861394797318,17643.236136544907,5988.266931621358,5988.266931621358,0.0,104079360.0
2.4004406690597535,11.028035023861001,8510,265,8.597343117437406,1.4328905195729011,0.0,0.0,1.4328905195729011,2934.5597840853015,0.0,8.597343117437406,17607.358704511807,6016.207230908796,6016.207230908796,0.0,104570880.0
2.635091233253479,13.94458461495354,8540,266,8.622751981250454,1.437125330208409,0.0,0.0,1.437125330208409,2943.2326762668217,0.0,8.622751981250454,17659.39605760093,6037.178121747449,6037.178121747449,0.0,104939520.0
3.618363106250763,37.276500184926256,8570,267,8.620562092814,1.436760348802333,0.0,0.0,1.436760348802333,2942.485194347178,0.0,8.620562092814,17654.91116608307,6058.171004291624,6058.171004291624,0.0,105308160.0
3.6068855822086334,36.85110417421808,8600,268,8.615689207533611,1.435948201255602,0.0,0.0,1.435948201255602,2940.821916171473,0.0,8.615689207533611,17644.931497028836,6079.334035100415,6079.334035100415,0.0,105676800.0
2.7776322841644285,16.080900833483117,8630,269,8.594454106014005,1.4324090176690008,0.0,0.0,1.4324090176690008,2933.5736681861135,0.0,8.594454106014005,17601.442009116683,6100.459285590798,6100.459285590798,0.0,106045440.0
2.4639405786991118,11.751026267595572,8670,270,8.600160090612697,1.4333600151021162,0.0,0.0,1.4333600151021162,2935.521310929134,0.0,8.600160090612697,17613.127865574803,6128.433839902282,6128.433839902282,0.0,106536960.0
2.835618960857391,17.040944714521004,8700,271,8.610043463309138,1.4350072438848562,0.0,0.0,1.4350072438848562,2938.8948354761856,0.0,8.610043463309138,17633.369012857114,6149.400253361091,6149.400253361091,0.0,106905600.0
1.7605194091796874,5.815457211934181,8730,272,8.590723163114886,1.431787193852481,0.0,0.0,1.431787193852481,2932.3001730098813,0.0,8.590723163114886,17593.801038059286,6170.400759220123,6170.400759220123,0.0,107274240.0
2.7672049104498,15.914090479215997,8760,273,8.647340828826247,1.441223471471041,0.0,0.0,1.441223471471041,2951.625669572692,0.0,8.647340828826247,17709.754017436153,6191.376282500103,6191.376282500103,0.0,107642880.0
2.6401661038398743,14.015531447988048,8790,274,8.61545385349585,1.4359089755826417,0.0,0.0,1.4359089755826417,2940.7415819932503,0.0,8.61545385349585,17644.4494919595,6212.350794099271,6212.350794099271,0.0,108011520.0
2.598965287208557,13.44981413789574,8830,275,8.587918492254758,1.4313197487091265,0.0,0.0,1.4313197487091265,2931.342845356291,0.0,8.587918492254758,17588.057072137744,6240.434092128649,6240.434092128649,0.0,108503040.0
3.17766877412796,23.990760429711514,8860,276,8.604610788252659,1.43410179804211,0.0,0.0,1.43410179804211,2937.0404823902413,0.0,8.604610788252659,17622.242894341445,6261.404695708305,6261.404695708305,0.0,108871680.0
3.0287803947925567,20.672005523401314,8890,277,8.60465098891192,1.4341084981519867,0.0,0.0,1.4341084981519867,2937.054204215269,0.0,8.60465098891192,17622.325225291614,6282.3652272596955,6282.3652272596955,0.0,109240320.0
1.881701409816742,6.5646645506073735,8920,278,8.59682358207169,1.4328039303452815,0.0,0.0,1.4328039303452815,2934.3824493471366,0.0,8.59682358207169,17606.29469608282,6303.332458233461,6303.332458233461,0.0,109608960.0
2.309540367126465,10.069795182270623,8950,279,8.632250459234532,1.4387084098724219,0.0,0.0,1.4387084098724219,2946.47482341872,0.0,8.632250459234532,17678.848940512322,6324.3062333501875,6324.3062333501875,0.0,109977600.0
3.8525023996829986,47.11080591629948,8990,280,8.624994712506636,1.437499118751106,0.0,0.0,1.437499118751106,2943.998195202265,0.0,8.624994712506636,17663.98917121359,6352.252478532493,6352.252478532493,0.0,110469120.0
2.087953323125839,8.068384877257127,9020,281,8.634162363437067,1.4390270605728446,0.0,0.0,1.4390270605728446,2947.1274200531857,0.0,8.634162363437067,17682.764520319113,6373.331835739315,6373.331835739315,0.0,110837760.0
1.882299144566059,6.568589651694674,9050,282,8.606723256555691,1.4344538760926153,0.0,0.0,1.4344538760926153,2937.761538237676,0.0,8.606723256555691,17626.569229426055,6394.294813208282,6394.294813208282,0.0,111206400.0
2.20578733086586,9.07739566889348,9080,283,8.624718357125273,1.437453059520879,0.0,0.0,1.437453059520879,2943.90386589876,0.0,8.624718357125273,17663.42319539256,6415.2591146770865,6415.2591146770865,0.0,111575040.0
2.5020289570093155,12.207236809816385,9110,284,8.632341927029037,1.4387236545048394,0.0,0.0,1.4387236545048394,2946.506044425911,0.0,8.632341927029037,17679.036266555468,6436.237372756004,6436.237372756004,0.0,111943680.0
2.619857794046402,13.733770422286131,9150,285,8.576005169970768,1.429334194995128,0.0,0.0,1.429334194995128,2927.276431350022,0.0,8.576005169970768,17563.658588100134,6464.198397291824,6464.198397291824,0.0,112435200.0
2.6938127756118773,14.787951710419273,9180,286,8.642010425006644,1.4403350708344407,0.0,0.0,1.4403350708344407,2949.8062250689345,0.0,8.642010425006644,17698.837350413607,6485.163486836478,6485.163486836478,0.0,112803840.0
2.7495931804180147,15.636269449493158,9210,287,8.64089319969564,1.4401488666159399,0.0,0.0,1.4401488666159399,2949.424878829445,0.0,8.64089319969564,17696.54927297667,6506.241823760793,6506.241823760793,0.0,113172480.0
3.6630740076303483,38.98098673470422,9240,288,8.608710856117499,1.4347851426862497,0.0,0.0,1.4347851426862497,2938.4399722214393,0.0,8.608710856117499,17630.639833328638,6527.1918768286705,6527.1918768286705,0.0,113541120.0
3.7403799176216124,42.113986971837036,9270,289,8.614648502375179,1.4357747503958629,0.0,0.0,1.4357747503958629,2940.466688810727,0.0,8.614648502375179,17642.800132864366,6548.191446656361,6548.191446656361,0.0,113909760.0
1.8529091954231263,6.378348419471731,9310,290,8.617137239775621,1.4361895399626037,0.0,0.0,1.4361895399626037,2941.3161778434123,0.0,8.617137239775621,17647.897067060472,6576.283953176811,6576.283953176811,0.0,114401280.0
2.4790541350841524,11.92997493479006,9340,291,8.62642573006248,1.4377376216770799,0.0,0.0,1.4377376216770799,2944.4866491946595,0.0,8.62642573006248,17666.919895167957,6597.236367439851,6597.236367439851,0.0,114769920.0
1.365897959470749,3.919240791749582,9370,292,8.627804117954167,1.4379673529923611,0.0,0.0,1.4379673529923611,2944.9571389283556,0.0,8.627804117954167,17669.742833570133,6618.1966697108,6618.1966697108,0.0,115138560.0
2.1466768473386764,8.556376952453503,9400,293,8.638107601992267,1.4396846003320445,0.0,0.0,1.4396846003320445,2948.474061480027,0.0,8.638107601992267,17690.844368880164,6639.149213409051,6639.149213409051,0.0,115507200.0
2.8574401795864106,17.416885724594785,9430,294,8.59661378265812,1.4327689637763532,0.0,0.0,1.4327689637763532,2934.3108378139714,0.0,8.59661378265812,17605.86502688383,6660.131340011954,6660.131340011954,0.0,115875840.0
2.7288470447063444,15.315219073783751,9470,295,8.619687719762318,1.4366146199603862,0.0,0.0,1.4366146199603862,2942.186741678871,0.0,8.619687719762318,17653.120450073227,6688.330931091681,6688.330931091681,0.0,116367360.0
2.66593451499939,14.38138288620929,9500,296,8.59951359018811,1.4332522650313517,0.0,0.0,1.4332522650313517,2935.3006387842083,0.0,8.59951359018811,17611.80383270525,6709.442878868431,6709.442878868431,0.0,116736000.0
2.603161644935608,13.50637295690198,9530,297,8.615534515562437,1.4359224192604063,0.0,0.0,1.4359224192604063,2940.769114645312,0.0,8.615534515562437,17644.614687871872,6730.3895021844655,6730.3895021844655,0.0,117104640.0
3.0897756993770598,21.97214905628357,9560,298,8.620976579164745,1.4368294298607909,0.0,0.0,1.4368294298607909,2942.6266723548997,0.0,8.620976579164745,17655.7600341294,6751.350242951885,6751.350242951885,0.0,117473280.0
3.3440704584121703,28.334225580764258,9590,299,8.602876219871598,1.433812703311933,0.0,0.0,1.433812703311933,2936.448416382839,0.0,8.602876219871598,17618.690498297034,6772.365366630256,6772.365366630256,0.0,117841920.0
2.8203735291957854,16.78311848621215,9630,300,8.589296830984102,1.4315494718306836,0.0,0.0,1.4315494718306836,2931.81331830924,0.0,8.589296830984102,17590.87990985544,6800.378993976861,6800.378993976861,0.0,118333440.0
3.1573338650166987,23.507837237431517,9660,301,8.58911599198519,1.4315193319975317,0.0,0.0,1.4315193319975317,2931.751591930945,0.0,8.58911599198519,17590.50955158567,6821.367422308773,6821.367422308773,0.0,118702080.0
3.7614826560020447,43.01215094975045,9690,302,8.606252275815006,1.434375379302501,0.0,0.0,1.434375379302501,2937.600776811522,0.0,8.606252275815006,17625.604660869132,6842.471902567893,6842.471902567893,0.0,119070720.0
3.4101063013076782,30.26846166544626,9720,303,8.59260727093598,1.4321012118226635,0.0,0.0,1.4321012118226635,2932.943281812815,0.0,8.59260727093598,17597.659690876888,6863.434836374596,6863.434836374596,0.0,119439360.0
1.9845499694347382,7.275772328637078,9750,304,8.618315820632857,1.4363859701054762,0.0,0.0,1.4363859701054762,2941.7184667760152,0.0,8.618315820632857,17650.31080065609,6884.419460071251,6884.419460071251,0.0,119808000.0
2.390502060949802,10.918974557862898,9790,305,8.614619497014713,1.4357699161691186,0.0,0.0,1.4357699161691186,2940.456788314355,0.0,8.614619497014713,17642.740729886133,6912.3710039090365,6912.3710039090365,0.0,120299520.0
2.084024453163147,8.036747432664649,9820,306,8.60541367738021,1.4342356128967015,0.0,0.0,1.4342356128967015,2937.3145352124448,0.0,8.60541367738021,17623.88721127467,6933.331654356793,6933.331654356793,0.0,120668160.0
3.4203260064125063,30.579382471011662,9850,307,8.628611006277135,1.4381018343795224,0.0,0.0,1.4381018343795224,2945.232556809262,0.0,8.628611006277135,17671.39534085557,6954.294002054259,6954.294002054259,0.0,121036800.0
3.564790743589401,35.33205917078015,9880,308,8.580812627563809,1.4301354379273012,0.0,0.0,1.4301354379273012,2928.917376875113,0.0,8.580812627563809,17573.50426125068,6975.274248115718,6975.274248115718,0.0,121405440.0
1.9083994030952454,6.7422884712937865,9910,309,8.654929512185838,1.4424882520309732,0.0,0.0,1.4424882520309732,2954.215940159433,0.0,8.654929512185838,17725.295640956596,6996.221768846735,6996.221768846735,0.0,121774080.0
3.0345336556434632,20.791279742338013,9950,310,8.603995275495196,1.4339992125825325,0.0,0.0,1.4339992125825325,2936.8303873690265,0.0,8.603995275495196,17620.98232421416,7024.398671258241,7024.398671258241,0.0,122265600.0
3.5379045844078063,34.39477228624276,9980,311,8.587375107674408,1.4312291846124012,0.0,0.0,1.4312291846124012,2931.1573700861977,0.0,8.587375107674408,17586.944220517187,7045.363078547642,7045.363078547642,0.0,122634240.0
3.252295696735382,25.84961472880849,10010,312,8.612794211045934,1.4354657018409889,0.0,0.0,1.4354657018409889,2939.833757370345,0.0,8.612794211045934,17639.002544222072,7066.305076692253,7066.305076692253,0.0,123002880.0
2.6777876168489456,14.552861149292504,10040,313,8.620478083753847,1.4367463472923079,0.0,0.0,1.4367463472923079,2942.4565192546465,0.0,8.620478083753847,17654.73911552788,7087.250172751024,7087.250172751024,0.0,123371520.0
3.7387665629386904,42.046096953804756,10070,314,8.599580822070871,1.4332634703451452,0.0,0.0,1.4332634703451452,2935.3235872668574,0.0,8.599580822070871,17611.941523601145,7108.200576303527,7108.200576303527,0.0,123740160.0
3.588528573513031,36.18079935332025,10110,315,8.631604445057317,1.4386007408428862,0.0,0.0,1.4386007408428862,2946.254317246231,0.0,8.631604445057317,17677.525903477384,7136.095624340698,7136.095624340698,0.0,124231680.0
3.0552743434906007,21.227008219696582,10140,316,8.624563698675138,1.4374272831125228,0.0,0.0,1.4374272831125228,2943.8510758144466,0.0,8.624563698675138,17663.10645488668,7157.1758409924805,7157.1758409924805,0.0,124600320.0
3.298361349105835,27.06824715188648,10170,317,8.603455001834297,1.4339091669723827,0.0,0.0,1.4339091669723827,2936.6459739594397,0.0,8.603455001834297,17619.87584375664,7178.136127572507,7178.136127572507,0.0,124968960.0
2.4629524528980253,11.73942051026976,10200,318,8.651455948862683,1.441909324810447,0.0,0.0,1.441909324810447,2953.0302972117956,0.0,8.651455948862683,17718.181783270775,7199.07023392804,7199.07023392804,0.0,125337600.0
1.6563397109508515,5.240095434986857,10230,319,8.636589540823149,1.4394315901371915,0.0,0.0,1.4394315901371915,2947.955896600968,0.0,8.636589540823149,17687.73537960581,7220.01957073994,7220.01957073994,0.0,125706240.0
2.488509726524353,12.043314907443824,10270,320,8.622610572599198,1.4371017620998663,0.0,0.0,1.4371017620998663,2943.184408780526,0.0,8.622610572599198,17659.106452683158,7247.930904559791,7247.930904559791,0.0,126197760.0
2.965429684519768,19.40303863588643,10300,321,8.630995309320769,1.4384992182201282,0.0,0.0,1.4384992182201282,2946.0463989148225,0.0,8.630995309320769,17676.278393488934,7269.033737968653,7269.033737968653,0.0,126566400.0
1.8941861659288406,6.647136536561159,10330,322,8.636583138195451,1.4394305230325752,0.0,0.0,1.4394305230325752,2947.953711170714,0.0,8.636583138195451,17687.722267024285,7289.97744955495,7289.97744955495,0.0,126935040.0
2.5130132377147674,12.34206365792791,10360,323,8.622062004480268,1.4370103340800446,0.0,0.0,1.4370103340800446,2942.9971641959314,0.0,8.622062004480268,17657.98298517559,7310.916166046634,7310.916166046634,0.0,127303680.0
2.3618070408701897,10.610107036811906,10390,324,8.646069416721826,1.4410115694536374,0.0,0.0,1.4410115694536374,2951.1916942410494,0.0,8.646069416721826,17707.1501654463,7331.870224112645,7331.870224112645,0.0,127672320.0
1.974562120437622,7.203464713152658,10430,325,8.644063301478822,1.440677216913137,0.0,0.0,1.440677216913137,2950.5069402381046,0.0,8.644063301478822,17703.041641428626,7359.7736867927015,7359.7736867927015,0.0,128163840.0
1.885490494966507,6.589585808136131,10460,326,8.632573774416631,1.4387622957361053,0.0,0.0,1.4387622957361053,2946.5851816675436,0.0,8.632573774416631,17679.51109000526,7380.739194119349,7380.739194119349,0.0,128532480.0
1.841536808013916,6.306222270812097,10490,327,8.61903569727141,1.436505949545235,0.0,0.0,1.436505949545235,2941.9641846686413,0.0,8.61903569727141,17651.78510801185,7401.698697734624,7401.698697734624,0.0,128901120.0
2.1200451010838153,8.331513239491144,10520,328,8.650914414793222,1.4418190691322037,0.0,0.0,1.4418190691322037,2952.845453582753,0.0,8.650914414793222,17717.07272149652,7422.76201681979,7422.76201681979,0.0,129269760.0
2.0452166318893434,7.7308331015023715,10550,329,8.623943423351951,1.437323903891992,0.0,0.0,1.437323903891992,2943.6393551707997,0.0,8.623943423351951,17661.836131024796,7443.739667261019,7443.739667261019,0.0,129638400.0
2.2254525780677796,9.257671675098633,10590,330,8.648071111679124,1.4413451852798542,0.0,0.0,1.4413451852798542,2951.8749394531415,0.0,8.648071111679124,17711.249636718847,7471.662156630307,7471.662156630307,0.0,130129920.0
1.527092343568802,4.604768253963845,10620,331,8.632176573918514,1.4386960956530859,0.0,0.0,1.4386960956530859,2946.44960389752,0.0,8.632176573918514,17678.697623385116,7492.622595464811,7492.622595464811,0.0,130498560.0
1.897023618221283,6.66602425319013,10650,332,8.617704847122752,1.4362841411871252,0.0,0.0,1.4362841411871252,2941.5099211512324,0.0,8.617704847122752,17649.059526907397,7513.723736265674,7513.723736265674,0.0,130867200.0
2.280859449505806,9.785086584499322,10680,333,8.618497026591204,1.4364161710985337,0.0,0.0,1.4364161710985337,2941.780318409797,0.0,8.618497026591204,17650.681910458785,7534.673150444403,7534.673150444403,0.0,131235840.0
2.8208295941352843,16.790774423798823,10710,334,8.609259325769044,1.4348765542948407,0.0,0.0,1.4348765542948407,2938.627183195834,0.0,8.609259325769044,17631.763099175,7555.640691760927,7555.640691760927,0.0,131604480.0
1.906812459230423,6.7315973233389395,10750,335,8.624010991591515,1.4373351652652526,0.0,0.0,1.4373351652652526,2943.6624184632374,0.0,8.624010991591515,17661.974510779422,7583.564555423334,7583.564555423334,0.0,132096000.0
2.869472873210907,17.627723704968304,10780,336,7.943342224350798,1.323890370725133,0.0,0.0,1.323890370725133,2711.3274792450725,0.0,7.943342224350798,16267.964875470434,7604.944006429985,7604.944006429985,0.0,132464640.0
1.872635892033577,6.505421407998822,10810,337,8.6232240886891,1.4372040147815166,0.0,0.0,1.4372040147815166,2943.393822272546,0.0,8.6232240886891,17660.362933635275,7625.888466736302,7625.888466736302,0.0,132833280.0
3.337843179702759,28.158328708905128,10840,338,8.616620426303845,1.436103404383974,0.0,0.0,1.436103404383974,2941.1397721783787,0.0,8.616620426303845,17646.838633070274,7646.852260017768,7646.852260017768,0.0,133201920.0
3.238230949640274,25.488591238550452,10870,339,8.60114872383334,1.4335247873055568,0.0,0.0,1.4335247873055568,2935.8587644017803,0.0,8.60114872383334,17615.15258641068,7667.833497337997,7667.833497337997,0.0,133570560.0
1.8793467164039612,6.549224963114263,10910,340,8.639654061674586,1.439942343612431,0.0,0.0,1.439942343612431,2949.0019197182587,0.0,8.639654061674586,17694.01151830955,7695.759493168443,7695.759493168443,0.0,134062080.0
1.9403810985386372,6.961403445858034,10940,341,8.608384207289363,1.434730701214894,0.0,0.0,1.434730701214894,2938.328476088103,0.0,8.608384207289363,17629.970856528616,7716.700520019978,7716.700520019978,0.0,134430720.0
2.175721311569214,8.808536530547386,10970,342,8.629158258279846,1.438193043046641,0.0,0.0,1.438193043046641,2945.4193521595207,0.0,8.629158258279846,17672.516112957124,7737.635817795992,7737.635817795992,0.0,134799360.0
2.7484180450439455,15.61790550831632,11000,343,8.614261369478545,1.435710228246424,0.0,0.0,1.435710228246424,2940.3345474486764,0.0,8.614261369478545,17642.00728469206,7758.702784717083,7758.702784717083,0.0,135168000.0
1.6790176391601563,5.3602876471732,11030,344,8.616539455795046,1.4360899092991741,0.0,0.0,1.4360899092991741,2941.1121342447086,0.0,8.616539455795046,17646.672805468254,7779.635988319293,7779.635988319293,0.0,135536640.0
2.7488068461418154,15.623978947727828,11070,345,8.645453214178197,1.4409088690296996,0.0,0.0,1.4409088690296996,2950.981363772825,0.0,8.645453214178197,17705.888182636947,7807.546114664525,7807.546114664525,0.0,136028160.0
3.8337858855724334,46.23725625567836,11100,346,8.603779208445244,1.4339632014075407,0.0,0.0,1.4339632014075407,2936.7566364826434,0.0,8.603779208445244,17620.53981889586,7828.491942455992,7828.491942455992,0.0,136396800.0
2.5399420976638796,12.67893680951846,11130,347,8.614947321947314,1.4358245536578855,0.0,0.0,1.4358245536578855,2940.5686858913496,0.0,8.614947321947314,17643.4121153481,7849.419944765046,7849.419944765046,0.0,136765440.0
2.984925502538681,19.785028247090253,11160,348,8.61210324810985,1.4353505413516419,0.0,0.0,1.4353505413516419,2939.5979086881625,0.0,8.61210324810985,17637.587452128973,7870.362905088812,7870.362905088812,0.0,137134080.0
2.8305221438407897,16.954311102897986,11190,349,8.610888995189644,1.4351481658649405,0.0,0.0,1.4351481658649405,2939.183443691398,0.0,8.610888995189644,17635.10066214839,7891.3255578354,7891.3255578354,0.0,137502720.0
2.519664800167084,12.42443129820642,11230,350,8.608848634195597,1.4348081056992663,0.0,0.0,1.4348081056992663,2938.4870004720974,0.0,8.608848634195597,17630.922002832584,7919.256907630712,7919.256907630712,0.0,137994240.0
2.3519907772541044,10.506464950400897,11260,351,8.654386043466888,1.442397673911148,0.0,0.0,1.442397673911148,2954.030436170031,0.0,8.654386043466888,17724.182617020186,7940.212234534323,7940.212234534323,0.0,138362880.0
2.414018815755844,11.17879651574289,11290,352,8.646298451252761,1.44104974187546,0.0,0.0,1.44104974187546,2951.269871360942,0.0,8.646298451252761,17707.619228165655,7961.373167000711,7961.373167000711,0.0,138731520.0
2.682921576499939,14.627767068695476,11320,353,8.623893033580618,1.43731550559677,0.0,0.0,1.43731550559677,2943.6221554621848,0.0,8.623893033580618,17661.732932773106,7982.333018573001,7982.333018573001,0.0,139100160.0
2.221370446681976,9.219957672123389,11350,354,8.60562319384226,1.434270532307043,0.0,0.0,1.434270532307043,2937.386050164824,0.0,8.60562319384226,17624.316300988947,8003.291587671265,8003.291587671265,0.0,139468800.0
3.315667849779129,27.54078094849363,11390,355,8.628868865185972,1.4381448108643287,0.0,0.0,1.4381448108643287,2945.320572650145,0.0,8.628868865185972,17671.92343590087,8031.20890433155,8031.20890433155,0.0,139960320.0
2.479033374786377,11.929727267528792,11420,356,8.626438932604241,1.437739822100707,0.0,0.0,1.437739822100707,2944.491155662248,0.0,8.626438932604241,17666.946933973486,8052.13529369235,8052.13529369235,0.0,140328960.0
2.72388374209404,15.239393335648801,11450,357,8.63220522341268,1.4387008705687798,0.0,0.0,1.4387008705687798,2946.459382924861,0.0,8.63220522341268,17678.756297549167,8073.089837439358,8073.089837439358,0.0,140697600.0
3.713552987575531,40.99921776318238,11480,358,7.8965254856604234,1.3160875809434038,0.0,0.0,1.3160875809434038,2695.347365772091,0.0,7.8965254856604234,16172.084194632547,8094.168818656355,8094.168818656355,0.0,141066240.0
2.429110473394394,11.348782544749954,11510,359,8.650355897753634,1.441725982958939,0.0,0.0,1.441725982958939,2952.654813099907,0.0,8.650355897753634,17715.928878599443,8115.128272499889,8115.128272499889,0.0,141434880.0
1.8350897908210755,6.265696722231519,11550,360,8.621478120447627,1.4369130200746045,0.0,0.0,1.4369130200746045,2942.79786511279,0.0,8.621478120447627,17656.78719067674,8143.056197984144,8143.056197984144,0.0,141926400.0
2.9669477462768556,19.43251601539121,11580,361,8.586091262932642,1.431015210488774,0.0,0.0,1.431015210488774,2930.719151081009,0.0,8.586091262932642,17584.31490648605,8164.157414520159,8164.157414520159,0.0,142295040.0
2.5433273375034333,12.721930782926352,11610,362,8.636125936391066,1.4393543227318442,0.0,0.0,1.4393543227318442,2947.797652954817,0.0,8.636125936391066,17686.785917728903,8185.0902516637,8185.0902516637,0.0,142663680.0
4.019653385877609,55.68180238249971,11640,363,8.622239156067515,1.437039859344586,0.0,0.0,1.437039859344586,2943.057631937712,0.0,8.622239156067515,17658.34579162627,8206.046410979703,8206.046410979703,0.0,143032320.0
3.2996996700763703,27.104497406512802,11670,364,8.643047211903125,1.4405078686505208,0.0,0.0,1.4405078686505208,2950.1601149962667,0.0,8.643047211903125,17700.9606899776,8227.00803783536,8227.00803783536,0.0,143400960.0
1.3065083563327788,3.6932556400151264,11710,365,8.639800687714864,1.4399667812858108,0.0,0.0,1.4399667812858108,2949.0519680733405,0.0,8.639800687714864,17694.31180844004,8254.914529750124,8254.914529750124,0.0,143892480.0
2.479173940420151,11.931404295066361,11740,366,8.580368682170995,1.4300614470284991,0.0,0.0,1.4300614470284991,2928.765843514366,0.0,8.580368682170995,17572.5950610862,8275.8626522962,8275.8626522962,0.0,144261120.0
2.141334515810013,8.510787834608086,11770,367,8.62806826086208,1.4380113768103466,0.0,0.0,1.4380113768103466,2945.04729970759,0.0,8.62806826086208,17670.28379824554,8296.795577391982,8296.795577391982,0.0,144629760.0
2.134166753292084,8.450002635749772,11800,368,8.597359787754291,1.4328932979590487,0.0,0.0,1.4328932979590487,2934.565474220132,0.0,8.597359787754291,17607.39284532079,8317.84768071957,8317.84768071957,0.0,144998400.0
3.721285505592823,41.317473827850215,11830,369,8.632590928656985,1.4387651547761642,0.0,0.0,1.4387651547761642,2946.5910369815842,0.0,8.632590928656985,17679.546221889505,8338.810486350209,8338.810486350209,0.0,145367040.0
2.642357760667801,14.046282368606644,11870,370,8.637117842415044,1.4395196404025075,0.0,0.0,1.4395196404025075,2948.1362235443353,0.0,8.637117842415044,17688.81734126601,8366.71260930784,8366.71260930784,0.0,145858560.0
2.555468261241913,12.877328199640962,11900,371,8.623662275575947,1.4372770459293245,0.0,0.0,1.4372770459293245,2943.5433900632565,0.0,8.623662275575947,17661.26034037954,8387.653446247801,8387.653446247801,0.0,146227200.0
2.7977648437023164,16.407931462815284,11930,372,8.602803089265876,1.433800514877646,0.0,0.0,1.433800514877646,2936.423454469419,0.0,8.602803089265876,17618.540726816515,8408.602409139276,8408.602409139276,0.0,146595840.0
1.4453795075416564,4.243462263206316,11960,373,8.620069965824015,1.436678327637336,0.0,0.0,1.436678327637336,2942.3172150012642,0.0,8.620069965824015,17653.903290007584,8429.53560638614,8429.53560638614,0.0,146964480.0
2.4005115306237714,11.028816515359365,11990,374,8.614394510518634,1.4357324184197724,0.0,0.0,1.4357324184197724,2940.379992923694,0.0,8.614394510518634,17642.279957542163,8450.62680889666,8450.62680889666,0.0,147333120.0
2.605010199546814,13.531363315817405,12030,375,8.601185780182561,1.4335309633637603,0.0,0.0,1.4335309633637603,2935.871412968981,0.0,8.601185780182561,17615.228477813886,8478.559416463599,8478.559416463599,0.0,147824640.0
3.505205249786377,33.28827556272434,12060,376,8.586684703573392,1.431114117262232,0.0,0.0,1.431114117262232,2930.921712153051,0.0,8.586684703573392,17585.530272918306,8499.689133284613,8499.689133284613,0.0,148193280.0
4.527993476390838,92.57262544385611,12090,377,8.602155605651705,1.4336926009419508,0.0,0.0,1.4336926009419508,2936.2024467291153,0.0,8.602155605651705,17617.21468037469,8520.65923693031,8520.65923693031,0.0,148561920.0
2.306815932691097,10.042398023346925,12120,378,7.702167136503834,1.283694522750639,0.0,0.0,1.283694522750639,2629.006382593309,0.0,7.702167136503834,15774.038295559852,8541.77944483608,8541.77944483608,0.0,148930560.0
2.1039934158325195,8.198846026017112,12150,379,8.624405801525935,1.4374009669209893,0.0,0.0,1.4374009669209893,2943.797180254186,0.0,8.624405801525935,17662.783081525115,8562.859662057832,8562.859662057832,0.0,149299200.0
2.9510259825736282,19.125566163097158,12190,380,8.59822676775203,1.4330377946253383,0.0,0.0,1.4330377946253383,2934.861403392693,0.0,8.59822676775203,17609.168420356156,8590.782185299322,8590.782185299322,0.0,149790720.0
2.207719254493713,9.094949454892845,12220,381,8.628657198316235,1.4381095330527058,0.0,0.0,1.4381095330527058,2945.2483236919416,0.0,8.628657198316235,17671.48994215165,8611.716561298817,8611.716561298817,0.0,150159360.0
2.4670301556587217,11.78738811003473,12250,382,8.605283445976406,1.4342139076627343,0.0,0.0,1.4342139076627343,2937.27008289328,0.0,8.605283445976406,17623.62049735968,8632.6608707048,8632.6608707048,0.0,150528000.0
2.7530370630323886,15.690211758179021,12280,383,8.624062941239886,1.4373438235399811,0.0,0.0,1.4373438235399811,2943.6801506098814,0.0,8.624062941239886,17662.080903659287,8653.592639174312,8653.592639174312,0.0,150896640.0
2.325491839647293,10.231711209669047,12310,384,8.623766120921633,1.437294353486939,0.0,0.0,1.437294353486939,2943.578835941251,0.0,8.623766120921633,17661.473015647505,8674.658132696524,8674.658132696524,0.0,151265280.0
2.937623941898346,18.870954516253242,12350,385,8.629048388557244,1.4381747314262072,0.0,0.0,1.4381747314262072,2945.3818499608724,0.0,8.629048388557244,17672.291099765236,8702.541510676965,8702.541510676965,0.0,151756800.0
2.087817293405533,8.067287411764607,12380,386,8.638400591914017,1.4397334319856696,0.0,0.0,1.4397334319856696,2948.5740687066514,0.0,8.638400591914017,17691.444412239907,8723.49042448774,8723.49042448774,0.0,152125440.0
3.8532924890518188,47.14804237133709,12410,387,8.643405162587372,1.4405675270978953,0.0,0.0,1.4405675270978953,2950.2822954964895,0.0,8.643405162587372,17701.69377297894,8744.429961724207,8744.429961724207,0.0,152494080.0
2.5670074701309202,13.026783016480737,12440,388,8.614618264464006,1.4357697107440013,0.0,0.0,1.4357697107440013,2940.4563676037146,0.0,8.614618264464006,17642.738205622285,8765.40697686188,8765.40697686188,0.0,152862720.0
3.147820770740509,23.285265317930687,12470,389,8.630670227733996,1.4384450379556657,0.0,0.0,1.4384450379556657,2945.9354377332033,0.0,8.630670227733996,17675.612626399223,8786.382193367928,8786.382193367928,0.0,153231360.0
3.650145208835602,38.48025331613973,12510,390,8.605609261778648,1.4342682102964415,0.0,0.0,1.4342682102964415,2937.381294687112,0.0,8.605609261778648,17624.28776812267,8814.335186904296,8814.335186904296,0.0,153722880.0
1.4900831520557403,4.437464487957636,12540,391,8.629916431003632,1.438319405167272,0.0,0.0,1.438319405167272,2945.678141782573,0.0,8.629916431003632,17674.06885069544,8835.263059169054,8835.263059169054,0.0,154091520.0
2.750092077255249,15.644072281109816,12570,392,8.627239338546177,1.4378732230910296,0.0,0.0,1.4378732230910296,2944.7643608904286,0.0,8.627239338546177,17668.58616534257,8856.200349662453,8856.200349662453,0.0,154460160.0
1.4155008673667908,4.118548796143728,12600,393,8.65499562507295,1.4424992708454916,0.0,0.0,1.4424992708454916,2954.2385066915667,0.0,8.65499562507295,17725.4310401494,8877.101475544274,8877.101475544274,0.0,154828800.0
1.7442548096179962,5.721636178140155,12630,394,7.971210389426974,1.3285350649044958,0.0,0.0,1.3285350649044958,2720.8398129244074,0.0,7.971210389426974,16325.038877546443,8898.329190596938,8898.329190596938,0.0,155197440.0
3.2777293801307676,26.515497679068083,12670,395,8.63116096408207,1.4385268273470118,0.0,0.0,1.4385268273470118,2946.10294240668,0.0,8.63116096408207,17676.61765444008,8926.24770254828,8926.24770254828,0.0,155688960.0
3.4670794934034346,32.043023796030354,12700,396,8.59954641969391,1.4332577366156518,0.0,0.0,1.4332577366156518,2935.311844588855,0.0,8.59954641969391,17611.871067533128,8947.22583537735,8947.22583537735,0.0,156057600.0
2.078847298026085,7.995247462992323,12730,397,8.657741294568794,1.4429568824281322,0.0,0.0,1.4429568824281322,2955.175695212815,0.0,8.657741294568794,17731.05417127689,8968.165120966733,8968.165120966733,0.0,156426240.0
2.9281396616250275,18.692823153744147,12760,398,8.60568273897897,1.4342804564964953,0.0,0.0,1.4342804564964953,2937.4063749048223,0.0,8.60568273897897,17624.43824942893,8989.129047967494,8989.129047967494,0.0,156794880.0
2.841372716426849,17.139276763087903,12790,399,8.58049860624205,1.4300831010403419,0.0,0.0,1.4300831010403419,2928.81019093062,0.0,8.58049860624205,17572.86114558372,9010.107208279893,9010.107208279893,0.0,157163520.0
2.3546692728996277,10.53464419316262,12830,400,8.656300055385827,1.442716675897638,0.0,0.0,1.442716675897638,2954.6837522383626,0.0,8.656300055385827,17728.102513430174,9093.755437202752,9093.755437202752,0.0,157655040.0
3.310305666923523,27.393497478414062,12860,401,8.635876892859388,1.4393128154765646,0.0,0.0,1.4393128154765646,2947.7126460960044,0.0,8.635876892859388,17686.275876576026,9114.64876703173,9114.64876703173,0.0,158023680.0
2.8428639590740206,17.16485465021673,12890,402,8.58526810958362,1.4308780182639367,0.0,0.0,1.4308780182639367,2930.4381814045423,0.0,8.58526810958362,17582.629088427253,9135.587168008089,9135.587168008089,0.0,158392320.0
2.373434540629387,10.73419607842443,12920,403,8.595115395215775,1.4325192325359624,0.0,0.0,1.4325192325359624,2933.799388233651,0.0,8.595115395215775,17602.796329401906,9156.552036741748,9156.552036741748,0.0,158760960.0
1.8688048481941224,6.48054653218435,12950,404,8.579937569062198,1.4299895948436996,0.0,0.0,1.4299895948436996,2928.6186902398968,0.0,8.579937569062198,17571.71214143938,9180.225494483486,9180.225494483486,0.0,159129600.0
2.683058440685272,14.629769223127072,12990,405,8.631570849922667,1.4385951416537779,0.0,0.0,1.4385951416537779,2946.242850106937,0.0,8.631570849922667,17677.457100641623,9208.148686915636,9208.148686915636,0.0,159621120.0
3.1546485781669618,23.44479663016984,13020,406,8.625411253502104,1.4375685422503508,0.0,0.0,1.4375685422503508,2944.1403745287184,0.0,8.625411253502104,17664.84224717231,9229.12150960043,9229.12150960043,0.0,159989760.0
2.4746556751430036,11.877616650261237,13050,407,8.602132576566714,1.4336887627611188,0.0,0.0,1.4336887627611188,2936.1945861347713,0.0,8.602132576566714,17617.16751680863,9250.064147792757,9250.064147792757,0.0,160358400.0
2.385568845272064,10.865241548624278,13080,408,8.62238369139933,1.437063948566555,0.0,0.0,1.437063948566555,2943.1069666643048,0.0,8.62238369139933,17658.641799985828,9271.0284794271,9271.0284794271,0.0,160727040.0
2.4182381331920624,11.226063052937562,13110,409,8.605325813854002,1.4342209689756669,0.0,0.0,1.4342209689756669,2937.2845444621657,0.0,8.605325813854002,17623.707266772995,9291.975849963725,9291.975849963725,0.0,161095680.0
2.524336111545563,12.482605454514466,13150,410,8.607692295636667,1.4346153826061112,0.0,0.0,1.4346153826061112,2938.0923035773158,0.0,8.607692295636667,17628.553821463895,9319.897221028805,9319.897221028805,0.0,161587200.0
1.7206738218665123,5.588292709742471,13180,411,8.633541539758168,1.4389235899596946,0.0,0.0,1.4389235899596946,2946.9155122374545,0.0,8.633541539758168,17681.49307342473,9340.84064493142,9340.84064493142,0.0,161955840.0
3.2485995471477507,25.75424704118011,13210,412,8.601008746269184,1.4335014577115306,0.0,0.0,1.4335014577115306,2935.8109853932147,0.0,8.601008746269184,17614.865912359288,9361.9333423879,9361.9333423879,0.0,162324480.0
2.4672837257385254,11.790377417961976,13240,413,8.634325512964026,1.4390542521606708,0.0,0.0,1.4390542521606708,2947.183108425054,0.0,8.634325512964026,17683.098650550324,9382.85981752351,9382.85981752351,0.0,162693120.0
2.1648048788309096,8.71290167941862,13270,414,8.636831053019858,1.4394718421699764,0.0,0.0,1.4394718421699764,2948.0383327641116,0.0,8.636831053019858,17688.22999658467,9403.798265591264,9403.798265591264,0.0,163061760.0
2.8188850224018096,16.758155283878605,13310,415,8.617080290673284,1.4361800484455474,0.0,0.0,1.4361800484455474,2941.296739216481,0.0,8.617080290673284,17647.780435298886,9431.692918844521,9431.692918844521,0.0,163553280.0
2.6004929065704347,13.470376035764454,13340,416,8.60627361393108,1.43437893565518,0.0,0.0,1.43437893565518,2937.6080602218085,0.0,8.60627361393108,17625.648361330852,9452.78772823885,9452.78772823885,0.0,163921920.0
3.1795176684856417,24.035157841721396,13370,417,8.634222963758003,1.439037160626334,0.0,0.0,1.439037160626334,2947.148104962732,0.0,8.634222963758003,17682.88862977639,9473.728343980387,9473.728343980387,0.0,164290560.0
1.6617669939994812,5.268612230476976,13400,418,8.613472041331248,1.4355786735552079,0.0,0.0,1.4355786735552079,2940.0651234410657,0.0,8.613472041331248,17640.390740646395,9494.67504652217,9494.67504652217,0.0,164659200.0
2.8162309885025025,16.71373754083605,13430,419,8.62475954258393,1.4374599237639885,0.0,0.0,1.4374599237639885,2943.9179238686484,0.0,8.62475954258393,17663.50754321189,9515.640426581725,9515.640426581725,0.0,165027840.0
2.5650927424430847,13.001864138401656,13470,420,8.623410441375809,1.437235073562635,0.0,0.0,1.437235073562635,2943.4574306562763,0.0,8.623410441375809,17660.744583937656,9543.688831919804,9543.688831919804,0.0,165519360.0
2.580424839258194,13.202746013178208,13500,421,8.593863809660142,1.432310634943357,0.0,0.0,1.432310634943357,2933.372180363995,0.0,8.593863809660142,17600.23308218397,9564.66667213291,9564.66667213291,0.0,165888000.0
2.3557380557060243,10.5459094587365,13530,422,8.620682428292477,1.436780404715413,0.0,0.0,1.436780404715413,2942.5262688571656,0.0,8.620682428292477,17655.157613142994,9585.609507421032,9585.609507421032,0.0,166256640.0
3.183474415540695,24.130447275502917,13560,423,8.568701543798369,1.428116923966395,0.0,0.0,1.428116923966395,2924.7834602831767,0.0,8.568701543798369,17548.70076169906,9606.593239484355,9606.593239484355,0.0,166625280.0
3.2999625742435454,27.11162422862473,13590,424,8.610423254862846,1.435070542477141,0.0,0.0,1.435070542477141,2939.024470993185,0.0,8.610423254862846,17634.14682595911,9627.55700034462,9627.55700034462,0.0,166993920.0
2.407067906856537,11.101363147469105,13630,425,8.62736770518869,1.4378946175314482,0.0,0.0,1.4378946175314482,2944.808176704406,0.0,8.62736770518869,17668.849060226436,9655.476325800642,9655.476325800642,0.0,167485440.0
3.401344659924507,30.00441867324982,13660,426,8.62780306649897,1.4379671777498282,0.0,0.0,1.4379671777498282,2944.956780031648,0.0,8.62780306649897,17669.74068018989,9676.579341782257,9676.579341782257,0.0,167854080.0
1.5749307572841644,4.830407136021498,13690,427,8.652421538179704,1.4420702563632841,0.0,0.0,1.4420702563632841,2953.359885032006,0.0,8.652421538179704,17720.159310192033,9697.521905828267,9697.521905828267,0.0,168222720.0
1.7962948083877563,6.027273836256716,13720,428,8.62253289387173,1.4370888156452881,0.0,0.0,1.4370888156452881,2943.15789444155,0.0,8.62253289387173,17658.947366649303,9718.473995704204,9718.473995704204,0.0,168591360.0
3.671684277057648,39.31807265077578,13750,429,8.615997651744618,1.4359996086241031,0.0,0.0,1.4359996086241031,2940.9271984621632,0.0,8.615997651744618,17645.563190772977,9739.560343395919,9739.560343395919,0.0,168960000.0
2.8924078941345215,18.0366877902849,13790,430,8.607949526837821,1.4346582544729702,0.0,0.0,1.4346582544729702,2938.180105160643,0.0,8.607949526837821,17629.080630963857,9767.507160635665,9767.507160635665,0.0,169451520.0
2.7200229942798613,15.18067130954521,13820,431,8.629809755604244,1.4383016259340407,0.0,0.0,1.4383016259340407,2945.6417299129153,0.0,8.629809755604244,17673.85037947749,9788.452497772872,9788.452497772872,0.0,169820160.0
2.6466743409633637,14.107045324043986,13850,432,8.632196201750887,1.438699366958481,0.0,0.0,1.438699366958481,2946.4563035309693,0.0,8.632196201750887,17678.737821185816,9809.411446863785,9809.411446863785,0.0,170188800.0
2.269127094745636,9.67095530084584,13880,433,8.620903394296104,1.4368172323826838,0.0,0.0,1.4368172323826838,2942.6016919197364,0.0,8.620903394296104,17655.61015151842,9830.375830285251,9830.375830285251,0.0,170557440.0
2.1662401854991913,8.725416344341719,13910,434,8.665785029819244,1.4442975049698739,0.0,0.0,1.4442975049698739,2957.9212901783017,0.0,8.665785029819244,17747.52774106981,9851.322167672217,9851.322167672217,0.0,170926080.0
3.482204222679138,32.5313494437556,13950,435,8.649363817228895,1.441560636204816,0.0,0.0,1.441560636204816,2952.316182947463,0.0,8.649363817228895,17713.897097684778,9879.231405768543,9879.231405768543,0.0,171417600.0
3.100972890853882,22.219557973990785,13980,436,8.60772276096355,1.4346204601605919,0.0,0.0,1.4346204601605919,2938.102702408892,0.0,8.60772276096355,17628.616214453352,9900.360302170739,9900.360302170739,0.0,171786240.0
2.080605262517929,8.009315185791397,14010,437,8.611204347108599,1.4352007245180998,0.0,0.0,1.4352007245180998,2939.2910838130683,0.0,8.611204347108599,17635.74650287841,9921.293719984591,9921.293719984591,0.0,172154880.0
3.0901294350624084,21.97992276432649,14040,438,8.60278995897304,1.4337983264955065,0.0,0.0,1.4337983264955065,2936.4189726627974,0.0,8.60278995897304,17618.513835976784,9942.358310582116,9942.358310582116,0.0,172523520.0
1.7009113669395446,5.478938440401745,14070,439,8.635344240516295,1.439224040086049,0.0,0.0,1.439224040086049,2947.5308340962283,0.0,8.635344240516295,17685.18500457737,9963.299730230123,9963.299730230123,0.0,172892160.0
1.17950037419796,3.252748639688888,14110,440,8.655119551668568,1.4425199252780945,0.0,0.0,1.4425199252780945,2954.2808069695375,0.0,8.655119551668568,17725.684841817227,9991.379032569006,9991.379032569006,0.0,173383680.0
3.2944850742816927,26.963526281478373,14140,441,8.641766466974502,1.440294411162417,0.0,0.0,1.440294411162417,2949.72295406063,0.0,8.641766466974502,17698.33772436378,10012.320987118408,10012.320987118408,0.0,173752320.0
3.8158761978149416,45.4165328212085,14170,442,8.621023093270592,1.4368371822117654,0.0,0.0,1.4368371822117654,2942.6425491696955,0.0,8.621023093270592,17655.855295018173,10033.427639937028,10033.427639937028,0.0,174120960.0
2.2012051820755003,9.035896840821463,14200,443,8.60005140580541,1.4333419009675683,0.0,0.0,1.4333419009675683,2935.48421318158,0.0,8.60005140580541,17612.90527908948,10054.362685548142,10054.362685548142,0.0,174489600.0
3.184685763716698,24.15969536002668,14230,444,8.649689600185464,1.441614933364244,0.0,0.0,1.441614933364244,2952.427383529972,0.0,8.649689600185464,17714.56430117983,10075.292619060725,10075.292619060725,0.0,174858240.0
2.568746644258499,13.04945857312369,14270,445,8.622638789330912,1.4371064648884853,0.0,0.0,1.4371064648884853,2943.194040091618,0.0,8.622638789330912,17659.164240549708,10103.27603484504,10103.27603484504,0.0,175349760.0
2.2568529725074766,9.552978326365476,14300,446,8.60799837329037,1.434666395548395,0.0,0.0,1.434666395548395,2938.196778083113,0.0,8.60799837329037,17629.180668498677,10124.193922940642,10124.193922940642,0.0,175718400.0
2.050100874900818,7.768684732083857,14330,447,8.638238933054526,1.4397064888424211,0.0,0.0,1.4397064888424211,2948.5188891492785,0.0,8.638238933054526,17691.11333489567,10145.10914831981,10145.10914831981,0.0,176087040.0
2.9421219348907472,18.956027121987546,14360,448,8.643513577551188,1.4405855962585312,0.0,0.0,1.4405855962585312,2950.319301137472,0.0,8.643513577551188,17701.915806824833,10166.0381757617,10166.0381757617,0.0,176455680.0
2.240003150701523,9.3933608830726,14390,449,8.663149618532362,1.4438582697553937,0.0,0.0,1.4438582697553937,2957.021736459046,0.0,8.663149618532362,17742.130418754277,10186.979727264494,10186.979727264494,0.0,176824320.0
3.482096880674362,32.52785765089962,14430,450,8.614194426165819,1.4356990710276365,0.0,0.0,1.4356990710276365,2940.3116974645995,0.0,8.614194426165819,17641.870184787596,10214.875950252637,10214.875950252637,0.0,177315840.0
2.9439365029335023,18.990455349754946,14460,451,8.599207587631758,1.433201264605293,0.0,0.0,1.433201264605293,2935.19618991164,0.0,8.599207587631758,17611.17713946984,10235.810752447695,10235.810752447695,0.0,177684480.0
2.4919770777225496,12.08514578908781,14490,452,8.641833097622886,1.440305516270481,0.0,0.0,1.440305516270481,2949.745697321945,0.0,8.641833097622886,17698.47418393167,10256.744879800826,10256.744879800826,0.0,178053120.0
2.154954671859741,8.627499101616054,14520,453,8.645820715997772,1.4409701193329618,0.0,0.0,1.4409701193329618,2951.106804393906,0.0,8.645820715997772,17706.640826363437,10277.679512936622,10277.679512936622,0.0,178421760.0
2.7682533144950865,15.930783625103276,14550,454,8.618137804180543,1.4363563006967572,0.0,0.0,1.4363563006967572,2941.657703826959,0.0,8.618137804180543,17649.946222961753,10298.725988579914,10298.725988579914,0.0,178790400.0
1.7541248470544815,5.778388554734348,14590,455,8.64377000849256,1.44062833474876,0.0,0.0,1.44062833474876,2950.4068295654606,0.0,8.64377000849256,17702.440977392762,10326.598283624277,10326.598283624277,0.0,179281920.0
2.921673981905042,18.57235123229329,14620,456,8.658568082643695,1.443094680440616,0.0,0.0,1.443094680440616,2955.4579055423815,0.0,8.658568082643695,17732.747433254288,10347.712877644226,10347.712877644226,0.0,179650560.0
2.7014699399471285,14.901620120309964,14650,457,8.602775794843815,1.4337959658073025,0.0,0.0,1.4337959658073025,2936.4141379733555,0.0,8.602775794843815,17618.484827840133,10368.643746376038,10368.643746376038,0.0,180019200.0
1.594914823770523,4.927909313508122,14680,458,8.651349437353309,1.4418915728922181,0.0,0.0,1.4418915728922181,2952.9939412832628,0.0,8.651349437353309,17717.963647699577,10389.534218072891,10389.534218072891,0.0,180387840.0
3.0481731712818148,21.07680551766224,14710,459,8.6768035444543,1.4461339240757167,0.0,0.0,1.4461339240757167,2961.682276507068,0.0,8.6768035444543,17770.093659042406,10410.465698627755,10410.465698627755,0.0,180756480.0
3.097249060869217,22.136969985012765,14750,460,8.659650144647502,1.443275024107917,0.0,0.0,1.443275024107917,2955.827249373014,0.0,8.659650144647502,17734.963496238084,10438.353959375992,10438.353959375992,0.0,181248000.0
1.797706663608551,6.035789484306128,14780,461,8.621417929643531,1.436902988273922,0.0,0.0,1.436902988273922,2942.777319984992,0.0,8.621417929643531,17656.66391990995,10459.290811529383,10459.290811529383,0.0,181616640.0
1.4099849879741668,4.09589391594437,14810,462,8.637944529557728,1.4396574215929547,0.0,0.0,1.4396574215929547,2948.4183994223713,0.0,8.637944529557728,17690.510396534228,10480.327056439593,10480.327056439593,0.0,181985280.0
2.694135677814484,14.79272754362064,14840,463,8.633200613574715,1.4388667689291192,0.0,0.0,1.4388667689291192,2946.799142766836,0.0,8.633200613574715,17680.794856601016,10501.248201653361,10501.248201653361,0.0,182353920.0
2.3434358537197113,10.416966318949601,14870,464,8.623409125509465,1.4372348542515774,0.0,0.0,1.4372348542515774,2943.4569815072305,0.0,8.623409125509465,17660.741889043384,10522.170297723264,10522.170297723264,0.0,182722560.0
2.0884087681770325,8.072060420160975,14910,465,8.65266526145686,1.4421108769094768,0.0,0.0,1.4421108769094768,2953.4430759106085,0.0,8.65266526145686,17720.65845546365,10550.069540947676,10550.069540947676,0.0,183214080.0
2.873807054758072,17.704291268769037,14940,466,8.613817446012252,1.435636241002042,0.0,0.0,1.435636241002042,2940.183021572182,0.0,8.613817446012252,17641.098129433092,10570.996062820777,10570.996062820777,0.0,183582720.0
1.4365154534578324,4.206014200225797,14970,467,8.663684751370283,1.443947458561714,0.0,0.0,1.443947458561714,2957.2043951343903,0.0,8.663684751370283,17743.22637080634,10591.912608023733,10591.912608023733,0.0,183951360.0
2.8175736904144286,16.736194181100643,15000,468,8.640605406263772,1.440100901043962,0.0,0.0,1.440100901043962,2949.3266453380343,0.0,8.640605406263772,17695.959872028205,10612.98118371144,10612.98118371144,0.0,184320000.0
2.78766610622406,16.24306593837795,15030,469,8.656153903909521,1.4426923173182535,0.0,0.0,1.4426923173182535,2954.6338658677832,0.0,8.656153903909521,17727.8031952067,10633.926607016474,10633.926607016474,0.0,184688640.0
2.528981012105942,12.54072078105457,15070,470,8.629728224916823,1.438288037486137,0.0,0.0,1.438288037486137,2945.6139007716088,0.0,8.629728224916823,17673.683404629654,10661.915003372356,10661.915003372356,0.0,185180160.0
2.631930801272392,13.900583272024162,15100,471,8.632317845411084,1.4387196409018475,0.0,0.0,1.4387196409018475,2946.4978245669836,0.0,8.632317845411084,17678.9869474019,10682.85353448987,10682.85353448987,0.0,185548800.0
2.8129282027482985,16.658626706323783,15130,472,8.627033874375739,1.4378389790626231,0.0,0.0,1.4378389790626231,2944.694229120252,0.0,8.627033874375739,17668.165374721513,10703.792809380218,10703.792809380218,0.0,185917440.0
4.043083262443543,57.00182372188705,15160,473,8.621399031496574,1.4368998385827625,0.0,0.0,1.4368998385827625,2942.7708694174976,0.0,8.621399031496574,17656.625216504985,10724.74278194271,10724.74278194271,0.0,186286080.0
2.2372253060340883,9.36730379366332,15190,474,8.617592444717994,1.436265407452999,0.0,0.0,1.436265407452999,2941.471554463742,0.0,8.617592444717994,17648.829326782452,10745.657308708876,10745.657308708876,0.0,186654720.0
3.8182785272598267,45.52576945394371,15230,475,8.603326897724278,1.4338878162873798,0.0,0.0,1.4338878162873798,2936.602247756554,0.0,8.603326897724278,17619.61348653932,10773.532703453675,10773.532703453675,0.0,187146240.0
2.7562038898468018,15.739978701552161,15260,476,8.598459230591944,1.4330765384319908,0.0,0.0,1.4330765384319908,2934.940750708717,0.0,8.598459230591944,17609.6445042523,10794.466299511492,10794.466299511492,0.0,187514880.0
2.3798302173614503,10.803068534736779,15290,477,8.64066071980193,1.4401101199669886,0.0,0.0,1.4401101199669886,2949.3455256923926,0.0,8.64066071980193,17696.073154154354,10815.418140510097,10815.418140510097,0.0,187883520.0
1.8404848158359528,6.299591662596195,15320,478,8.63036611969037,1.4383943532817285,0.0,0.0,1.4383943532817285,2945.83163552098,0.0,8.63036611969037,17674.989813125878,10836.451708761975,10836.451708761975,0.0,188252160.0
3.2632911443710326,26.135411164441916,15350,479,8.612790906447056,1.4354651510745093,0.0,0.0,1.4354651510745093,2939.832629400595,0.0,8.612790906447056,17638.99577640357,10857.426616847515,10857.426616847515,0.0,188620800.0
2.8221017837524416,16.812149066100968,15390,480,8.635797585818766,1.439299597636461,0.0,0.0,1.439299597636461,2947.6855759594723,0.0,8.635797585818766,17686.113455756833,10885.57554190047,10885.57554190047,0.0,189112320.0
2.5696163296699526,13.060812433299757,15420,481,8.590457865423442,1.4317429775705737,0.0,0.0,1.4317429775705737,2932.209618064535,0.0,8.590457865423442,17593.25770838721,10906.514423867688,10906.514423867688,0.0,189480960.0
3.5784486711025236,35.817932331193106,15450,482,8.644769424887109,1.4407949041478514,0.0,0.0,1.4407949041478514,2950.7479636947996,0.0,8.644769424887109,17704.4877821688,10927.437804391608,10927.437804391608,0.0,189849600.0
2.747176407231018,15.598525760082325,15480,483,8.623526562390783,1.4372544270651304,0.0,0.0,1.4372544270651304,2943.497066629387,0.0,8.623526562390783,17660.982399776323,10948.353452205658,10948.353452205658,0.0,190218240.0
2.9109592735767365,18.374416207554276,15510,484,8.639571128343112,1.4399285213905186,0.0,0.0,1.4399285213905186,2948.973611807782,0.0,8.639571128343112,17693.841670846694,10969.426132779568,10969.426132779568,0.0,190586880.0
3.516076850891113,33.65214676350811,15550,485,8.60712890422173,1.434521484036955,0.0,0.0,1.434521484036955,2937.8999993076836,0.0,8.60712890422173,17627.399995846103,10997.431644527242,10997.431644527242,0.0,191078400.0
1.9243794776499272,6.850896212446571,15580,486,8.629787607033137,1.438297934505523,0.0,0.0,1.438297934505523,2945.634169867311,0.0,8.629787607033137,17673.805019203865,11018.370585961267,11018.370585961267,0.0,191447040.0
3.0504393458366392,21.124623399392526,15610,487,8.625672281883059,1.4376120469805098,0.0,0.0,1.4376120469805098,2944.229472216084,0.0,8.625672281883059,17665.376833296505,11039.320309797302,11039.320309797302,0.0,191815680.0
2.797972595691681,16.41134059733302,15640,488,8.627164637873523,1.4378607729789206,0.0,0.0,1.4378607729789206,2944.7388630608293,0.0,8.627164637873523,17668.433178364976,11060.262229952961,11060.262229952961,0.0,192184320.0
2.870034694671631,17.63763012100745,15670,489,8.620896276603268,1.4368160461005446,0.0,0.0,1.4368160461005446,2942.5992624139153,0.0,8.620896276603268,17655.595574483494,11081.21435663104,11081.21435663104,0.0,192552960.0
3.193989861011505,24.385528473776272,15710,490,8.645039189888083,1.440839864981347,0.0,0.0,1.440839864981347,2950.8400434817986,0.0,8.645039189888083,17705.040260890793,11109.119540333748,11109.119540333748,0.0,193044480.0
3.3324596285820007,28.007144226663424,15740,491,8.615859656266641,1.4359766093777737,0.0,0.0,1.4359766093777737,2940.8800960056806,0.0,8.615859656266641,17645.28057603408,11130.018154706806,11130.018154706806,0.0,193413120.0
2.9187756717205047,18.51860072800918,15770,492,8.638040194884306,1.4396733658140508,0.0,0.0,1.4396733658140508,2948.451053187176,0.0,8.638040194884306,17690.70631912306,11150.900245999917,11150.900245999917,0.0,193781760.0
3.1622551769018172,23.623811775589505,15800,493,8.607724739089626,1.434620789848271,0.0,0.0,1.434620789848271,2938.103377609259,0.0,8.607724739089626,17628.620265655554,11171.82989886403,11171.82989886403,0.0,194150400.0
2.3394650638103487,10.37568474866663,15830,494,8.606064261234444,1.434344043539074,0.0,0.0,1.434344043539074,2937.5366011680235,0.0,8.606064261234444,17625.21960700814,11192.761870184913,11192.761870184913,0.0,194519040.0
3.682959270477295,39.76389224477179,15870,495,7.719718524062122,1.2866197540103537,0.0,0.0,1.2866197540103537,2634.9972562132043,0.0,7.719718524062122,15809.983537279226,11220.825491704047,11220.825491704047,0.0,195010560.0
2.41428864300251,11.181813266610257,15900,496,8.600034231400398,1.433339038566733,0.0,0.0,1.433339038566733,2935.4783509846693,0.0,8.600034231400398,17612.870105908016,11241.895505543798,11241.895505543798,0.0,195379200.0
2.7107946455478666,15.041223208212909,15930,497,8.628551235876234,1.4380918726460392,0.0,0.0,1.4380918726460392,2945.2121551790883,0.0,8.628551235876234,17671.272931074527,11262.828493654728,11262.828493654728,0.0,195747840.0
1.957376205921173,7.080724308413154,15960,498,8.619881785298483,1.436646964216414,0.0,0.0,1.436646964216414,2942.2529827152157,0.0,8.619881785298483,17653.517896291294,11283.766386680305,11283.766386680305,0.0,196116480.0
2.089654326438904,8.08212090586751,15990,499,8.604096315039621,1.4340160525066035,0.0,0.0,1.4340160525066035,2936.864875533524,0.0,8.604096315039621,17621.189253201144,11304.719499699771,11304.719499699771,0.0,196485120.0
2.7417678594589234,15.514388124647152,16030,500,8.620998982473505,1.4368331637455845,0.0,0.0,1.4368331637455845,2942.634319350957,0.0,8.620998982473505,17655.80591610574,11332.62579972297,11332.62579972297,0.0,196976640.0
3.018681597709656,20.464293719304386,16060,501,8.6416841190333,1.44028068650555,0.0,0.0,1.44028068650555,2949.6948459633663,0.0,8.6416841190333,17698.1690757802,11353.558324638754,11353.558324638754,0.0,197345280.0
2.914568066596985,18.440845465141315,16090,502,8.630142911110868,1.4383571518518115,0.0,0.0,1.4383571518518115,2945.75544699251,0.0,8.630142911110868,17674.532681955057,11374.478271007538,11374.478271007538,0.0,197713920.0
2.248065096139908,9.469395728559798,16120,503,8.629786740050672,1.4382977900084453,0.0,0.0,1.4382977900084453,2945.633873937296,0.0,8.629786740050672,17673.803243623777,11395.41809181124,11395.41809181124,0.0,198082560.0
2.4698437571525576,11.820599823182773,16150,504,8.661700103449922,1.4436166839083204,0.0,0.0,1.4436166839083204,2956.5269686442402,0.0,8.661700103449922,17739.16181186544,11416.465582277626,11416.465582277626,0.0,198451200.0
2.4140289187431336,11.178909455552514,16190,505,8.628943780294813,1.4381572967158023,0.0,0.0,1.4381572967158023,2945.346143673963,0.0,8.628943780294813,17672.076862043778,11444.340974168852,11444.340974168852,0.0,198942720.0
1.6647576868534089,5.284392616807128,16220,506,8.623248927553801,1.4372081545923003,0.0,0.0,1.4372081545923003,2943.402300605031,0.0,8.623248927553801,17660.413803630185,11465.270585423335,11465.270585423335,0.0,199311360.0
2.64347323179245,14.061959332972489,16250,507,8.603694239293464,1.4339490398822439,0.0,0.0,1.4339490398822439,2936.7276336788354,0.0,8.603694239293464,17620.365802073014,11486.197016980499,11486.197016980499,0.0,199680000.0
2.2911750465631484,9.886548012760967,16280,508,8.631518324077868,1.4385863873463114,0.0,0.0,1.4385863873463114,2946.2249212852457,0.0,8.631518324077868,17677.349527711474,11507.13495202735,11507.13495202735,0.0,200048640.0
2.672043949365616,14.469513942374267,16310,509,8.624499239086466,1.4374165398477443,0.0,0.0,1.4374165398477443,2943.8290736081804,0.0,8.624499239086466,17662.974441649083,11528.096542702988,11528.096542702988,0.0,200417280.0
1.8811966121196746,6.561351559325744,16350,510,8.635894060229866,1.4393156767049777,0.0,0.0,1.4393156767049777,2947.7185058917944,0.0,8.635894060229866,17686.311035350765,11556.291298268363,11556.291298268363,0.0,200908800.0
2.650995123386383,14.16813067073267,16380,511,8.641586101063519,1.4402643501772532,0.0,0.0,1.4402643501772532,2949.6613891630145,0.0,8.641586101063519,17697.968334978086,11577.235808867961,11577.235808867961,0.0,201277440.0
2.3041895270347594,10.016057218336435,16410,512,8.618770273804744,1.4364617123007908,0.0,0.0,1.4364617123007908,2941.8735867920195,0.0,8.618770273804744,17651.241520752115,11598.232729656622,11598.232729656622,0.0,201646080.0
1.8812318444252014,6.561582734940952,16440,513,8.564445716717259,1.4274076194528764,0.0,0.0,1.4274076194528764,2923.330804639491,0.0,8.564445716717259,17539.984827836946,11619.230107707903,11619.230107707903,0.0,202014720.0
1.8958215773105622,6.658016233273949,16470,514,8.596973518814051,1.432828919802342,0.0,0.0,1.432828919802342,2934.4336277551965,0.0,8.596973518814051,17606.601766531177,11640.237901801243,11640.237901801243,0.0,202383360.0
3.2876482546329497,26.779810247498805,16510,515,8.586232563416267,1.431038760569378,0.0,0.0,1.431038760569378,2930.767381646086,0.0,8.586232563416267,17584.604289876515,11668.257831940427,11668.257831940427,0.0,202874880.0
2.3461544156074523,10.4453240151813,16540,516,8.574030405791527,1.4290050676319213,0.0,0.0,1.4290050676319213,2926.6023785101747,0.0,8.574030405791527,17559.614271061047,11689.310593895614,11689.310593895614,0.0,203243520.0
3.786357510089874,44.09549001942207,16570,517,8.59848780590144,1.4330813009835734,0.0,0.0,1.4330813009835734,2934.9505044143584,0.0,8.59848780590144,17609.70302648615,11710.339687552303,11710.339687552303,0.0,203612160.0
2.7058555662631987,14.967116574169177,16600,518,8.62298131709695,1.4371635528494917,0.0,0.0,1.4371635528494917,2943.310956235759,0.0,8.62298131709695,17659.865737414555,11731.382688092068,11731.382688092068,0.0,203980800.0
1.6624496012926102,5.272209851351598,16630,519,8.627951589972835,1.437991931662139,0.0,0.0,1.437991931662139,2945.0074760440607,0.0,8.627951589972835,17670.044856264365,11752.418118974194,11752.418118974194,0.0,204349440.0
2.289485028386116,9.869853677749585,16670,520,8.608520099945112,1.434753349990852,0.0,0.0,1.434753349990852,2938.374860781265,0.0,8.608520099945112,17630.24916468759,11780.747775975615,11780.747775975615,0.0,204840960.0
3.336738485097885,28.12723953028372,16700,521,8.562648946202952,1.427108157700492,0.0,0.0,1.427108157700492,2922.7175069706077,0.0,8.562648946202952,17536.305041823645,11801.757301455364,11801.757301455364,0.0,205209600.0
2.4840991497039795,11.990313910277205,16730,522,8.62195113843062,1.4369918564051034,0.0,0.0,1.4369918564051034,2942.959321917652,0.0,8.62195113843062,17657.75593150591,11822.883795751259,11822.883795751259,0.0,205578240.0
3.1903764486312864,24.297572509577492,16760,523,8.603933938191712,1.4339889896986187,0.0,0.0,1.4339889896986187,2936.809450902771,0.0,8.603933938191712,17620.856705416627,11843.873063305393,11843.873063305393,0.0,205946880.0
2.725395527482033,15.262449451373723,16790,524,8.594599820999104,1.4324333034998507,0.0,0.0,1.4324333034998507,2933.623405567694,0.0,8.594599820999104,17601.740433406165,11864.838691817597,11864.838691817597,0.0,206315520.0
2.382843542098999,10.835670784307124,16830,525,8.608500211544229,1.4347500352573714,0.0,0.0,1.4347500352573714,2938.3680722070967,0.0,8.608500211544229,17630.20843324258,11892.770072629675,11892.770072629675,0.0,206807040.0
1.9539343148469925,7.056395119843987,16860,526,8.604684581689153,1.434114096948192,0.0,0.0,1.434114096948192,2937.0656705498973,0.0,8.604684581689153,17622.394023299385,11913.989144427702,11913.989144427702,0.0,207175680.0
2.892001509666443,18.0293594496741,16890,527,8.624470409809748,1.4374117349682913,0.0,0.0,1.4374117349682913,2943.8192332150606,0.0,8.624470409809748,17662.915399290363,11934.95461075753,11934.95461075753,0.0,207544320.0
2.215063375234604,9.161989736458981,16920,528,8.6035988391478,1.4339331398579667,0.0,0.0,1.4339331398579667,2936.6950704291157,0.0,8.6035988391478,17620.170422574694,11955.90542548336,11955.90542548336,0.0,207912960.0
2.465465611219406,11.768960636572585,16950,529,8.579768972849285,1.429961495474881,0.0,0.0,1.429961495474881,2928.561142732556,0.0,8.579768972849285,17571.366856395336,11976.898778604344,11976.898778604344,0.0,208281600.0
2.8921021461486816,18.03117395228718,16990,530,8.611745652071622,1.435290942011937,0.0,0.0,1.435290942011937,2939.475849240447,0.0,8.611745652071622,17636.855095442683,12004.836562702432,12004.836562702432,0.0,208773120.0
1.5857373535633088,4.882890468134812,17020,531,8.625789849708301,1.4376316416180503,0.0,0.0,1.4376316416180503,2944.269602033767,0.0,8.625789849708301,17665.6176122026,12025.780358560383,12025.780358560383,0.0,209141760.0
3.917998820543289,50.29968529589554,17050,532,8.609669734362905,1.4349449557271508,0.0,0.0,1.4349449557271508,2938.7672693292047,0.0,8.609669734362905,17632.60361597523,12046.738628644496,12046.738628644496,0.0,209510400.0
3.215172278881073,24.90758259201706,17080,533,8.649177792628118,1.4415296321046864,0.0,0.0,1.4415296321046864,2952.252686550398,0.0,8.649177792628118,17713.516119302385,12067.666955310851,12067.666955310851,0.0,209879040.0
2.3957507371902467,10.976435384919906,17110,534,8.616220371205488,1.4360367285342481,0.0,0.0,1.4360367285342481,2941.00322003814,0.0,8.616220371205488,17646.01932022884,12088.604676268995,12088.604676268995,0.0,210247680.0
3.042977650091052,20.967584503695385,17150,535,7.686917660321839,1.2811529433869733,0.0,0.0,1.2811529433869733,2623.8012280565213,0.0,7.686917660321839,15742.807368339127,12116.677851663902,12116.677851663902,0.0,210739200.0
3.0754403114318847,21.659416701001007,17180,536,8.635672521888008,1.4392787536480012,0.0,0.0,1.4392787536480012,2947.6428874711064,0.0,8.635672521888008,17685.85732482664,12137.621606096625,12137.621606096625,0.0,211107840.0
2.1966681241989137,8.994993314886257,17210,537,8.60868138458219,1.4347802307636985,0.0,0.0,1.4347802307636985,2938.4299126040546,0.0,8.60868138458219,17630.579475624327,12158.554977400228,12158.554977400228,0.0,211476480.0
1.9427569329738616,6.9779622505824594,17240,538,8.6222121074387,1.4370353512397835,0.0,0.0,1.4370353512397835,2943.0483993390767,0.0,8.6222121074387,17658.29039603446,12179.627882270142,12179.627882270142,0.0,211845120.0
3.5103760719299317,33.4608491041557,17270,539,8.593198735726164,1.4321997892876939,0.0,0.0,1.4321997892876939,2933.145168461197,0.0,8.593198735726164,17598.871010767183,12200.615224132314,12200.615224132314,0.0,212213760.0
2.68962699174881,14.726181908489982,17310,540,8.610469206343307,1.4350782010572178,0.0,0.0,1.4350782010572178,2939.040155765182,0.0,8.610469206343307,17634.240934591093,12228.534158447757,12228.534158447757,0.0,212705280.0
2.672027850151062,14.469280996439945,17340,541,8.58598883786564,1.4309981396442735,0.0,0.0,1.4309981396442735,2930.684189991472,0.0,8.58598883786564,17584.10513994883,12249.496865408495,12249.496865408495,0.0,213073920.0
2.4851657539606093,12.003109652915935,17370,542,8.606851381341631,1.434475230223605,0.0,0.0,1.434475230223605,2937.805271497943,0.0,8.606851381341631,17626.83162898766,12270.460162939504,12270.460162939504,0.0,213442560.0
3.116576623916626,22.568985119595883,17400,543,8.62235924987465,1.4370598749791084,0.0,0.0,1.4370598749791084,2943.098623957214,0.0,8.62235924987465,17658.591743743284,12291.401890270412,12291.401890270412,0.0,213811200.0
3.5769200325012207,35.763221484422665,17430,544,8.601119108839894,1.4335198514733158,0.0,0.0,1.4335198514733158,2935.848655817351,0.0,8.601119108839894,17615.091934904103,12312.355402534828,12312.355402534828,0.0,214179840.0
2.5823838233947756,13.228635333281591,17470,545,8.594341403579856,1.4323902339299759,0.0,0.0,1.4323902339299759,2933.5351990885906,0.0,8.594341403579856,17601.211194531545,12340.262385239825,12340.262385239825,0.0,214671360.0
2.2159976601600646,9.170553645299501,17500,546,8.638474664896636,1.4397457774827727,0.0,0.0,1.4397457774827727,2948.5993522847184,0.0,8.638474664896636,17691.59611370831,12361.345814695582,12361.345814695582,0.0,215040000.0
3.6288514375686645,37.66952595860651,17530,547,8.603361927787594,1.4338936546312655,0.0,0.0,1.4338936546312655,2936.6142046848317,0.0,8.603361927787594,17619.685228108992,12382.300446843728,12382.300446843728,0.0,215408640.0
2.4074650943279265,11.10577334560637,17560,548,8.635561062464953,1.4392601770774922,0.0,0.0,1.4392601770774922,2947.604842654704,0.0,8.635561062464953,17685.629055928224,12403.238985652104,12403.238985652104,0.0,215777280.0
2.99725256562233,20.030428965963736,17590,549,8.607465002812908,1.4345775004688182,0.0,0.0,1.4345775004688182,2938.0147209601396,0.0,8.607465002812908,17628.088325760837,12424.19862173684,12424.19862173684,0.0,216145920.0
3.6477428317070006,38.38792018957373,17630,550,8.594960340349733,1.4324933900582888,0.0,0.0,1.4324933900582888,2933.7464628393755,0.0,8.594960340349733,17602.478777036253,12452.121276691556,12452.121276691556,0.0,216637440.0
2.8435551464557647,17.176722882274056,17660,551,8.633862463964087,1.438977077327348,0.0,0.0,1.438977077327348,2947.0250543664088,0.0,8.633862463964087,17682.15032619845,12473.164766538888,12473.164766538888,0.0,217006080.0
1.775499615073204,5.903229742233508,17690,552,8.633891101508501,1.438981850251417,0.0,0.0,1.438981850251417,2947.034829314902,0.0,8.633891101508501,17682.20897588941,12494.267548548058,12494.267548548058,0.0,217374720.0
2.905487871170044,18.27415691208539,17720,553,8.611431204378315,1.4352385340630525,0.0,0.0,1.4352385340630525,2939.3685177611314,0.0,8.611431204378315,17636.21110656679,12515.227988479659,12515.227988479659,0.0,217743360.0
2.9216821908950807,18.572503693165327,17750,554,8.614416845074928,1.4357361408458211,0.0,0.0,1.4357361408458211,2940.3876164522417,0.0,8.614416845074928,17642.325698713452,12536.196199717,12536.196199717,0.0,218112000.0
3.101924231648445,22.24070640401569,17790,555,8.614999404380415,1.4358332340634024,0.0,0.0,1.4358332340634024,2940.586463361848,0.0,8.614999404380415,17643.51878017109,12564.109110487625,12564.109110487625,0.0,218603520.0
1.730760896205902,5.644947493865333,17820,556,8.628660422647663,1.438110070441277,0.0,0.0,1.438110070441277,2945.2494242637354,0.0,8.628660422647663,17671.496545582413,12585.040679568425,12585.040679568425,0.0,218972160.0
1.9905595123767852,7.319628039284878,17850,557,8.608369116038533,1.4347281860064223,0.0,0.0,1.4347281860064223,2938.323324941153,0.0,8.608369116038533,17629.939949646916,12606.002925693989,12606.002925693989,0.0,219340800.0
1.6796457812190055,5.363655726997474,17880,558,8.62760701502415,1.437934502504025,0.0,0.0,1.437934502504025,2944.8898611282434,0.0,8.62760701502415,17669.33916676946,12626.94305299595,12626.94305299595,0.0,219709440.0
2.218789982795715,9.19619657482937,17910,559,8.548147973613686,1.4246913289356142,0.0,0.0,1.4246913289356142,2917.767841660138,0.0,8.548147973613686,17506.60704996083,12647.91455604136,12647.91455604136,0.0,220078080.0
1.3176643252372742,3.7346881653653035,17950,560,8.631559505118707,1.4385932508531178,0.0,0.0,1.4385932508531178,2946.2389777471853,0.0,8.631559505118707,17677.433866483112,12676.007485717535,12676.007485717535,0.0,220569600.0
2.4532005965709685,11.62549575982979,17980,561,8.603277506853672,1.433879584475612,0.0,0.0,1.433879584475612,2936.5853890060534,0.0,8.603277506853672,17619.51233403632,12696.950266245753,12696.950266245753,0.0,220938240.0
1.7751875460147857,5.901387814305528,18010,562,8.648992019865696,1.441498669977616,0.0,0.0,1.441498669977616,2952.1892761141576,0.0,8.648992019865696,17713.135656684946,12718.047054255381,12718.047054255381,0.0,221306880.0
3.7946627616882322,44.46323916913641,18040,563,8.581660669681932,1.430276778280322,0.0,0.0,1.430276778280322,2929.2068419180996,0.0,8.581660669681932,17575.241051508598,12739.00025558658,12739.00025558658,0.0,221675520.0
2.595412427186966,13.4021136177591,18070,564,8.640112123800016,1.4400186873000025,0.0,0.0,1.4400186873000025,2949.158271590405,0.0,8.640112123800016,17694.949629542432,12760.081218007952,12760.081218007952,0.0,222044160.0
2.058096405863762,7.831048474783675,18110,565,8.624402418738601,1.4374004031231002,0.0,0.0,1.4374004031231002,2943.7960255961093,0.0,8.624402418738601,17662.776153576655,12787.97483982332,12787.97483982332,0.0,222535680.0
2.4259437143802645,11.312900530160027,18140,566,8.64024097809544,1.4400401630159068,0.0,0.0,1.4400401630159068,2949.202253856577,0.0,8.64024097809544,17695.21352313946,12808.900854503736,12808.900854503736,0.0,222904320.0
1.0808181792497635,2.9470898126499603,18170,567,8.647713645023272,1.4412856075038785,0.0,0.0,1.4412856075038785,2951.752924167943,0.0,8.647713645023272,17710.51754500766,12829.944352306426,12829.944352306426,0.0,223272960.0
1.6939196407794952,5.4407648084764375,18200,568,8.6340675592566,1.4390112598761,0.0,0.0,1.4390112598761,2947.095060226253,0.0,8.6340675592566,17682.570361357517,12850.989333620295,12850.989333620295,0.0,223641600.0
1.6521142095327377,5.218000119065374,18230,569,8.60949145361315,1.4349152422688582,0.0,0.0,1.4349152422688582,2938.7064161666217,0.0,8.60949145361315,17632.238496999733,12871.947791948915,12871.947791948915,0.0,224010240.0
2.0254445016384124,7.579479286925904,18270,570,8.6283604661298,1.4380600776883001,0.0,0.0,1.4380600776883001,2945.1470391056387,0.0,8.6283604661298,17670.88223463383,12899.859291486442,12899.859291486442,0.0,224501760.0
1.9177368342876435,6.80553896498582,18300,571,8.617724962517325,1.4362874937528878,0.0,0.0,1.4362874937528878,2941.516787205914,0.0,8.617724962517325,17649.100723235482,12920.774919643998,12920.774919643998,0.0,224870400.0
2.1516234993934633,8.598807229475264,18330,572,8.639456683423747,1.439909447237291,0.0,0.0,1.439909447237291,2948.934547941972,0.0,8.639456683423747,17693.607287651834,12941.726836835966,12941.726836835966,0.0,225239040.0
2.1560135185718536,8.636639138768746,18360,573,8.616992200273964,1.4361653667123275,0.0,0.0,1.4361653667123275,2941.266671026847,0.0,8.616992200273964,17647.60002616108,12962.658249035478,12962.658249035478,0.0,225607680.0
3.0260992497205734,20.61665511206291,18390,574,8.607956485151922,1.4346594141919868,0.0,0.0,1.4346594141919868,2938.182480265189,0.0,8.607956485151922,17629.094881591136,12983.600445531309,12983.600445531309,0.0,225976320.0
2.1814688086509704,8.859309337062069,18430,575,8.623943330999026,1.4373238884998376,0.0,0.0,1.4373238884998376,2943.6393236476674,0.0,8.623943330999026,17661.835941886005,13011.65697934851,13011.65697934851,0.0,226467840.0
2.1338792741298676,8.44757378521001,18460,576,8.638011749863667,1.4396686249772777,0.0,0.0,1.4396686249772777,2948.4413439534646,0.0,8.638011749863667,17690.64806372079,13032.583893476054,13032.583893476054,0.0,226836480.0
2.7526119530200956,15.683543109620686,18490,577,8.649446636747726,1.4415744394579544,0.0,0.0,1.4415744394579544,2952.3444520098906,0.0,8.649446636747726,17714.066712059343,13053.524486215785,13053.524486215785,0.0,227205120.0
2.6275172531604767,13.839367567568244,18520,578,8.643066529745498,1.4405110882909162,0.0,0.0,1.4405110882909162,2950.1667088197964,0.0,8.643066529745498,17701.00025291878,13074.464378567412,13074.464378567412,0.0,227573760.0
2.3159136939793825,10.134178227471915,18550,579,8.614114203831415,1.435685700638569,0.0,0.0,1.435685700638569,2940.2843149077894,0.0,8.614114203831415,17641.705889446737,13095.40761343576,13095.40761343576,0.0,227942400.0
2.1121631443500517,8.266102732639776,18590,580,8.656121896859961,1.4426869828099933,0.0,0.0,1.4426869828099933,2954.6229407948663,0.0,8.656121896859961,17727.7376447692,13123.427870102227,13123.427870102227,0.0,228433920.0
2.8158562779426575,16.707475900109735,18620,581,8.59606321830929,1.4326772030515484,0.0,0.0,1.4326772030515484,2934.122911849571,0.0,8.59606321830929,17604.737471097425,13144.37324527651,13144.37324527651,0.0,228802560.0
1.5427088499069215,4.677243075446559,18650,582,8.616641020668315,1.4361068367780523,0.0,0.0,1.4361068367780523,2941.146801721451,0.0,8.616641020668315,17646.88081032871,13165.342203078791,13165.342203078791,0.0,229171200.0
2.2511577397584914,9.49872652630608,18680,583,8.615281784844827,1.435880297474138,0.0,0.0,1.435880297474138,2940.6828492270347,0.0,8.615281784844827,17644.097095362205,13186.283640235662,13186.283640235662,0.0,229539840.0
1.7878428041934966,5.976545970563734,18710,584,8.592890936026382,1.4321484893377303,0.0,0.0,1.4321484893377303,2933.0401061636717,0.0,8.592890936026382,17598.24063698203,13207.208288419992,13207.208288419992,0.0,229908480.0
2.3137438535690307,10.112212517688864,18750,585,8.644859104946379,1.4408098508243965,0.0,0.0,1.4408098508243965,2950.778574488364,0.0,8.644859104946379,17704.671446930184,13235.089921208099,13235.089921208099,0.0,230400000.0
2.337796387076378,10.358385522349867,18780,586,8.642660142749419,1.4404433571249031,0.0,0.0,1.4404433571249031,2950.0279953918016,0.0,8.642660142749419,17700.16797235081,13256.00914084725,13256.00914084725,0.0,230768640.0
2.312059211730957,10.095191402672834,18810,587,8.61787740452549,1.4363129007542486,0.0,0.0,1.4363129007542486,2941.568820744701,0.0,8.61787740452549,17649.412924468204,13276.953416408971,13276.953416408971,0.0,231137280.0
2.8162420213222505,16.713921941506882,18840,588,8.633171217067527,1.4388618695112547,0.0,0.0,1.4388618695112547,2946.7891087590497,0.0,8.633171217067527,17680.734652554296,13298.043871415779,13298.043871415779,0.0,231505920.0
1.6308090090751648,5.108005470185015,18870,589,8.650508718169915,1.4417514530283193,0.0,0.0,1.4417514530283193,2952.706975801998,0.0,8.650508718169915,17716.241854811986,13318.997277421877,13318.997277421877,0.0,231874560.0
1.776612389087677,5.909802359132555,18910,590,8.620568760086762,1.4367614600144603,0.0,0.0,1.4367614600144603,2942.4874701096146,0.0,8.620568760086762,17654.92482065769,13346.896106489003,13346.896106489003,0.0,232366080.0
2.0156436204910277,7.5055565569546445,18940,591,8.632989300986887,1.4388315501644813,0.0,0.0,1.4388315501644813,2946.7270147368577,0.0,8.632989300986887,17680.362088421145,13367.833777811378,13367.833777811378,0.0,232734720.0
2.9376440793275833,18.87133453259072,18970,592,8.606931721426198,1.4344886202376996,0.0,0.0,1.4344886202376996,2937.832694246809,0.0,8.606931721426198,17626.996165480854,13388.90605564788,13388.90605564788,0.0,233103360.0
2.346816432476044,10.45224128529937,19000,593,8.613582459100535,1.4355970765167556,0.0,0.0,1.4355970765167556,2940.1028127063155,0.0,8.613582459100535,17640.616876237895,13409.870680408552,13409.870680408552,0.0,233472000.0
2.6625644326210023,14.332998017458483,19030,594,8.598974292388121,1.4331623820646868,0.0,0.0,1.4331623820646868,2935.1165584684786,0.0,8.598974292388121,17610.69935081087,13430.93981016241,13430.93981016241,0.0,233840640.0
1.7915322214365006,5.998636668163615,19070,595,8.629842077000744,1.4383070128334572,0.0,0.0,1.4383070128334572,2945.6527622829203,0.0,8.629842077000744,17673.916573697523,13458.819948967546,13458.819948967546,0.0,234332160.0
3.2403094291687013,25.54162384815285,19100,596,8.616471243989762,1.4360785406649603,0.0,0.0,1.4360785406649603,2941.0888512818387,0.0,8.616471243989762,17646.533107691033,13479.757006732747,13479.757006732747,0.0,234700800.0
2.109851437807083,8.247015998831534,19130,597,8.63985266555264,1.439975444258773,0.0,0.0,1.439975444258773,2949.0697098419673,0.0,8.63985266555264,17694.418259051807,13500.689384561032,13500.689384561032,0.0,235069440.0
3.339086878299713,28.193370969301103,19160,598,8.603235940377605,1.433872656729601,0.0,0.0,1.433872656729601,2936.5712009822228,0.0,8.603235940377605,17619.427205893335,13521.646113788709,13521.646113788709,0.0,235438080.0
2.895618325471878,18.094686388432134,19190,599,8.628460403093694,1.438076733848949,0.0,0.0,1.438076733848949,2945.1811509226477,0.0,8.628460403093694,17671.086905535885,13542.649044232443,13542.649044232443,0.0,235806720.0
2.8811988342553376,17.835642347019487,19230,600,8.674525698232667,1.445754283038778,0.0,0.0,1.445754283038778,2960.9047716634173,0.0,8.674525698232667,17765.428629980503,13626.407951680943,13626.407951680943,0.0,236298240.0
2.617171120643616,13.69692178885939,19260,601,8.620800771453336,1.4368001285755558,0.0,0.0,1.4368001285755558,2942.5666633227383,0.0,8.620800771453336,17655.399979936432,13647.264733618125,13647.264733618125,0.0,236666880.0
2.3031972110271455,10.006123054155745,19290,602,8.616281987526754,1.4360469979211257,0.0,0.0,1.4360469979211257,2941.0242517424654,0.0,8.616281987526754,17646.145510454793,13668.148984694853,13668.148984694853,0.0,237035520.0
2.5829636335372923,13.2363076542493,19320,603,8.614767993157727,1.4357946655262879,0.0,0.0,1.4357946655262879,2940.5074749978376,0.0,8.614767993157727,17643.044849987025,13689.280482580885,13689.280482580885,0.0,237404160.0
3.6232271671295164,37.45825703100487,19350,604,8.589753016074244,1.4316255026790408,0.0,0.0,1.4316255026790408,2931.9690294866755,0.0,8.589753016074244,17591.814176920052,13710.435288123786,13710.435288123786,0.0,237772800.0
2.834738452732563,17.025946628182556,19390,605,8.605980143637167,1.4343300239395278,0.0,0.0,1.4343300239395278,2937.507889028153,0.0,8.605980143637167,17625.047334168918,13738.397114742547,13738.397114742547,0.0,238264320.0
2.6785573929548265,14.56406790687115,19420,606,8.59753822041198,1.4329230367353298,0.0,0.0,1.4329230367353298,2934.6263792339555,0.0,8.59753822041198,17607.758275403736,13759.358437651768,13759.358437651768,0.0,238632960.0
1.2974936664104462,3.660111701234143,19450,607,8.633348617212723,1.4388914362021206,0.0,0.0,1.4388914362021206,2946.849661341943,0.0,8.633348617212723,17681.097968051658,13780.314123624936,13780.314123624936,0.0,239001600.0
2.8799248933792114,17.812935259995815,19480,608,8.603509059466536,1.433918176577756,0.0,0.0,1.433918176577756,2936.6644256312443,0.0,8.603509059466536,17619.986553787465,13801.272012686357,13801.272012686357,0.0,239370240.0
2.1089635528624058,8.23969684725074,19510,609,8.624874637647247,1.4374791062745411,0.0,0.0,1.4374791062745411,2943.95720965026,0.0,8.624874637647247,17663.743257901562,13822.27981694974,13822.27981694974,0.0,239738880.0
2.09521689414978,8.127203521960123,19550,610,8.614823679091263,1.4358039465152104,0.0,0.0,1.4358039465152104,2940.526482463151,0.0,8.614823679091263,17643.158894778906,13850.220526156947,13850.220526156947,0.0,240230400.0
3.3888978183269503,29.63327301400985,19580,611,8.633922504674572,1.4389870841124288,0.0,0.0,1.4389870841124288,2947.045548262254,0.0,8.633922504674572,17682.273289573524,13873.855844181031,13873.855844181031,0.0,240599040.0
2.3155646920204163,10.130641996529672,19610,612,8.651385057075364,1.4418975095125608,0.0,0.0,1.4418975095125608,2953.0060994817245,0.0,8.651385057075364,17718.036596890346,13894.74962335825,13894.74962335825,0.0,240967680.0
2.6895470917224884,14.725005333172705,19640,613,8.649501552583589,1.4415835920972648,0.0,0.0,1.4415835920972648,2952.3631966151984,0.0,8.649501552583589,17714.17917969119,13915.64187840186,13915.64187840186,0.0,241336320.0
2.1309877187013626,8.423182438833557,19670,614,8.625717530102836,1.4376195883504725,0.0,0.0,1.4376195883504725,2944.2449169417678,0.0,8.625717530102836,17665.46950165061,13936.570632532239,13936.570632532239,0.0,241704960.0
2.5458179861307144,12.753656134318424,19710,615,8.598582782873141,1.433097130478857,0.0,0.0,1.433097130478857,2934.982923220699,0.0,8.598582782873141,17609.897539324193,13964.643422085792,13964.643422085792,0.0,242196480.0
2.118561813235283,8.319164367872833,19740,616,8.609680112727544,1.4349466854545907,0.0,0.0,1.4349466854545907,2938.7708118110017,0.0,8.609680112727544,17632.62487086601,13985.755793871358,13985.755793871358,0.0,242565120.0
2.1522408962249755,8.604117744992566,19770,617,8.579489006937461,1.4299148344895767,0.0,0.0,1.4299148344895767,2928.465581034653,0.0,8.579489006937461,17570.79348620792,14006.719116877764,14006.719116877764,0.0,242933760.0
1.609896868467331,5.002295306848326,19800,618,8.608667661176568,1.4347779435294281,0.0,0.0,1.4347779435294281,2938.425228348269,0.0,8.608667661176568,17630.55137008961,14027.679380351678,14027.679380351678,0.0,243302400.0
3.7689704075455666,43.33542403328403,19830,619,8.60332487566308,1.43388747927718,0.0,0.0,1.43388747927718,2936.601557559665,0.0,8.60332487566308,17619.60934535799,14048.680919125676,14048.680919125676,0.0,243671040.0
2.021971035003662,7.553197888717566,19870,620,8.639124523000032,1.4398540871666718,0.0,0.0,1.4398540871666718,2948.821170517344,0.0,8.639124523000032,17692.927023104065,14076.626107040793,14076.626107040793,0.0,244162560.0
2.0203238487243653,7.540766605920423,19900,621,8.6117571635698,1.4352928605949669,0.0,0.0,1.4352928605949669,2939.479778498492,0.0,8.6117571635698,17636.87867099095,14097.584447748959,14097.584447748959,0.0,244531200.0
2.124128746986389,8.365605752892478,19930,622,8.605048211844343,1.4341747019740572,0.0,0.0,1.4341747019740572,2937.189789642869,0.0,8.605048211844343,17623.138737857214,14118.536924326792,14118.536924326792,0.0,244899840.0
2.6511613965034484,14.17048664584452,19960,623,8.610705358427479,1.4351175597379133,0.0,0.0,1.4351175597379133,2939.1207623432465,0.0,8.610705358427479,17634.724574059477,14139.494025571272,14139.494025571272,0.0,245268480.0
1.9903616786003113,7.318180112856582,19990,624,8.62569856690649,1.4376164278177483,0.0,0.0,1.4376164278177483,2944.2384441707486,0.0,8.62569856690649,17665.43066502449,14160.450941091403,14160.450941091403,0.0,245637120.0
2.807286238670349,16.56490397162313,20030,625,8.627392671910384,1.4378987786517305,0.0,0.0,1.4378987786517305,2944.816698678744,0.0,8.627392671910384,17668.900192072466,14188.33648840338,14188.33648840338,0.0,246128640.0
3.286362183094025,26.745391632866006,20060,626,8.614530708189696,1.435755118031616,0.0,0.0,1.435755118031616,2940.4264817287494,0.0,8.614530708189696,17642.558890372497,14209.27690014802,14209.27690014802,0.0,246497280.0
1.711128431558609,5.535204053739217,20090,627,8.630592935573397,1.4384321559288995,0.0,0.0,1.4384321559288995,2945.909055342386,0.0,8.630592935573397,17675.454332054316,14230.339096195996,14230.339096195996,0.0,246865920.0
1.8396111965179442,6.294090620882212,20120,628,8.635736118365699,1.4392893530609498,0.0,0.0,1.4392893530609498,2947.6645950688253,0.0,8.635736118365699,17685.98757041295,14251.285648195073,14251.285648195073,0.0,247234560.0
3.2012243807315826,24.562585750345075,20150,629,8.626219357525832,1.4377032262543052,0.0,0.0,1.4377032262543052,2944.416207368817,0.0,8.626219357525832,17666.497244212904,14272.263055296615,14272.263055296615,0.0,247603200.0
3.4513368368148805,31.542531353106693,20190,630,8.588275966890102,1.4313793278150169,0.0,0.0,1.4313793278150169,2931.4648633651545,0.0,8.588275966890102,17588.789180190928,14300.56118167378,14300.56118167378,0.0,248094720.0
3.0645033031702043,21.42381820145036,20220,631,8.593022351364924,1.432170391894154,0.0,0.0,1.432170391894154,2933.0849625992273,0.0,8.593022351364924,17598.509775595365,14321.50545156002,14321.50545156002,0.0,248463360.0
3.08313849568367,21.826798322217865,20250,632,8.622804815934929,1.4371341359891547,0.0,0.0,1.4371341359891547,2943.250710505789,0.0,8.622804815934929,17659.504263034734,14342.628962568939,14342.628962568939,0.0,248832000.0
1.3819100558757782,3.9825011671662276,20280,633,8.664037818661754,1.4440063031102923,0.0,0.0,1.4440063031102923,2957.3249087698787,0.0,8.664037818661754,17743.949452619272,14363.548614807427,14363.548614807427,0.0,249200640.0
2.009177178144455,7.457178892464688,20310,634,8.62053760394044,1.4367562673234067,0.0,0.0,1.4367562673234067,2942.476835478337,0.0,8.62053760394044,17654.86101287002,14384.497505079955,14384.497505079955,0.0,249569280.0
2.6005008816719055,13.470483463808563,20350,635,8.630608463266565,1.4384347438777607,0.0,0.0,1.4384347438777607,2945.914355461654,0.0,8.630608463266565,17675.486132769925,14412.411932522431,14412.411932522431,0.0,250060800.0
1.3570539265871049,3.8847317219150925,20380,636,8.621072088210095,1.4368453480350158,0.0,0.0,1.4368453480350158,2942.6592727757125,0.0,8.621072088210095,17655.955636654275,14433.340094743297,14433.340094743297,0.0,250429440.0
1.7412265360355377,5.70433570695446,20410,637,8.651330105702614,1.4418883509504359,0.0,0.0,1.4418883509504359,2952.9873427464927,0.0,8.651330105702614,17717.924056478954,14454.275363275781,14454.275363275781,0.0,250798080.0
2.8011718153953553,16.463928156260234,20440,638,8.615828776120328,1.4359714626867213,0.0,0.0,1.4359714626867213,2940.869555582405,0.0,8.615828776120328,17645.21733349443,14475.236296301708,14475.236296301708,0.0,251166720.0
2.4996747851371763,12.178532676770311,20470,639,8.624439075363934,1.4374065125606557,0.0,0.0,1.4374065125606557,2943.808537724223,0.0,8.624439075363934,17662.851226345338,14496.212890312076,14496.212890312076,0.0,251535360.0
2.798798608779907,16.424902179712937,20510,640,8.591797866563995,1.4319663110939993,0.0,0.0,1.4319663110939993,2932.6670051205106,0.0,8.591797866563995,17596.002030723062,14524.312324749306,14524.312324749306,0.0,252026880.0
1.575217604637146,4.831792924267632,20540,641,8.615746426304934,1.435957737717489,0.0,0.0,1.435957737717489,2940.8414468454175,0.0,8.615746426304934,17645.048681072505,14545.251966431737,14545.251966431737,0.0,252395520.0
2.3079535230994224,10.053828659473169,20570,642,8.617110050260063,1.4361850083766772,0.0,0.0,1.4361850083766772,2941.306897155435,0.0,8.617110050260063,17647.84138293261,14566.182830158621,14566.182830158621,0.0,252764160.0
2.4855105433613063,12.00724891144489,20600,643,8.623339131232866,1.437223188538811,0.0,0.0,1.437223188538811,2943.433090127485,0.0,8.623339131232866,17660.59854076491,14587.12136625126,14587.12136625126,0.0,253132800.0
1.9082599401473999,6.7413482374337725,20630,644,8.614252684757421,1.4357087807929036,0.0,0.0,1.4357087807929036,2940.3315830638667,0.0,8.614252684757421,17641.9894983832,14608.075034847483,14608.075034847483,0.0,253501440.0
3.105372762680054,22.31753656967904,20670,645,8.639256024008006,1.4398760040013343,0.0,0.0,1.4398760040013343,2948.8660561947327,0.0,8.639256024008006,17693.196337168396,14636.126201195642,14636.126201195642,0.0,253992960.0
2.715768563747406,15.116223389831282,20700,646,8.653713312949485,1.4422855521582474,0.0,0.0,1.4422855521582474,2953.8008108200906,0.0,8.653713312949485,17722.804864920545,14657.20931204781,14657.20931204781,0.0,254361600.0
2.046638497710228,7.741833127283472,20730,647,8.657452447580892,1.4429087412634822,0.0,0.0,1.4429087412634822,2955.0771021076116,0.0,8.657452447580892,17730.462612645668,14678.127507368103,14678.127507368103,0.0,254730240.0
2.3535789459943772,10.523164246746092,20760,648,8.608211799800884,1.4347019666334806,0.0,0.0,1.4347019666334806,2938.2696276653683,0.0,8.608211799800884,17629.61776599221,14699.071924464777,14699.071924464777,0.0,255098880.0
3.330037957429886,27.939402191009403,20790,649,8.618330854546057,1.4363884757576761,0.0,0.0,1.4363884757576761,2941.7235983517207,0.0,8.618330854546057,17650.341590110325,14720.07309545204,14720.07309545204,0.0,255467520.0
4.399517035484314,81.41154028350192,20830,650,8.638966891572725,1.4398278152621207,0.0,0.0,1.4398278152621207,2948.767365656823,0.0,8.638966891572725,17692.60419394094,14748.003179227933,14748.003179227933,0.0,255959040.0
2.036886513233185,7.666701825867063,20860,651,8.608512933668615,1.434752155611436,0.0,0.0,1.434752155611436,2938.372414692221,0.0,8.608512933668615,17630.234488153324,14768.95340670459,14768.95340670459,0.0,256327680.0
3.780482232570648,43.83717635350674,20890,652,8.632513058438624,1.4387521764064375,0.0,0.0,1.4387521764064375,2946.564457280384,0.0,8.632513058438624,17679.386743682302,14790.044872028753,14790.044872028753,0.0,256696320.0
1.5500406265258788,4.7116615971442695,20920,653,8.654317498520312,1.4423862497533853,0.0,0.0,1.4423862497533853,2954.007039494933,0.0,8.654317498520312,17724.0422369696,14810.98426005803,14810.98426005803,0.0,257064960.0
3.415531277656555,30.433113566619383,20950,654,8.61278482691289,1.4354641378188149,0.0,0.0,1.4354641378188149,2939.830554252933,0.0,8.61278482691289,17638.983325517598,14831.93811575137,14831.93811575137,0.0,257433600.0
2.5561398029327393,12.88597876667659,20990,655,8.627217815469935,1.4378696359116558,0.0,0.0,1.4378696359116558,2944.757014347071,0.0,8.627217815469935,17668.542086082427,14859.999344876036,14859.999344876036,0.0,257925120.0
2.8813493490219115,17.8383270766047,21020,656,8.606241606796647,1.4343736011327746,0.0,0.0,1.4343736011327746,2937.5971351199223,0.0,8.606241606796647,17625.582810719534,14880.93973213993,14880.93973213993,0.0,258293760.0
1.929181545972824,6.883873801077155,21050,657,8.62693808301171,1.437823013835285,0.0,0.0,1.437823013835285,2944.6615323346637,0.0,8.62693808301171,17667.969194007983,14901.883572356775,14901.883572356775,0.0,258662400.0
3.0730053782463074,21.606741624666636,21080,658,7.788457957082718,1.2980763261804529,0.0,0.0,1.2980763261804529,2658.4603160175675,0.0,7.788457957082718,15950.761896105407,14922.999816184863,14922.999816184863,0.0,259031040.0
2.316703647375107,10.14218691880557,21110,659,8.63996811745011,1.4399946862416848,0.0,0.0,1.4399946862416848,2949.1091174229705,0.0,8.63996811745011,17694.654704537825,14943.962516436353,14943.962516436353,0.0,259399680.0
1.7026886701583863,5.488684833910403,21150,660,8.652811585688934,1.442135264281489,0.0,0.0,1.442135264281489,2953.4930212484896,0.0,8.652811585688934,17720.958127490936,14971.846313746646,14971.846313746646,0.0,259891200.0
2.5090578198432922,12.293342059427285,21180,661,8.616990079580024,1.4361650132633375,0.0,0.0,1.4361650132633375,2941.265947163315,0.0,8.616990079580024,17647.59568297989,14992.777768529952,14992.777768529952,0.0,260259840.0
1.8376120686531068,6.281520497766274,21210,662,8.62075970454338,1.4367932840905635,0.0,0.0,1.4367932840905635,2942.552645817474,0.0,8.62075970454338,17655.31587490484,15013.704915560782,15013.704915560782,0.0,260628480.0
2.2843079566955566,9.81888877598996,21240,663,8.657453878563294,1.442908979760549,0.0,0.0,1.442908979760549,2955.0775905496043,0.0,8.657453878563294,17730.465543297625,15034.623696988449,15034.623696988449,0.0,260997120.0
2.4047328352928163,11.075470911941276,21270,664,8.629052260417643,1.4381753767362737,0.0,0.0,1.4381753767362737,2945.3831715558886,0.0,8.629052260417643,17672.299029335332,15055.549265900627,15055.549265900627,0.0,261365760.0
2.3409111201763153,10.390699427067938,21310,665,8.598127059424762,1.4330211765707934,0.0,0.0,1.4330211765707934,2934.827369616985,0.0,8.598127059424762,17608.964217701912,15083.437969386578,15083.437969386578,0.0,261857280.0
2.502360647916794,12.211286510859015,21340,666,8.637204341501532,1.439534056916922,0.0,0.0,1.439534056916922,2948.165748565856,0.0,8.637204341501532,17688.994491395137,15104.389800667763,15104.389800667763,0.0,262225920.0
1.9019754827022552,6.699115365652223,21370,667,8.63780549432272,1.4396342490537868,0.0,0.0,1.4396342490537868,2948.3709420621553,0.0,8.63780549432272,17690.22565237293,15125.451706480235,15125.451706480235,0.0,262594560.0
1.6512984097003938,5.2137450113371475,21400,668,8.625008407188043,1.4375014011980072,0.0,0.0,1.4375014011980072,2944.0028696535187,0.0,8.625008407188043,17664.01721792111,15146.399159882218,15146.399159882218,0.0,262963200.0
2.379693305492401,10.801589567678604,21430,669,8.646268524529795,1.4410447540882994,0.0,0.0,1.4410447540882994,2951.259656372837,0.0,8.646268524529795,17707.55793823702,15167.368580050766,15167.368580050766,0.0,263331840.0
1.8112106800079346,6.1178497087662995,21470,670,8.627107117157648,1.437851186192941,0.0,0.0,1.437851186192941,2944.7192293231433,0.0,8.627107117157648,17668.315375938862,15195.278754889965,15195.278754889965,0.0,263823360.0
2.7074283719062806,14.990675461496659,21500,671,8.615975965789753,1.4359959942982923,0.0,0.0,1.4359959942982923,2940.9197963229026,0.0,8.615975965789753,17645.518777937414,15216.214707296342,15216.214707296342,0.0,264192000.0
2.6207011222839354,13.745357383810243,21530,672,8.628866657741062,1.4381444429568437,0.0,0.0,1.4381444429568437,2945.319819175616,0.0,8.628866657741062,17671.918915053695,15237.46155740507,15237.46155740507,0.0,264560640.0
1.8560704112052917,6.398543659096565,21560,673,8.609562719004455,1.4349271198340756,0.0,0.0,1.4349271198340756,2938.730741420187,0.0,8.609562719004455,17632.384448521123,15258.380392758176,15258.380392758176,0.0,264929280.0
1.9460559070110321,7.001020380052481,21590,674,8.635964941471379,1.4393274902452298,0.0,0.0,1.4393274902452298,2947.7427000222306,0.0,8.635964941471379,17686.456200133383,15279.502348048612,15279.502348048612,0.0,265297920.0
3.331644332408905,27.984319414911244,21630,675,8.62584788412372,1.4376413140206201,0.0,0.0,1.4376413140206201,2944.28941111423,0.0,8.62584788412372,17665.73646668538,15307.410517755896,15307.410517755896,0.0,265789440.0
2.5531460464000704,12.847458971777545,21660,676,8.569083133524202,1.4281805222540338,0.0,0.0,1.4281805222540338,2924.913709576261,0.0,8.569083133524202,17549.482257457566,15328.380978656933,15328.380978656933,0.0,266158080.0
3.0217247724533083,20.52666499631054,21690,677,8.610304897247534,1.4350508162079223,0.0,0.0,1.4350508162079223,2938.984071593825,0.0,8.610304897247534,17633.90442956295,15349.33234600164,15349.33234600164,0.0,266526720.0
1.6348701894283295,5.1287921823680325,21720,678,8.60233505296511,1.4337225088275185,0.0,0.0,1.4337225088275185,2936.263698078758,0.0,8.60233505296511,17617.582188472545,15370.312407385558,15370.312407385558,0.0,266895360.0
1.8189529359340668,6.165399500737533,21750,679,8.637647123529185,1.439607853921531,0.0,0.0,1.439607853921531,2948.3168848312953,0.0,8.637647123529185,17689.90130898777,15391.300817079842,15391.300817079842,0.0,267264000.0
2.959513258934021,19.28858092579589,21790,680,8.604832137880312,1.4341386896467188,0.0,0.0,1.4341386896467188,2937.11603639648,0.0,8.604832137880312,17622.69621837888,15419.516786891967,15419.516786891967,0.0,267755520.0
3.152150642871857,23.386306128338763,21820,681,8.583093454528255,1.4305155757547092,0.0,0.0,1.4305155757547092,2929.6958991456445,0.0,8.583093454528255,17578.175394873866,15440.550334248692,15440.550334248692,0.0,268124160.0
2.594372236728668,13.3881801150575,21850,682,8.599882684025655,1.4333137806709426,0.0,0.0,1.4333137806709426,2935.4266228140905,0.0,8.599882684025655,17612.55973688454,15461.570753462613,15461.570753462613,0.0,268492800.0
3.190335237979889,24.296571211419206,21880,683,8.622528877835324,1.4370881463058873,0.0,0.0,1.4370881463058873,2943.1565236344572,0.0,8.622528877835324,17658.939141806743,15482.580966759473,15482.580966759473,0.0,268861440.0
2.569089967012405,13.053939518339213,21910,684,8.624591512540528,1.4374319187567548,0.0,0.0,1.4374319187567548,2943.860569613834,0.0,8.624591512540528,17663.163417683,15503.580914508551,15503.580914508551,0.0,269230080.0
2.430341672897339,11.362763765247823,21950,685,8.605995743838166,1.4343326239730276,0.0,0.0,1.4343326239730276,2937.5132138967606,0.0,8.605995743838166,17625.079283380564,15531.523357136175,15531.523357136175,0.0,269721600.0
2.528499659150839,12.534685720661091,21980,686,8.639993307786403,1.4399988846310672,0.0,0.0,1.4399988846310672,2949.1177157244256,0.0,8.639993307786403,17694.706294346553,15552.510893544182,15552.510893544182,0.0,270090240.0
2.4339485704898833,11.403822092595307,22010,687,8.644774981261493,1.440795830210249,0.0,0.0,1.440795830210249,2950.74986027059,0.0,8.644774981261493,17704.49916162354,15573.76311661303,15573.76311661303,0.0,270458880.0
2.1607815265655517,8.677917031682172,22040,688,8.633517659702367,1.4389196099503945,0.0,0.0,1.4389196099503945,2946.907361178408,0.0,8.633517659702367,17681.444167070447,15594.884245350957,15594.884245350957,0.0,270827520.0
4.168631666898728,64.62696036901528,22070,689,8.62616665424025,1.437694442373375,0.0,0.0,1.437694442373375,2944.398217980672,0.0,8.62616665424025,17666.389307884034,15615.851257652044,15615.851257652044,0.0,271196160.0
2.958931040763855,19.277354032072076,22110,690,8.62915125408822,1.4381918756813699,0.0,0.0,1.4381918756813699,2945.4169613954455,0.0,8.62915125408822,17672.501768372673,15643.75143347308,15643.75143347308,0.0,271687680.0
2.6366205394268034,13.965926469244907,22140,691,8.59481436088203,1.432469060147005,0.0,0.0,1.432469060147005,2933.696635181066,0.0,8.59481436088203,17602.179811086397,15664.704326966777,15664.704326966777,0.0,272056320.0
2.2559350728988647,9.54421367444929,22170,692,8.604639967596034,1.4341066612660058,0.0,0.0,1.4341066612660058,2937.05044227278,0.0,8.604639967596034,17622.302653636678,15685.67701316066,15685.67701316066,0.0,272424960.0
2.221071946620941,9.217205924914305,22200,693,8.586582012572682,1.4310970020954472,0.0,0.0,1.4310970020954472,2930.886660291476,0.0,8.586582012572682,17585.319961748854,15706.628723965958,15706.628723965958,0.0,272793600.0
2.6310292422771453,13.888056723695728,22230,694,8.577950737329244,1.4296584562215409,0.0,0.0,1.4296584562215409,2927.9405183417157,0.0,8.577950737329244,17567.643110050292,15727.593513689935,15727.593513689935,0.0,273162240.0
3.10502347946167,22.309742789877063,22270,695,8.595641364371213,1.4326068940618688,0.0,0.0,1.4326068940618688,2933.9789190387073,0.0,8.595641364371213,17603.873514232244,15755.713146431372,15755.713146431372,0.0,273653760.0
2.4628589272499086,11.738322624699052,22300,696,8.64040489048468,1.4400674817474466,0.0,0.0,1.4400674817474466,2949.2582026187706,0.0,8.64040489048468,17695.549215712625,15776.690712658688,15776.690712658688,0.0,274022400.0
3.0779224544763566,21.71324524895404,22330,697,8.581072392234766,1.4301787320391277,0.0,0.0,1.4301787320391277,2929.0060432161335,0.0,8.581072392234766,17574.0362592968,15797.657895540819,15797.657895540819,0.0,274391040.0
2.742340233922005,15.523270706058913,22360,698,8.644338439038952,1.4407230731731586,0.0,0.0,1.4407230731731586,2950.600853858629,0.0,8.644338439038952,17703.605123151774,15818.638687895611,15818.638687895611,0.0,274759680.0
2.2309473916888236,9.308680870184874,22390,699,8.629624316849192,1.4382707194748652,0.0,0.0,1.4382707194748652,2945.578433484524,0.0,8.629624316849192,17673.470600907145,15839.626001428813,15839.626001428813,0.0,275128320.0
2.403580904006958,11.06272007594562,22430,700,8.636297229444029,1.4393828715740047,0.0,0.0,1.4393828715740047,2947.8561209835616,0.0,8.636297229444029,17687.13672590137,15867.709858488292,15867.709858488292,0.0,275619840.0
2.0519381701946258,7.782971220211038,22460,701,8.628731659029128,1.4381219431715213,0.0,0.0,1.4381219431715213,2945.2737396152756,0.0,8.628731659029128,17671.642437691655,15888.663690816611,15888.663690816611,0.0,275988480.0
2.823802852630615,16.840772027564967,22490,702,8.6017484856882,1.4336247476147,0.0,0.0,1.4336247476147,2936.0634831149055,0.0,8.6017484856882,17616.380898689433,15909.633948111907,15909.633948111907,0.0,276357120.0
2.828486406803131,16.919831691253027,22520,703,8.624310345597321,1.4373850575995535,0.0,0.0,1.4373850575995535,2943.7645979638855,0.0,8.624310345597321,17662.587587783313,15930.606628352776,15930.606628352776,0.0,276725760.0
2.8369565844535827,17.063754336215656,22550,704,8.59444878611748,1.4324081310195802,0.0,0.0,1.4324081310195802,2933.5718523281002,0.0,8.59444878611748,17601.4311139686,15951.558888128027,15951.558888128027,0.0,277094400.0
2.66537996083498,14.373409841386707,22590,705,8.63416449259184,1.4390274154319733,0.0,0.0,1.4390274154319733,2947.1281468046814,0.0,8.63416449259184,17682.768880828087,15979.47561261803,15979.47561261803,0.0,277585920.0
2.478922498226166,11.92840461373212,22620,706,8.621192311023,1.4368653851704998,0.0,0.0,1.4368653851704998,2942.7003088291835,0.0,8.621192311023,17656.201852975104,16000.531358359382,16000.531358359382,0.0,277954560.0
2.083716094493866,8.034269613969037,22650,707,8.628949801760072,1.4381583002933453,0.0,0.0,1.4381583002933453,2945.3481990007713,0.0,8.628949801760072,17672.089194004628,16021.472953170538,16021.472953170538,0.0,278323200.0
2.3555690199136734,10.54412697323125,22680,708,8.59833575071528,1.4330559584525466,0.0,0.0,1.4330559584525466,2934.8986029108155,0.0,8.59833575071528,17609.391617464895,16042.405045613647,16042.405045613647,0.0,278691840.0
2.744345486164093,15.554430010137905,22710,709,8.619727842300067,1.4366213070500111,0.0,0.0,1.4366213070500111,2942.200436838423,0.0,8.619727842300067,17653.202621030538,16063.407416382805,16063.407416382805,0.0,279060480.0
2.9064083099365234,18.290984897909194,22750,710,8.601132658908524,1.4335221098180875,0.0,0.0,1.4335221098180875,2935.853280907443,0.0,8.601132658908524,17615.119685444657,16091.339117679745,16091.339117679745,0.0,279552000.0
3.3974863588809967,29.888875636618096,22780,711,8.596796979457654,1.4327994965762756,0.0,0.0,1.4327994965762756,2934.3733689882124,0.0,8.596796979457654,17606.240213929275,16112.314207624644,16112.314207624644,0.0,279920640.0
1.1011916518211364,3.007748077716428,22810,712,8.632706510454131,1.4387844184090217,0.0,0.0,1.4387844184090217,2946.6304889016765,0.0,8.632706510454131,17679.78293341006,16133.257532652467,16133.257532652467,0.0,280289280.0
2.817278003692627,16.731246242263758,22840,713,8.635850916199313,1.4393084860332188,0.0,0.0,1.4393084860332188,2947.703779396032,0.0,8.635850916199313,17686.222676376194,16154.214468110353,16154.214468110353,0.0,280657920.0
2.9677095234394075,19.447324902122382,22870,714,8.637494502429188,1.4395824170715312,0.0,0.0,1.4395824170715312,2948.264790162496,0.0,8.637494502429188,17689.588740974978,16175.499725922942,16175.499725922942,0.0,281026560.0
2.4168975995853543,11.21102422042637,22910,715,8.613975232107586,1.4356625386845978,0.0,0.0,1.4356625386845978,2940.2368792260563,0.0,8.613975232107586,17641.421275356337,16203.400098016486,16203.400098016486,0.0,281518080.0
2.9221804291009903,18.581759529698882,22940,716,8.61718032381038,1.4361967206350634,0.0,0.0,1.4361967206350634,2941.33088386061,0.0,8.61718032381038,17647.98530316366,16224.501822203398,16224.501822203398,0.0,281886720.0
2.6732074320316315,14.486358768463248,22970,717,8.613300201535512,1.4355500335892522,0.0,0.0,1.4355500335892522,2940.0064687907884,0.0,8.613300201535512,17640.03881274473,16245.451169282198,16245.451169282198,0.0,282255360.0
2.1937429130077364,8.968719506730919,23000,718,8.628886906178586,1.4381478176964309,0.0,0.0,1.4381478176964309,2945.3267306422904,0.0,8.628886906178586,17671.960383853744,16266.395975518972,16266.395975518972,0.0,282624000.0
3.1977867901325228,24.47829459872219,23030,719,8.617532504115426,1.436255417352571,0.0,0.0,1.436255417352571,2941.4510947380654,0.0,8.617532504115426,17648.70656842839,16287.389040173963,16287.389040173963,0.0,282992640.0
3.1977828562259676,24.478198303588016,23070,720,8.592197032041163,1.4320328386735273,0.0,0.0,1.4320328386735273,2932.803253603384,0.0,8.592197032041163,17596.819521620302,16315.484622512013,16315.484622512013,0.0,283484160.0
2.8849883675575256,17.903359334511226,23100,721,8.610802343349897,1.4351337238916497,0.0,0.0,1.4351337238916497,2939.1538665300986,0.0,8.610802343349897,17634.92319918059,16336.442874982953,16336.442874982953,0.0,283852800.0
2.2333749711513518,9.331305883586467,23130,722,8.60290700724056,1.4338178345400932,0.0,0.0,1.4338178345400932,2936.4589251381108,0.0,8.60290700724056,17618.753550828667,16357.412402840331,16357.412402840331,0.0,284221440.0
1.920872539281845,6.826912620732798,23160,723,8.581410482455805,1.430235080409301,0.0,0.0,1.430235080409301,2929.1214446782483,0.0,8.581410482455805,17574.72866806949,16378.387151300907,16378.387151300907,0.0,284590080.0
1.3747941076755523,3.9542624868060856,23190,724,8.621705680894564,1.4369509468157609,0.0,0.0,1.4369509468157609,2942.8755390786782,0.0,8.621705680894564,17657.253234472068,16399.35678387992,16399.35678387992,0.0,284958720.0
1.903290782868862,6.7079325105337,23230,725,8.609028084762326,1.4348380141270543,0.0,0.0,1.4348380141270543,2938.548252932207,0.0,8.609028084762326,17631.289517593243,16427.392623996362,16427.392623996362,0.0,285450240.0
1.3846849009394646,3.993567337224169,23260,726,8.613521572356355,1.4355869287260592,0.0,0.0,1.4355869287260592,2940.0820300309692,0.0,8.613521572356355,17640.492180185815,16448.33478720486,16448.33478720486,0.0,285818880.0
2.431275171041489,11.373375836538893,23290,727,8.597549338278322,1.4329248897130535,0.0,0.0,1.4329248897130535,2934.6301741323337,0.0,8.597549338278322,17607.781044794003,16469.30788794905,16469.30788794905,0.0,286187520.0
2.841982197761536,17.14972601635398,23320,728,8.609956460271322,1.4349927433785536,0.0,0.0,1.4349927433785536,2938.865138439278,0.0,8.609956460271322,17633.190830635667,16490.256813222542,16490.256813222542,0.0,286556160.0
1.9171995103359223,6.801883168157118,23350,729,8.632421101210884,1.438736850201814,0.0,0.0,1.438736850201814,2946.5330692133152,0.0,8.632421101210884,17679.19841527989,16511.380511222407,16511.380511222407,0.0,286924800.0
2.1326707363128663,8.437370739453845,23390,730,8.651242510243069,1.441873751707178,0.0,0.0,1.441873751707178,2952.9574434963006,0.0,8.651242510243069,17717.744660977805,16539.48851797171,16539.48851797171,0.0,287416320.0
4.077009284496308,58.96884682249081,23420,731,8.59503424355757,1.432505707259595,0.0,0.0,1.432505707259595,2933.7716884676506,0.0,8.59503424355757,17602.630130805905,16560.448136352003,16560.448136352003,0.0,287784960.0
2.424119311571121,11.29228005839606,23450,732,8.600809019149489,1.433468169858248,0.0,0.0,1.433468169858248,2935.742811869692,0.0,8.600809019149489,17614.456871218154,16581.409309132025,16581.409309132025,0.0,288153600.0
2.55015105009079,12.809038442963786,23480,733,8.624920212354073,1.4374867020590123,0.0,0.0,1.4374867020590123,2943.972765816857,0.0,8.624920212354073,17663.836594901142,16602.37083373964,16602.37083373964,0.0,288522240.0
2.7700926542282103,15.960112713214501,23510,734,8.614631960771568,1.435771993461928,0.0,0.0,1.435771993461928,2940.4610426100285,0.0,8.614631960771568,17642.76625566017,16623.2947102841,16623.2947102841,0.0,288890880.0
2.49778807759285,12.155577009415156,23550,735,8.623858124723494,1.4373096874539157,0.0,0.0,1.4373096874539157,2943.6102399056194,0.0,8.623858124723494,17661.661439433716,16651.357258919626,16651.357258919626,0.0,289382400.0
2.3136300444602966,10.111061721281695,23580,736,8.598362994018837,1.4330604990031395,0.0,0.0,1.4330604990031395,2934.9079019584296,0.0,8.598362994018837,17609.447411750578,16672.300116056576,16672.300116056576,0.0,289751040.0
2.7493703365325928,15.632785390670549,23610,737,8.62826464530371,1.4380441075506183,0.0,0.0,1.4380441075506183,2945.1143322636663,0.0,8.62826464530371,17670.685993582,16693.244742592797,16693.244742592797,0.0,290119680.0
2.6572238177061083,14.256655035161774,23640,738,8.592086543083349,1.432014423847225,0.0,0.0,1.432014423847225,2932.765540039117,0.0,8.592086543083349,17596.5932402347,16714.20409683697,16714.20409683697,0.0,290488320.0
2.342640307545662,10.408682436791642,23670,739,8.615560370142537,1.4359267283570896,0.0,0.0,1.4359267283570896,2940.7779396753194,0.0,8.615560370142537,17644.667638051917,16735.19610496983,16735.19610496983,0.0,290856960.0
2.550375761464238,12.81191710300657,23710,740,8.599690390367687,1.4332817317279478,0.0,0.0,1.4332817317279478,2935.360986578837,0.0,8.599690390367687,17612.165919473024,16763.112782275304,16763.112782275304,0.0,291348480.0
2.3025472164154053,9.99962124138668,23740,741,8.635213645618492,1.4392022742697486,0.0,0.0,1.4392022742697486,2947.486257704445,0.0,8.635213645618492,17684.917546226672,16784.057560855523,16784.057560855523,0.0,291717120.0
2.149142846465111,8.577503008255379,23770,742,8.626967148280377,1.4378278580467296,0.0,0.0,1.4378278580467296,2944.6714532797023,0.0,8.626967148280377,17668.028719678212,16805.132677217945,16805.132677217945,0.0,292085760.0
3.094500130414963,22.07620055778826,23800,743,8.635796509262624,1.4392994182104375,0.0,0.0,1.4392994182104375,2947.685208494976,0.0,8.635796509262624,17686.111250969854,16826.127186557278,16826.127186557278,0.0,292454400.0
2.058749961853027,7.836168176240136,23830,744,8.582800579601969,1.4304667632669947,0.0,0.0,1.4304667632669947,2929.595931170805,0.0,8.582800579601969,17577.575587024832,16847.22623858042,16847.22623858042,0.0,292823040.0
1.6533842206001281,5.224631246877793,23870,745,8.657543333353429,1.442923888892238,0.0,0.0,1.442923888892238,2955.1081244513034,0.0,8.657543333353429,17730.648746707822,16875.1291470211,16875.1291470211,0.0,293314560.0
2.506364160776138,12.26027254611595,23900,746,8.592669420995744,1.4321115701659575,0.0,0.0,1.4321115701659575,2932.964495699881,0.0,8.592669420995744,17597.786974199284,16896.072313604876,16896.072313604876,0.0,293683200.0
2.9051891386508943,18.268698642477617,23930,747,8.567755289576567,1.427959214929428,0.0,0.0,1.427959214929428,2924.4604721754686,0.0,8.567755289576567,17546.76283305281,16917.052122544497,16917.052122544497,0.0,294051840.0
2.703264892101288,14.928391835231187,23960,748,8.595963044034338,1.4326605073390564,0.0,0.0,1.4326605073390564,2934.0887190303874,0.0,8.595963044034338,17604.532314182325,16938.092873644084,16938.092873644084,0.0,294420480.0
2.205174857378006,9.071837706933438,23990,749,8.583431143669364,1.4305718572782273,0.0,0.0,1.4305718572782273,2929.8111637058096,0.0,8.583431143669364,17578.866982234857,16959.154612680897,16959.154612680897,0.0,294789120.0
3.596853519976139,36.483259807647414,24030,750,8.572448477306198,1.428741412884366,0.0,0.0,1.428741412884366,2926.0624135871817,0.0,8.572448477306198,17556.374481523093,16987.161693526432,16987.161693526432,0.0,295280640.0
2.202471059560776,9.047342422014891,24060,751,8.585415275188023,1.4309025458646705,0.0,0.0,1.4309025458646705,2930.488413930845,0.0,8.585415275188023,17582.93048358507,17008.185177799314,17008.185177799314,0.0,295649280.0
2.5818690419197083,13.221827229364832,24090,752,8.603487424842706,1.4339145708071177,0.0,0.0,1.4339145708071177,2936.657041012977,0.0,8.603487424842706,17619.942246077862,17029.186016293243,17029.186016293243,0.0,296017920.0
1.712273785471916,5.5415474533884685,24120,753,8.639169228954705,1.4398615381591175,0.0,0.0,1.4398615381591175,2948.8364301498727,0.0,8.639169228954705,17693.018580899236,17050.169894365594,17050.169894365594,0.0,296386560.0
1.3111287280917168,3.710359336363351,24150,754,8.640328686963047,1.4400547811605078,0.0,0.0,1.4400547811605078,2949.23219181672,0.0,8.640328686963047,17695.39315090032,17071.090627245605,17071.090627245605,0.0,296755200.0
2.5818519473075865,13.221601209288671,24190,755,8.60173362441955,1.4336222707365918,0.0,0.0,1.4336222707365918,2936.05841046854,0.0,8.60173362441955,17616.35046281124,17099.193541154265,17099.193541154265,0.0,297246720.0
3.1845903515815737,24.15739034187353,24220,756,8.599221797403713,1.4332036329006188,0.0,0.0,1.4332036329006188,2935.2010401804673,0.0,8.599221797403713,17611.206241082804,17120.27954945527,17120.27954945527,0.0,297615360.0
2.366765958070755,10.66285235083139,24250,757,8.60012746306923,1.433354577178205,0.0,0.0,1.433354577178205,2935.510174060964,0.0,8.60012746306923,17613.061044365782,17141.257356001064,17141.257356001064,0.0,297984000.0
2.1034637302160264,8.194504365164452,24280,758,8.605345802533607,1.434224300422268,0.0,0.0,1.434224300422268,2937.2913672648046,0.0,8.605345802533607,17623.748203588828,17162.40846782364,17162.40846782364,0.0,298352640.0
3.727480190992355,41.574216980221856,24310,759,8.595212178340613,1.4325353630567688,0.0,0.0,1.4325353630567688,2933.8324235402624,0.0,8.595212178340613,17602.994541241576,17183.44159617275,17183.44159617275,0.0,298721280.0
2.9723442047834396,19.53766624599511,24350,760,8.601430518573814,1.4335717530956358,0.0,0.0,1.4335717530956358,2935.954950339862,0.0,8.601430518573814,17615.72970203917,17211.57549917139,17211.57549917139,0.0,299212800.0
2.506140011548996,12.257524723472848,24380,761,8.652525473037572,1.4420875788395955,0.0,0.0,1.4420875788395955,2953.3953614634916,0.0,8.652525473037572,17720.37216878095,17232.501289725304,17232.501289725304,0.0,299581440.0
1.4782458290457725,4.3852464580526345,24410,762,8.633066184901859,1.4388443641503097,0.0,0.0,1.4388443641503097,2946.7532577798343,0.0,8.633066184901859,17680.519546679006,17253.431326666847,17253.431326666847,0.0,299950080.0
1.5052916944026946,4.505467658329311,24440,763,8.656800957633699,1.4428001596056166,0.0,0.0,1.4428001596056166,2954.8547268723028,0.0,8.656800957633699,17729.128361233816,17274.356806559488,17274.356806559488,0.0,300318720.0
2.0256945371627806,7.581374662949642,24470,764,8.632650130395817,1.438775021732636,0.0,0.0,1.438775021732636,2946.6112445084386,0.0,8.632650130395817,17679.667467050633,17295.381637893617,17295.381637893617,0.0,300687360.0
3.772127377986908,43.47244886388568,24510,765,8.612608685348526,1.435434780891421,0.0,0.0,1.435434780891421,2939.77043126563,0.0,8.612608685348526,17638.62258759378,17323.284519955516,17323.284519955516,0.0,301178880.0
1.5176572263240815,4.561526044052974,24540,766,8.620803009380456,1.4368005015634093,0.0,0.0,1.4368005015634093,2942.5674272018623,0.0,8.620803009380456,17655.404563211174,17344.235183479264,17344.235183479264,0.0,301547520.0
3.1931179642677305,24.3642760771988,24570,767,8.60940908683363,1.4349015144722717,0.0,0.0,1.4349015144722717,2938.6783016392123,0.0,8.60940908683363,17632.069809835273,17365.174857122824,17365.174857122824,0.0,301916160.0
1.939983505010605,6.958636187060488,24600,768,8.555739718766517,1.4259566197944196,0.0,0.0,1.4259566197944196,2920.3591573389713,0.0,8.555739718766517,17522.154944033828,17386.19116020389,17386.19116020389,0.0,302284800.0
2.87580748796463,17.739742968477966,24630,769,8.60572645574966,1.4342877426249434,0.0,0.0,1.4342877426249434,2937.421296895884,0.0,8.60572645574966,17624.527781375305,17407.215272128582,17407.215272128582,0.0,302653440.0
2.419646626710892,11.241886030654502,24670,770,8.575805232511797,1.4293008720852995,0.0,0.0,1.4293008720852995,2927.2081860306935,0.0,8.575805232511797,17563.24911618416,17435.20904331468,17435.20904331468,0.0,303144960.0
2.2197229087352754,9.204779948362688,24700,771,8.597511647795296,1.4329186079658824,0.0,0.0,1.4329186079658824,2934.6173091141272,0.0,8.597511647795296,17607.703854684765,17456.321379620582,17456.321379620582,0.0,303513600.0
2.370830276608467,10.706277766889958,24730,772,8.648055079954023,1.4413425133256703,0.0,0.0,1.4413425133256703,2951.869467290973,0.0,8.648055079954023,17711.21680374584,17477.430111985654,17477.430111985654,0.0,303882240.0
1.5138355016708374,4.544126416983498,24760,773,8.613971880532626,1.435661980088771,0.0,0.0,1.435661980088771,2940.235735221803,0.0,8.613971880532626,17641.414411330818,17498.395621312782,17498.395621312782,0.0,304250880.0
2.578507739305496,13.177459275767045,24790,774,8.630862336834147,1.4384770561390245,0.0,0.0,1.4384770561390245,2946.0010109727223,0.0,8.630862336834147,17676.006065836333,17519.365101888776,17519.365101888776,0.0,304619520.0
2.469689816236496,11.818780289271547,24830,775,8.637807984293815,1.4396346640489692,0.0,0.0,1.4396346640489692,2948.371791972289,0.0,8.637807984293815,17690.230751833733,17547.41385616362,17547.41385616362,0.0,305111040.0
3.0250195264816284,20.59440684357678,24860,776,8.61329278547028,1.43554879757838,0.0,0.0,1.43554879757838,2940.0039374405223,0.0,8.61329278547028,17640.023624643134,17568.356913669035,17568.356913669035,0.0,305479680.0
2.418632388114929,11.230489856147733,24890,777,8.634571099400443,1.4390951832334071,0.0,0.0,1.4390951832334071,2947.266935262018,0.0,8.634571099400443,17683.601611572107,17589.3297494594,17589.3297494594,0.0,305848320.0
3.349204730987549,28.480075313858265,24920,778,8.578233595434707,1.4297055992391179,0.0,0.0,1.4297055992391179,2928.0370672417134,0.0,8.578233595434707,17568.22240345028,17610.295771682635,17610.295771682635,0.0,306216960.0
2.7936552286148073,16.340639546764997,24950,779,8.644946954000295,1.4408244923333826,0.0,0.0,1.4408244923333826,2950.8085602987676,0.0,8.644946954000295,17704.851361792604,17631.298245208338,17631.298245208338,0.0,306585600.0
2.979595720767975,19.679858878057296,24990,780,8.606155508326717,1.434359251387786,0.0,0.0,1.434359251387786,2937.567746842186,0.0,8.606155508326717,17625.406481053116,17659.288421049714,17659.288421049714,0.0,307077120.0
2.1109522849321367,8.256099701650836,25020,781,8.601269390676471,1.4335448984460784,0.0,0.0,1.4335448984460784,2935.8999520175685,0.0,8.601269390676471,17615.399712105413,17680.238299492747,17680.238299492747,0.0,307445760.0
2.871258628368378,17.659230626940364,25050,782,8.583865593012966,1.430644265502161,0.0,0.0,1.430644265502161,2929.9594557484256,0.0,8.583865593012966,17579.756734490555,17701.364631371573,17701.364631371573,0.0,307814400.0
2.4623915582895277,11.732837778880514,25080,783,8.640566607246654,1.440094434541109,0.0,0.0,1.440094434541109,2949.3134019401914,0.0,8.640566607246654,17695.88041164115,17722.320644808933,17722.320644808933,0.0,308183040.0
2.0576584696769715,7.827619726117414,25110,784,8.618065681999182,1.436344280333197,0.0,0.0,1.436344280333197,2941.6330861223873,0.0,8.618065681999182,17649.798516734325,17743.42196773924,17743.42196773924,0.0,308551680.0
2.5310285806655886,12.566425073310985,25150,785,8.624836938133413,1.4374728230222356,0.0,0.0,1.4374728230222356,2943.9443415495384,0.0,8.624836938133413,17663.66604929723,17771.361224684864,17771.361224684864,0.0,309043200.0
3.6765535354614256,39.509989373317794,25180,786,8.592149212731481,1.4320248687885804,0.0,0.0,1.4320248687885804,2932.7869312790126,0.0,8.592149212731481,17596.721587674074,17792.352137960494,17792.352137960494,0.0,309411840.0
2.587246227264404,13.293114936812168,25210,787,8.59396750031681,1.432327916719468,0.0,0.0,1.432327916719468,2933.4075734414705,0.0,8.59396750031681,17600.445440648826,17813.31059780158,17813.31059780158,0.0,309780480.0
2.111264729499817,8.258679678181679,25240,788,8.632171033727415,1.4386951722879027,0.0,0.0,1.4386951722879027,2946.4477128456247,0.0,8.632171033727415,17678.686277073746,17834.280988514423,17834.280988514423,0.0,310149120.0
3.455835771560669,31.68475883957647,25270,789,8.620498788841807,1.4367497981403012,0.0,0.0,1.4367497981403012,2942.463586591337,0.0,8.620498788841807,17654.78151954802,17855.249127278104,17855.249127278104,0.0,310517760.0
1.7236243307590484,5.604805365466191,25310,790,8.627770633276063,1.437961772212677,0.0,0.0,1.437961772212677,2944.9457094915624,0.0,8.627770633276063,17669.674256949376,17883.126196155325,17883.126196155325,0.0,311009280.0
2.1274763226509092,8.393657177066327,25340,791,8.627921466586344,1.437986911097724,0.0,0.0,1.437986911097724,2944.9971939281386,0.0,8.627921466586344,17669.98316356883,17904.04653312452,17904.04653312452,0.0,311377920.0
2.6175766348838807,13.702477212018037,25370,792,8.64182331393514,1.4403038856558565,0.0,0.0,1.4403038856558565,2949.742357823194,0.0,8.64182331393514,17698.454146939166,17925.001119444147,17925.001119444147,0.0,311746560.0
2.400884168804623,11.032927039304113,25400,793,8.64032738910449,1.4400545648507483,0.0,0.0,1.4400545648507483,2949.2317488143326,0.0,8.64032738910449,17695.390492885996,17945.937963111326,17945.937963111326,0.0,312115200.0
2.277577576041222,9.7530258069729,25430,794,8.64904705765455,1.4415078429424253,0.0,0.0,1.4415078429424253,2952.208062346087,0.0,8.64904705765455,17713.24837407652,17966.856211852282,17966.856211852282,0.0,312483840.0
2.2104925394058226,9.12020734847165,25470,795,8.60837299236849,1.434728832061415,0.0,0.0,1.434728832061415,2938.324648061778,0.0,8.60837299236849,17629.94788837067,17994.744238974527,17994.744238974527,0.0,312975360.0
1.5908103570342065,4.90772432629298,25500,796,8.628325729101052,1.4380542881835086,0.0,0.0,1.4380542881835086,2945.1351821998255,0.0,8.628325729101052,17670.811093198954,18015.659666351974,18015.659666351974,0.0,313344000.0
2.5151774644851685,12.368803607718762,25530,797,8.622854292776314,1.4371423821293856,0.0,0.0,1.4371423821293856,2943.2675986009817,0.0,8.622854292776314,17659.60559160589,18036.715611986816,18036.715611986816,0.0,313712640.0
2.106841988861561,8.222234333511938,25560,798,8.642676606657107,1.4404461011095178,0.0,0.0,1.4404461011095178,2950.0336150722924,0.0,8.642676606657107,17700.201690433754,18057.73817035742,18057.73817035742,0.0,314081280.0
3.298055350780487,27.05996558072598,25590,799,8.615851129636955,1.435975188272826,0.0,0.0,1.435975188272826,2940.8771855827476,0.0,8.615851129636955,17645.263113496483,18078.725642520934,18078.725642520934,0.0,314449920.0
2.6601981043815615,14.29912153673805,25630,800,2.916465519854288,0.4860775866423814,0.0,0.0,0.4860775866423814,995.4868974435971,0.0,2.916465519854288,5972.921384661582,18166.16391484812,18166.16391484812,0.0,314941440.0
2.501644942164421,12.202549949635811,25660,801,8.687270816707073,1.4478784694511788,0.0,0.0,1.4478784694511788,2965.255105436014,0.0,8.687270816707073,17791.530632616086,18186.993265423924,18186.993265423924,0.0,315310080.0
2.9371600329875944,18.862202142607796,25690,802,8.693400488862272,1.4489000814770454,0.0,0.0,1.4489000814770454,2967.347366864989,0.0,8.693400488862272,17804.084201189933,18207.810926567763,18207.810926567763,0.0,315678720.0
1.506438422203064,4.51063716678983,25720,803,8.606634768398443,1.4344391280664073,0.0,0.0,1.4344391280664073,2937.731334280002,0.0,8.606634768398443,17626.38800568001,18228.70322985947,18228.70322985947,0.0,316047360.0
2.6367145419120788,13.967239362748849,25750,804,8.594650384989974,1.4324417308316622,0.0,0.0,1.4324417308316622,2933.640664743244,0.0,8.594650384989974,17601.843988459466,18249.690763551742,18249.690763551742,0.0,316416000.0
1.9229262113571166,6.840947266890092,25790,805,8.617617020606072,1.4362695034343456,0.0,0.0,1.4362695034343456,2941.4799430335397,0.0,8.617617020606072,17648.879658201236,18277.684854611754,18277.684854611754,0.0,316907520.0
2.1978695690631866,9.005806798009734,25820,806,8.59958172891069,1.433263621485115,0.0,0.0,1.433263621485115,2935.3238968015157,0.0,8.59958172891069,17611.943380809094,18298.681472392753,18298.681472392753,0.0,317276160.0
2.278993844985962,9.766848500555907,25850,807,8.59295455723596,1.4321590928726597,0.0,0.0,1.4321590928726597,2933.061822203207,0.0,8.59295455723596,17598.370933219245,18319.68259950541,18319.68259950541,0.0,317644800.0
1.9588807195425033,7.0913853724310645,25880,808,8.611900219525257,1.4353167032542096,0.0,0.0,1.4353167032542096,2939.528608264621,0.0,8.611900219525257,17637.171649587726,18340.690687377006,18340.690687377006,0.0,318013440.0
1.3914873093366622,4.0208258197686,25910,809,8.634147632954827,1.4390246054924714,0.0,0.0,1.4390246054924714,2947.1223920485813,0.0,8.634147632954827,17682.734352291485,18361.688308732584,18361.688308732584,0.0,318382080.0
2.563485324382782,12.980981495233243,25950,810,8.633377945511715,1.4388963242519526,0.0,0.0,1.4388963242519526,2946.859672067999,0.0,8.633377945511715,17681.15803240799,18389.641093643382,18389.641093643382,0.0,318873600.0
2.8072367548942565,16.564084297904444,25980,811,8.603376105336093,1.4338960175560154,0.0,0.0,1.4338960175560154,2936.6190439547195,0.0,8.603376105336093,17619.714263728318,18410.604843502864,18410.604843502864,0.0,319242240.0
1.783553993701935,5.950968584987317,26010,812,8.647088596316339,1.4411814327193897,0.0,0.0,1.4411814327193897,2951.53957420931,0.0,8.647088596316339,17709.23744525586,18431.56255654432,18431.56255654432,0.0,319610880.0
2.4734920382499697,11.863803455655754,26040,813,8.617717435083605,1.4362862391806008,0.0,0.0,1.4362862391806008,2941.5142178418705,0.0,8.617717435083605,17649.085307051224,18452.531477235258,18452.531477235258,0.0,319979520.0
2.7590524405241013,15.784878748211497,26070,814,8.585584333655365,1.4309307222758942,0.0,0.0,1.4309307222758942,2930.5461192210314,0.0,8.585584333655365,17583.27671532619,18473.646672859788,18473.646672859788,0.0,320348160.0
1.9301182508468628,6.890324980172645,26110,815,8.599917031693709,1.4333195052822847,0.0,0.0,1.4333195052822847,2935.438346818119,0.0,8.599917031693709,17612.630080908715,18501.910680748522,18501.910680748522,0.0,320839680.0
3.0280806005001066,20.65754443240716,26140,816,8.594394200232117,1.4323990333720193,0.0,0.0,1.4323990333720193,2933.5532203458956,0.0,8.594394200232117,17601.319322075375,18522.904338546097,18522.904338546097,0.0,321208320.0
1.791998153924942,6.001432279106075,26170,817,8.60762814549494,1.4346046909158234,0.0,0.0,1.4346046909158234,2938.0704069956064,0.0,8.60762814549494,17628.42244197364,18543.869942463934,18543.869942463934,0.0,321576960.0
2.4598746836185454,11.703344827256542,26200,818,8.573913696958641,1.4289856161597736,0.0,0.0,1.4289856161597736,2926.5625418952163,0.0,8.573913696958641,17559.375251371297,18564.831825023517,18564.831825023517,0.0,321945600.0
3.6968366682529448,40.319558276249666,26230,819,8.588288938426775,1.4313814897377957,0.0,0.0,1.4313814897377957,2931.4692909830055,0.0,8.588288938426775,17588.815745898035,18585.867330783978,18585.867330783978,0.0,322314240.0
2.2299802958965302,9.299682835765433,26270,820,8.619160717975655,1.4365267863292759,0.0,0.0,1.4365267863292759,2942.006858402357,0.0,8.619160717975655,17652.04115041414,18613.959397276863,18613.959397276863,0.0,322805760.0
2.9505893155932426,19.11721648302002,26300,821,8.628583409167787,1.4380972348612977,0.0,0.0,1.4380972348612977,2945.2231369959377,0.0,8.628583409167787,17671.338821975627,18634.91170086153,18634.91170086153,0.0,323174400.0
2.0138047635555267,7.491767594075599,26330,822,8.633503162814328,1.4389171938023881,0.0,0.0,1.4389171938023881,2946.902412907291,0.0,8.633503162814328,17681.414477443745,18656.005276588723,18656.005276588723,0.0,323543040.0
2.319226787984371,10.167809393447065,26360,823,8.616354621475537,1.4360591035792563,0.0,0.0,1.4360591035792563,2941.049044130317,0.0,8.616354621475537,17646.2942647819,18676.93795679137,18676.93795679137,0.0,323911680.0
2.4750341296195986,11.88211263816352,26390,824,8.624614777493077,1.4374357962488462,0.0,0.0,1.4374357962488462,2943.868510717637,0.0,8.624614777493077,17663.211064305822,18697.897694833577,18697.897694833577,0.0,324280320.0
2.931789219379425,18.76116833041224,26430,825,8.59625093379947,1.4327084889665782,0.0,0.0,1.4327084889665782,2934.186985403552,0.0,8.59625093379947,17605.121912421313,18725.83287559636,18725.83287559636,0.0,324771840.0
2.8583405733108522,17.43257484133171,26460,826,8.562878590107722,1.4271464316846205,0.0,0.0,1.4271464316846205,2922.795892090103,0.0,8.562878590107722,17536.775352540615,18746.817667923868,18746.817667923868,0.0,325140480.0
1.777360886335373,5.914227485823769,26490,827,8.622203683625647,1.4370339472709412,0.0,0.0,1.4370339472709412,2943.0455240108877,0.0,8.622203683625647,17658.273144065326,18767.77504985407,18767.77504985407,0.0,325509120.0
2.8235501527786253,16.83651690462332,26520,828,8.61840266987506,1.4364004449791767,0.0,0.0,1.4364004449791767,2941.748111317354,0.0,8.61840266987506,17650.488667904123,18788.7724820897,18788.7724820897,0.0,325877760.0
2.2287210822105408,9.28797991764697,26550,829,8.629604608236717,1.4382674347061195,0.0,0.0,1.4382674347061195,2945.5717062781328,0.0,8.629604608236717,17673.430237668796,18809.77891600877,18809.77891600877,0.0,326246400.0
2.6233793914318086,13.782220493046568,26590,830,8.599672941903025,1.433278823650504,0.0,0.0,1.433278823650504,2935.3550308362323,0.0,8.599672941903025,17612.130185017395,18837.755184724927,18837.755184724927,0.0,326737920.0
2.3336204290390015,10.315219531486418,26620,831,8.616283727592759,1.4360472879321264,0.0,0.0,1.4360472879321264,2941.024845684995,0.0,8.616283727592759,17646.14907410997,18858.726964311674,18858.726964311674,0.0,327106560.0
2.728002870082855,15.302295810001613,26650,832,8.591130798142652,1.4318551330237752,0.0,0.0,1.4318551330237752,2932.4393124326916,0.0,8.591130798142652,17594.63587459615,18879.695896821097,18879.695896821097,0.0,327475200.0
2.9756352603435516,19.60207171398082,26680,833,8.642273467653553,1.440378911275592,0.0,0.0,1.440378911275592,2949.8960102924125,0.0,8.642273467653553,17699.376061754476,18900.660841835663,18900.660841835663,0.0,327843840.0
3.224726402759552,25.14669314869713,26710,834,8.632887130560555,1.4388145217600923,0.0,0.0,1.4388145217600923,2946.692140564669,0.0,8.632887130560555,17680.152843388016,18921.629321623594,18921.629321623594,0.0,328212480.0
2.0178329229354857,7.522006490641379,26750,835,8.619325088474818,1.4365541814124696,0.0,0.0,1.4365541814124696,2942.0629635327377,0.0,8.619325088474818,17652.37778119643,18949.567960349843,18949.567960349843,0.0,328704000.0
3.7254694908857346,41.49070768191964,26780,836,8.632931968642813,1.4388219947738023,0.0,0.0,1.4388219947738023,2946.707445296747,0.0,8.632931968642813,17680.24467178048,18970.52166660875,18970.52166660875,0.0,329072640.0
1.4880804538726806,4.428586478843899,26810,837,8.634303445354146,1.4390505742256907,0.0,0.0,1.4390505742256907,2947.1755760142146,0.0,8.634303445354146,17683.05345608529,18991.459100067616,18991.459100067616,0.0,329441280.0
2.7215450763702393,15.203795131178458,26840,838,8.630095292771008,1.4383492154618347,0.0,0.0,1.4383492154618347,2945.7391932658375,0.0,8.630095292771008,17674.435159595025,19012.561205808073,19012.561205808073,0.0,329809920.0
2.5699615478515625,13.065322041572927,26870,839,8.630393658835983,1.4383989431393307,0.0,0.0,1.4383989431393307,2945.8410355493493,0.0,8.630393658835983,17675.046213296093,19033.686848849058,19033.686848849058,0.0,330178560.0
2.4834661364555357,11.982726284506187,26910,840,8.633601784265021,1.4389336307108371,0.0,0.0,1.4389336307108371,2946.9360756957944,0.0,8.633601784265021,17681.616454174764,19061.864417023957,19061.864417023957,0.0,330670080.0
3.3604257702827454,28.80145107101079,26940,841,8.601020768773648,1.4335034614622746,0.0,0.0,1.4335034614622746,2935.8150890747384,0.0,8.601020768773648,17614.89053444843,19082.814710024744,19082.814710024744,0.0,331038720.0
1.6151753813028336,5.028769798333189,26970,842,8.618190709150463,1.4363651181917438,0.0,0.0,1.4363651181917438,2941.6757620566914,0.0,8.618190709150463,17650.05457234015,19103.88263713941,19103.88263713941,0.0,331407360.0
2.372514307498932,10.724322659184768,27000,843,8.600232292274217,1.4333720487123696,0.0,0.0,1.4333720487123696,2935.545955762933,0.0,8.600232292274217,17613.275734577597,19124.833071000874,19124.833071000874,0.0,331776000.0
2.9013362526893616,18.198446852915147,27030,844,8.61177125368546,1.4352952089475768,0.0,0.0,1.4352952089475768,2939.4845879246373,0.0,8.61177125368546,17636.90752754782,19145.823208617046,19145.823208617046,0.0,332144640.0
1.7052228033542634,5.502611530949452,27070,845,8.612821016387677,1.4354701693979461,0.0,0.0,1.4354701693979461,2939.8429069269937,0.0,8.612821016387677,17639.057441561963,19173.76454371959,19173.76454371959,0.0,332636160.0
2.0867527961730956,8.058704375761033,27100,846,8.625468878636191,1.4375781464393653,0.0,0.0,1.4375781464393653,2944.16004390782,0.0,8.625468878636191,17664.96026344692,19194.73577205278,19194.73577205278,0.0,333004800.0
2.6448594272136687,14.081465473150839,27130,847,8.611340121630368,1.4352233536050614,0.0,0.0,1.4352233536050614,2939.3374281831657,0.0,8.611340121630368,17636.024569098994,19215.717255674303,19215.717255674303,0.0,333373440.0
3.1191414296627045,22.626944477788758,27160,848,8.61640793094062,1.4360679884901033,0.0,0.0,1.4360679884901033,2941.0672404277316,0.0,8.61640793094062,17646.40344256639,19236.684054704383,19236.684054704383,0.0,333742080.0
2.3314112424850464,10.292456440411677,27190,849,8.631021291466878,1.4385035485778128,0.0,0.0,1.4385035485778128,2946.0552674873607,0.0,8.631021291466878,17676.331604924166,19257.68110426888,19257.68110426888,0.0,334110720.0
2.251766711473465,9.504512743731427,27230,850,8.634100363836321,1.4390167273060537,0.0,0.0,1.4390167273060537,2947.106257522798,0.0,8.634100363836321,17682.637545136786,19285.62797938101,19285.62797938101,0.0,334602240.0
2.302487850189209,9.999027619230915,27260,851,8.614558273076597,1.4357597121794328,0.0,0.0,1.4357597121794328,2940.4358905434783,0.0,8.614558273076597,17642.61534326087,19306.585137858987,19306.585137858987,0.0,334970880.0
1.3126659452915193,3.716067350657511,27290,852,8.62119310705894,1.4368655178431566,0.0,0.0,1.4368655178431566,2942.700580542785,0.0,8.62119310705894,17656.203483256708,19327.529968908057,19327.529968908057,0.0,335339520.0
2.7666518330574035,15.905291189119906,27320,853,8.602070151712072,1.4336783586186785,0.0,0.0,1.4336783586186785,2936.1732784510536,0.0,8.602070151712072,17617.039670706323,19348.50493630767,19348.50493630767,0.0,335708160.0
2.3773966491222382,10.77681049359099,27350,854,8.59176700970076,1.43196116828346,0.0,0.0,1.43196116828346,2932.6564726445263,0.0,8.59176700970076,17595.938835867157,19369.469255782664,19369.469255782664,0.0,336076800.0
2.653491014242172,14.20353694523557,27390,855,8.614384892527232,1.4357308154212054,0.0,0.0,1.4357308154212054,2940.3767099826287,0.0,8.614384892527232,17642.26025989577,19397.562986236066,19397.562986236066,0.0,336568320.0
1.8146153390407562,6.1387143994627476,27420,856,8.627026873632365,1.4378378122720608,0.0,0.0,1.4378378122720608,2944.6918395331804,0.0,8.627026873632365,17668.151037199084,19418.642664236948,19418.642664236948,0.0,336936960.0
3.052108359336853,21.159910119848217,27450,857,8.585319078674935,1.4308865131124893,0.0,0.0,1.4308865131124893,2930.455578854378,0.0,8.585319078674935,17582.733473126267,19439.749614804983,19439.749614804983,0.0,337305600.0
3.833828866481781,46.239243617706975,27480,858,8.587857120659656,1.4313095201099426,0.0,0.0,1.4313095201099426,2931.3218971851625,0.0,8.587857120659656,17587.931383110976,19460.88450020738,19460.88450020738,0.0,337674240.0
2.389501142501831,10.908051022491005,27510,859,8.608347733022967,1.4347246221704943,0.0,0.0,1.4347246221704943,2938.3160262051724,0.0,8.608347733022967,17629.896157231036,19481.88878273219,19481.88878273219,0.0,338042880.0
2.6547255396842955,14.22108240088995,27550,860,8.576237174863488,1.429372862477248,0.0,0.0,1.429372862477248,2927.3556223534038,0.0,8.576237174863488,17564.133734120423,19509.81969646737,19509.81969646737,0.0,338534400.0
2.7769184589385985,16.069425976822426,27580,861,8.588570280433812,1.431428380072302,0.0,0.0,1.431428380072302,2931.5653223880745,0.0,8.588570280433812,17589.391934328447,19530.78272732161,19530.78272732161,0.0,338903040.0
1.3805330531671642,3.977021026222368,27610,862,8.638817907532543,1.4398029845887572,0.0,0.0,1.4398029845887572,2948.716512437775,0.0,8.638817907532543,17692.299074626648,19551.759053548798,19551.759053548798,0.0,339271680.0
2.960349851846695,19.304724367696934,27640,863,8.557790708550776,1.4262984514251291,0.0,0.0,1.4262984514251291,2921.0592285186644,0.0,8.557790708550776,17526.35537111199,19572.783939586952,19572.783939586952,0.0,339640320.0
3.3846747517585754,29.508393602062288,27670,864,8.559144905565335,1.426524150927556,0.0,0.0,1.426524150927556,2921.5214610996345,0.0,8.559144905565335,17529.128766597805,19593.986243275926,19593.986243275926,0.0,340008960.0
2.88755441904068,17.94935927014552,27710,865,8.61754021565775,1.436256702609625,0.0,0.0,1.436256702609625,2941.453726944512,0.0,8.61754021565775,17648.72236166707,19621.981625420973,19621.981625420973,0.0,340500480.0
2.858517014980316,17.43565094530825,27740,866,8.615241392624304,1.435873565437384,0.0,0.0,1.435873565437384,2940.6690620157624,0.0,8.615241392624304,17644.014372094574,19642.977668661624,19642.977668661624,0.0,340869120.0
1.6087027370929718,4.996325474170249,27770,867,8.618119819636153,1.4363533032726923,0.0,0.0,1.4363533032726923,2941.651565102474,0.0,8.618119819636153,17649.90939061484,19663.978564780205,19663.978564780205,0.0,341237760.0
2.6309661269187927,13.887180201680083,27800,868,8.580905397222413,1.4301508995370686,0.0,0.0,1.4301508995370686,2928.9490422519166,0.0,8.580905397222413,17573.6942535115,19685.006153956056,19685.006153956056,0.0,341606400.0
3.0051642090082167,20.18953112668369,27830,869,8.562600510643492,1.4271000851072486,0.0,0.0,1.4271000851072486,2922.700974299645,0.0,8.562600510643492,17536.20584579787,19706.06754586287,19706.06754586287,0.0,341975040.0
2.4418558359146116,11.494352593387257,27870,870,8.616202970832967,1.4360338284721612,0.0,0.0,1.4360338284721612,2940.997280710986,0.0,8.616202970832967,17645.983684265917,19734.058531023562,19734.058531023562,0.0,342466560.0
2.6336454927921293,13.924438930983193,27900,871,8.60538036627174,1.43423006104529,0.0,0.0,1.43423006104529,2937.303165020754,0.0,8.60538036627174,17623.818990124524,19755.078517615795,19755.078517615795,0.0,342835200.0
3.7551420092582704,42.740288896333446,27930,872,8.565850014356899,1.4276416690594833,0.0,0.0,1.4276416690594833,2923.810138233822,0.0,8.565850014356899,17542.86082940293,19776.11859962903,19776.11859962903,0.0,343203840.0
3.265984833240509,26.20590673453494,27960,873,8.570917953499851,1.4284863255833087,0.0,0.0,1.4284863255833087,2925.539994794616,0.0,8.570917953499851,17553.239968767695,19797.131876423955,19797.131876423955,0.0,343572480.0
1.935172200202942,6.9252364798347115,27990,874,8.579851973233753,1.4299753288722923,0.0,0.0,1.4299753288722923,2928.5894735304546,0.0,8.579851973233753,17571.536841182726,19818.10010571778,19818.10010571778,0.0,343941120.0
1.6789213597774506,5.35977158683079,28030,875,8.594944803064308,1.432490800510718,0.0,0.0,1.432490800510718,2933.7411594459504,0.0,8.594944803064308,17602.446956675703,19846.100199559703,19846.100199559703,0.0,344432640.0
2.7042533099651336,14.943154619097365,28060,876,8.608539884911664,1.4347566474852773,0.0,0.0,1.4347566474852773,2938.381614049848,0.0,8.608539884911664,17630.28968429909,19867.106691120192,19867.106691120192,0.0,344801280.0
1.714615024626255,5.554536740842866,28090,877,8.591629903868137,1.4319383173113562,0.0,0.0,1.4319383173113562,2932.6096738536576,0.0,8.591629903868137,17595.658043121945,19888.27564219199,19888.27564219199,0.0,345169920.0
2.8433563470840455,17.17330849995664,28120,878,8.568996808140433,1.4281661346900723,0.0,0.0,1.4281661346900723,2924.884243845268,0.0,8.568996808140433,17549.305463071607,19909.29269338399,19909.29269338399,0.0,345538560.0
2.2511095881462095,9.498269158320804,28150,879,8.59433202521957,1.4323886708699285,0.0,0.0,1.4323886708699285,2933.5319979416136,0.0,8.59433202521957,17601.19198764968,19930.34136168845,19930.34136168845,0.0,345907200.0
2.164712244272232,8.712094600998999,28190,880,8.604327406097713,1.4340545676829521,0.0,0.0,1.4340545676829521,2936.943754614686,0.0,8.604327406097713,17621.662527688117,19958.713414041325,19958.713414041325,0.0,346398720.0
3.3209982097148893,27.687975174447686,28220,881,8.600267917105617,1.4333779861842695,0.0,0.0,1.4333779861842695,2935.558115705384,0.0,8.600267917105617,17613.348694232303,19979.710973491892,19979.710973491892,0.0,346767360.0
3.62545303106308,37.54172687614085,28250,882,8.544617461367302,1.4241029102278837,0.0,0.0,1.4241029102278837,2916.562760146706,0.0,8.544617461367302,17499.376560880235,20000.838919196278,20000.838919196278,0.0,347136000.0
2.234831303358078,9.344905265080598,28280,883,8.636410097173176,1.439401682862196,0.0,0.0,1.439401682862196,2947.8946465017775,0.0,8.636410097173176,17687.367879010664,20021.826176019385,20021.826176019385,0.0,347504640.0
3.3093941688537596,27.368539734534068,28310,884,8.595432907061411,1.432572151176902,0.0,0.0,1.432572151176902,2933.9077656102954,0.0,8.595432907061411,17603.44659366177,20042.948776645586,20042.948776645586,0.0,347873280.0
2.1245468735694883,8.36910436642218,28350,885,8.602529773772535,1.4337549622954224,0.0,0.0,1.4337549622954224,2936.330162781025,0.0,8.602529773772535,17617.98097668615,20070.907906778157,20070.907906778157,0.0,348364800.0
2.3247379839420317,10.2240008824013,28380,886,8.587118143193432,1.4311863571989054,0.0,0.0,1.4311863571989054,2931.0696595433583,0.0,8.587118143193432,17586.41795726015,20091.934680787846,20091.934680787846,0.0,348733440.0
1.8521898806095123,6.373762028694382,28410,887,8.62102441994516,1.4368374033241933,0.0,0.0,1.4368374033241933,2942.643002007948,0.0,8.62102441994516,17655.858012047687,20112.952647039667,20112.952647039667,0.0,349102080.0
3.8224100887775423,45.71425106465694,28440,888,8.565299238216626,1.4275498730361045,0.0,0.0,1.4275498730361045,2923.622139977942,0.0,8.565299238216626,17541.73283986765,20133.99733682908,20133.99733682908,0.0,349470720.0
3.562310242652893,35.244526572146206,28470,889,8.602530210273157,1.4337550350455261,0.0,0.0,1.4337550350455261,2936.3303117732376,0.0,8.602530210273157,17617.981870639425,20155.058452151716,20155.058452151716,0.0,349839360.0
2.8566657066345216,17.40340203974352,28510,890,8.583949953654445,1.4306583256090741,0.0,0.0,1.4306583256090741,2929.988250847384,0.0,8.583949953654445,17579.929505084303,20183.064905855805,20183.064905855805,0.0,350330880.0
2.415765832364559,11.19834312807807,28540,891,8.579143436536361,1.429857239422727,0.0,0.0,1.429857239422727,2928.3476263377447,0.0,8.579143436536361,17570.085758026467,20204.085333693773,20204.085333693773,0.0,350699520.0
4.7335569947958,113.69927164460238,28570,892,8.583683026981985,1.4306138378303308,0.0,0.0,1.4306138378303308,2929.8971398765175,0.0,8.583683026981985,17579.382839259106,20225.12105325237,20225.12105325237,0.0,351068160.0
1.735226559638977,5.670212299543548,28600,893,8.611720177235563,1.4352866962059272,0.0,0.0,1.4352866962059272,2939.467153829739,0.0,8.611720177235563,17636.802922978433,20246.133330352604,20246.133330352604,0.0,351436800.0
2.287503558397293,9.8503162217268,28630,894,8.579025000506556,1.429837500084426,0.0,0.0,1.429837500084426,2928.3072001729042,0.0,8.579025000506556,17569.843201037427,20267.149904761463,20267.149904761463,0.0,351805440.0
2.9337832927703857,18.798616802054713,28670,895,8.547240748383233,1.4245401247305387,0.0,0.0,1.4245401247305387,2917.4581754481433,0.0,8.547240748383233,17504.74905268886,20295.336464796215,20295.336464796215,0.0,352296960.0
1.7704006552696228,5.873206020990285,28700,896,8.5997362158831,1.43328936931385,0.0,0.0,1.43328936931385,2935.3766283547648,0.0,8.5997362158831,17612.25977012859,20316.50167283602,20316.50167283602,0.0,352665600.0
3.7867523550987245,44.11290434132185,28730,897,8.596450277218585,1.4327417128697642,0.0,0.0,1.4327417128697642,2934.255027957277,0.0,8.596450277218585,17605.530167743662,20337.528651004657,20337.528651004657,0.0,353034240.0
2.9929210424423216,19.943854333964875,28760,898,8.579373897494618,1.4298956495824364,0.0,0.0,1.4298956495824364,2928.42629034483,0.0,8.579373897494618,17570.557742068977,20358.649132825434,20358.649132825434,0.0,353402880.0
2.1906827330589294,8.941315563015294,28790,899,7.9013265457553645,1.3168877576258942,0.0,0.0,1.3168877576258942,2696.9861276178312,0.0,7.9013265457553645,16181.916765706987,20379.79975059256,20379.79975059256,0.0,353771520.0
1.7715727865695954,5.880094225750238,28830,900,8.60028854818547,1.4333814246975782,0.0,0.0,1.4333814246975782,2935.56515778064,0.0,8.60028854818547,17613.39094668384,20407.802356908098,20407.802356908098,0.0,354263040.0
1.9541430711746215,7.057868340742247,28860,901,8.582892386016557,1.4304820643360927,0.0,0.0,1.4304820643360927,2929.627267760318,0.0,8.582892386016557,17577.763606561908,20428.815361060202,20428.815361060202,0.0,354631680.0
2.5609688431024553,12.948356166032461,28890,902,8.58740213276144,1.4312336887935733,0.0,0.0,1.4312336887935733,2931.166594649238,0.0,8.58740213276144,17586.99956789543,20449.814940206707,20449.814940206707,0.0,355000320.0
2.510218012332916,12.307612979463356,28920,903,8.636573320079556,1.439428886679926,0.0,0.0,1.439428886679926,2947.9503599204886,0.0,8.636573320079556,17687.70215952293,20470.793911643326,20470.793911643326,0.0,355368960.0
3.0442037105560305,20.993307796035015,28950,904,8.552337773943139,1.4253896289905232,0.0,0.0,1.4253896289905232,2919.1979601725916,0.0,8.552337773943139,17515.187761035548,20491.792453022674,20491.792453022674,0.0,355737600.0
2.803756684064865,16.506540297997226,28990,905,8.594893868681947,1.4324823114469911,0.0,0.0,1.4324823114469911,2933.723773843438,0.0,8.594893868681947,17602.342643060627,20519.753847103566,20519.753847103566,0.0,356229120.0
2.4718886852264403,11.844796831750282,29020,906,8.586739809586446,1.431123301597741,0.0,0.0,1.431123301597741,2930.9405216721734,0.0,8.586739809586446,17585.64313003304,20540.910359211266,20540.910359211266,0.0,356597760.0
3.1449644327163697,23.21884962718763,29050,907,8.602696887827555,1.433782814637926,0.0,0.0,1.433782814637926,2936.3872043784722,0.0,8.602696887827555,17618.323226270833,20561.904802018777,20561.904802018777,0.0,356966400.0
2.9974457204341887,20.034298313381615,29080,908,8.632094570563712,1.4386824284272852,0.0,0.0,1.4386824284272852,2946.42161341908,0.0,8.632094570563712,17678.529680514483,20582.898641567677,20582.898641567677,0.0,357335040.0
2.2164058923721313,9.1742981249566,29110,909,8.59930368241659,1.433217280402765,0.0,0.0,1.433217280402765,2935.2289902648627,0.0,8.59930368241659,17611.373941589176,20603.900162791833,20603.900162791833,0.0,357703680.0
2.656326401233673,14.24386661721812,29150,910,8.633240005902353,1.438873334317059,0.0,0.0,1.438873334317059,2946.812588681337,0.0,8.633240005902353,17680.87553208802,20631.8680288326,20631.8680288326,0.0,358195200.0
2.001027649641037,7.396653362772449,29180,911,8.583567038741272,1.4305945064568788,0.0,0.0,1.4305945064568788,2929.857549223688,0.0,8.583567038741272,17579.145295342125,20652.850355371833,20652.850355371833,0.0,358563840.0
2.520703336596489,12.43734122527869,29210,912,8.574894923728568,1.4291491539547612,0.0,0.0,1.4291491539547612,2926.897467299351,0.0,8.574894923728568,17561.384803796107,20673.85659683682,20673.85659683682,0.0,358932480.0
2.3652421832084656,10.646616937157908,29240,913,8.582984228699347,1.4304973714498912,0.0,0.0,1.4304973714498912,2929.658616729377,0.0,8.582984228699347,17577.951700376263,20694.867642061785,20694.867642061785,0.0,359301120.0
2.9157492876052857,18.462641049382317,29270,914,8.577568471649036,1.4295947452748392,0.0,0.0,1.4295947452748392,2927.8100383228707,0.0,8.577568471649036,17566.860229937225,20715.926084423438,20715.926084423438,0.0,359669760.0
2.7936418652534485,16.340421182352944,29310,915,8.581521245686671,1.4302535409477788,0.0,0.0,1.4302535409477788,2929.159251861051,0.0,8.581521245686671,17574.955511166303,20744.075407879427,20744.075407879427,0.0,360161280.0
2.217342859506607,9.182898169131771,29340,916,8.640981385396474,1.4401635642327457,0.0,0.0,1.4401635642327457,2949.4549795486632,0.0,8.640981385396474,17696.72987729198,20765.091526484117,20765.091526484117,0.0,360529920.0
2.698984053730965,14.864622393376774,29370,917,8.561165662323216,1.4268609437205362,0.0,0.0,1.4268609437205362,2922.211212739658,0.0,8.561165662323216,17533.267276437946,20786.09433971159,20786.09433971159,0.0,360898560.0
2.69000523686409,14.731753068429189,29400,918,8.624265712478586,1.4373776187464309,0.0,0.0,1.4373776187464309,2943.7493631926905,0.0,8.624265712478586,17662.496179156144,20807.11078335531,20807.11078335531,0.0,361267200.0
2.2299020648002625,9.298955339839022,29430,919,8.556970517429237,1.426161752904873,0.0,0.0,1.426161752904873,2920.7792699491797,0.0,8.556970517429237,17524.675619695077,20828.13797879219,20828.13797879219,0.0,361635840.0
1.9239906191825866,6.848232701343475,29470,920,8.604542960547631,1.4340904934246053,0.0,0.0,1.4340904934246053,2937.0173305335916,0.0,8.604542960547631,17622.10398320155,20856.25627440028,20856.25627440028,0.0,362127360.0
2.587710511684418,13.29928815592462,29500,921,8.579294025353057,1.4298823375588428,0.0,0.0,1.4298823375588428,2928.39902732051,0.0,8.579294025353057,17570.39416392306,20877.233332768083,20877.233332768083,0.0,362496000.0
2.3631062269210816,10.623900498068686,29530,922,8.593931343003252,1.4323218905005421,0.0,0.0,1.4323218905005421,2933.3952317451103,0.0,8.593931343003252,17600.37139047066,20898.402339199558,20898.402339199558,0.0,362864640.0
1.923166388273239,6.842590501833661,29560,923,8.621246349506666,1.4368743915844444,0.0,0.0,1.4368743915844444,2942.718753964942,0.0,8.621246349506666,17656.312523789653,20919.394959336147,20919.394959336147,0.0,363233280.0
2.744067335128784,15.550104130978719,29590,924,8.627159416037575,1.437859902672929,0.0,0.0,1.437859902672929,2944.7370806741587,0.0,8.627159416037575,17668.422484044953,20940.485371381044,20940.485371381044,0.0,363601920.0
2.4229073941707613,11.278603037087612,29630,925,7.89868018442885,1.3164466974048084,0.0,0.0,1.3164466974048084,2696.0828362850475,0.0,7.89868018442885,16176.497017710284,20968.566934442148,20968.566934442148,0.0,364093440.0
2.5585832715034487,12.917503750263993,29660,926,8.588960684022066,1.431493447337011,0.0,0.0,1.431493447337011,2931.6985801461983,0.0,8.588960684022066,17590.19148087719,20989.5797119122,20989.5797119122,0.0,364462080.0
2.6071186006069182,13.559922953582593,29690,927,8.58118971894756,1.43019828649126,0.0,0.0,1.43019828649126,2929.0460907341003,0.0,8.58118971894756,17574.2765444046,21010.586537824944,21010.586537824944,0.0,364830720.0
3.0482893586158752,21.079254517774494,29720,928,8.582108372847012,1.4303513954745017,0.0,0.0,1.4303513954745017,2929.3596579317796,0.0,8.582108372847012,17576.15794759068,21031.59236061573,21031.59236061573,0.0,365199360.0
2.6776275992393495,14.5505326215463,29750,929,8.578379194964892,1.429729865827482,0.0,0.0,1.429729865827482,2928.086765214683,0.0,8.578379194964892,17568.5205912881,21052.62901913561,21052.62901913561,0.0,365568000.0
1.9451680511236191,6.994807241484127,29790,930,8.633323141668571,1.4388871902780953,0.0,0.0,1.4388871902780953,2946.840965689539,0.0,8.633323141668571,17681.045794137233,21080.62650097534,21080.62650097534,0.0,366059520.0
3.582539302110672,35.9647503602974,29820,931,8.58724783679615,1.4312079727993585,0.0,0.0,1.4312079727993585,2931.1139282930862,0.0,8.58724783679615,17586.683569758516,21101.613741755486,21101.613741755486,0.0,366428160.0
2.2496093988418577,9.48403063942691,29850,932,8.6070252061949,1.4345042010324833,0.0,0.0,1.4345042010324833,2937.864603714526,0.0,8.6070252061949,17627.187622287154,21122.598051588982,21122.598051588982,0.0,366796800.0
2.1698626413941384,8.75708109767444,29880,933,8.593125001620601,1.4321875002701003,0.0,0.0,1.4321875002701003,2933.1200005531655,0.0,8.593125001620601,17598.72000331899,21143.58419356495,21143.58419356495,0.0,367165440.0
2.427080821990967,11.325771832092789,29910,934,8.614933405756824,1.4358222342928042,0.0,0.0,1.4358222342928042,2940.563935831663,0.0,8.614933405756824,17643.383614989976,21164.66376727447,21164.66376727447,0.0,367534080.0
2.465681439638138,11.771500986866924,29950,935,8.658001700359817,1.4430002833933027,0.0,0.0,1.4430002833933027,2955.264580389484,0.0,8.658001700359817,17731.587482336905,21192.729587953538,21192.729587953538,0.0,368025600.0
2.7528010308742523,15.68650880066184,29980,936,8.606915772874464,1.434485962145744,0.0,0.0,1.434485962145744,2937.8272504744837,0.0,8.606915772874464,17626.963502846902,21213.6793065276,21213.6793065276,0.0,368394240.0
2.25064178109169,9.493826840157718,30010,937,8.604286139747746,1.4340476899579577,0.0,0.0,1.4340476899579577,2936.9296690338974,0.0,8.604286139747746,17621.578014203384,21234.628945333883,21234.628945333883,0.0,368762880.0
1.9115513622760774,6.763573416357817,30040,938,8.630374628828271,1.4383957714713784,0.0,0.0,1.4383957714713784,2945.834539973383,0.0,8.630374628828271,17675.0072398403,21255.581691179425,21255.581691179425,0.0,369131520.0
2.464830148220062,11.761484273275016,30070,939,8.616179002222985,1.4360298337038309,0.0,0.0,1.4360298337038309,2940.9890994254456,0.0,8.616179002222985,17645.934596552674,21276.574761003256,21276.574761003256,0.0,369500160.0
2.3208636701107026,10.184466528070878,30110,940,8.593843071829069,1.432307178638178,0.0,0.0,1.432307178638178,2933.3651018509886,0.0,8.593843071829069,17600.190611105932,21304.64975128509,21304.64975128509,0.0,369991680.0
2.2902033030986786,9.876945490693057,30140,941,8.601075898185854,1.4335126496976425,0.0,0.0,1.4335126496976425,2935.833906580772,0.0,8.601075898185854,17615.00343948463,21325.754477590322,21325.754477590322,0.0,370360320.0
2.051225459575653,7.777426190210837,30170,942,8.636745244536332,1.4394575407560555,0.0,0.0,1.4394575407560555,2948.0090434684016,0.0,8.636745244536332,17688.054260810408,21346.694416688755,21346.694416688755,0.0,370728960.0
1.8645731449127196,6.453180724984213,30200,943,8.610224010866673,1.4350373351444456,0.0,0.0,1.4350373351444456,2938.9564623758247,0.0,8.610224010866673,17633.738774254947,21367.667747143656,21367.667747143656,0.0,371097600.0
3.5278792500495912,34.0516758955524,30230,944,8.619523485351953,1.4365872475586587,0.0,0.0,1.4365872475586587,2942.130683000133,0.0,8.619523485351953,17652.7840980008,21388.643232075498,21388.643232075498,0.0,371466240.0
2.3453961104154586,10.437406274160002,30270,945,8.615343606643703,1.4358906011072838,0.0,0.0,1.4358906011072838,2940.7039510677173,0.0,8.615343606643703,17644.223706406305,21416.57129025273,21416.57129025273,0.0,371957760.0
1.8758813560009002,6.526568816785146,30300,946,8.636700586821922,1.4394500978036537,0.0,0.0,1.4394500978036537,2947.993800301883,0.0,8.636700586821922,17687.962801811296,21437.524662096053,21437.524662096053,0.0,372326400.0
2.12530397772789,8.37544304935892,30330,947,8.620796284066886,1.4367993806778143,0.0,0.0,1.4367993806778143,2942.5651316281637,0.0,8.620796284066886,17655.390789768982,21458.4904895667,21458.4904895667,0.0,372695040.0
3.1879798263311385,24.239410129929038,30360,948,8.59594103445096,1.43265683907516,0.0,0.0,1.43265683907516,2934.0812064259276,0.0,8.59594103445096,17604.487238555565,21479.611948119476,21479.611948119476,0.0,373063680.0
2.853456902503967,17.347647432039853,30390,949,8.599491493546495,1.4332485822577492,0.0,0.0,1.4332485822577492,2935.2930964638704,0.0,8.599491493546495,17611.75857878322,21500.602824904025,21500.602824904025,0.0,373432320.0
1.9098555982112884,6.752113710833348,30430,950,8.639867508202025,1.439977918033671,0.0,0.0,1.439977918033671,2949.074776132958,0.0,8.639867508202025,17694.448656797747,21528.52977980487,21528.52977980487,0.0,373923840.0
2.1860830426216125,8.900282720853728,30460,951,8.601260789549418,1.4335434649249028,0.0,0.0,1.4335434649249028,2935.897016166201,0.0,8.601260789549418,17615.382096997208,21549.484817599878,21549.484817599878,0.0,374292480.0
2.2973679304122925,9.947964231743146,30490,952,8.622430463031856,1.4370717438386427,0.0,0.0,1.4370717438386427,2943.12293138154,0.0,8.622430463031856,17658.73758828924,21570.4275997784,21570.4275997784,0.0,374661120.0
2.3138689279556273,10.11347737556566,30520,953,8.612292528276503,1.435382088046084,0.0,0.0,1.435382088046084,2939.66251631838,0.0,8.612292528276503,17637.97509791028,21591.52194560133,21591.52194560133,0.0,375029760.0
3.3884739220142364,29.62071424084244,30550,954,8.601342288502744,1.4335570480837907,0.0,0.0,1.4335570480837907,2935.9248344756033,0.0,8.601342288502744,17615.54900685362,21612.487907949835,21612.487907949835,0.0,375398400.0
2.2826765835285188,9.802883563097764,30590,955,8.594077109048103,1.4323461848413506,0.0,0.0,1.4323461848413506,2933.444986555086,0.0,8.594077109048103,17600.669919330514,21640.410126840696,21640.410126840696,0.0,375889920.0
2.873824942111969,17.70460795452478,30620,956,8.59502193964596,1.4325036566076599,0.0,0.0,1.4325036566076599,2933.7674887324874,0.0,8.59502193964596,17602.604932394926,21661.379483839497,21661.379483839497,0.0,376258560.0
2.4419638216495514,11.49559388651948,30650,957,8.625454905336568,1.4375758175560946,0.0,0.0,1.4375758175560946,2944.155274354882,0.0,8.625454905336568,17664.93164612929,21682.323255253956,21682.323255253956,0.0,376627200.0
2.790933734178543,16.296229046029456,30680,958,8.611843615904561,1.435307269317427,0.0,0.0,1.435307269317427,2939.5092875620903,0.0,8.611843615904561,17637.055725372542,21703.275958966464,21703.275958966464,0.0,376995840.0
2.0495279133319855,7.764234849219665,30710,959,8.619885441338544,1.4366475735564241,0.0,0.0,1.4366475735564241,2942.2542306435566,0.0,8.619885441338544,17653.52538386134,21724.265578765422,21724.265578765422,0.0,377364480.0
3.279842737317085,26.571593651171458,30750,960,8.618640306557356,1.4364400510928927,0.0,0.0,1.4364400510928927,2941.8292246382443,0.0,8.618640306557356,17650.975347829466,21752.320250796154,21752.320250796154,0.0,377856000.0
1.751681923866272,5.764289623658049,30780,961,8.666728100795467,1.4444546834659113,0.0,0.0,1.4444546834659113,2958.2431917381864,0.0,8.666728100795467,17749.459150429117,21773.212119946256,21773.212119946256,0.0,378224640.0
2.7102835059165953,15.033537007456648,30810,962,8.637561333571165,1.4395935555951942,0.0,0.0,1.4395935555951942,2948.2876018589577,0.0,8.637561333571165,17689.725611153746,21794.151105880737,21794.151105880737,0.0,378593280.0
2.3319035172462463,10.297524404261043,30840,963,8.59561301440876,1.432602169068127,0.0,0.0,1.432602169068127,2933.969242251524,0.0,8.59561301440876,17603.81545350914,21815.11100015603,21815.11100015603,0.0,378961920.0
1.537810057401657,4.654386263223585,30870,964,8.634277790597617,1.4390462984329362,0.0,0.0,1.4390462984329362,2947.1668191906533,0.0,8.634277790597617,17683.00091514392,21836.22172749415,21836.22172749415,0.0,379330560.0
4.469874060153961,87.34572201394084,30910,965,8.59213049997614,1.4320217499960233,0.0,0.0,1.4320217499960233,2932.7805439918557,0.0,8.59213049997614,17596.683263951134,21864.144973151386,21864.144973151386,0.0,379822080.0
2.8427165329456328,17.162324288676594,30940,966,8.629852885533204,1.438308814255534,0.0,0.0,1.438308814255534,2945.6564515953337,0.0,8.629852885533204,17673.938709572,21885.201577350497,21885.201577350497,0.0,380190720.0
3.0651878237724306,21.43848826679576,30970,967,8.616136596547383,1.4360227660912304,0.0,0.0,1.4360227660912304,2940.97462495484,0.0,8.616136596547383,17645.84774972904,21906.29843902029,21906.29843902029,0.0,380559360.0
2.8572555422782897,17.413670214559442,31000,968,8.62073100408128,1.4367885006802132,0.0,0.0,1.4367885006802132,2942.5428493930767,0.0,8.62073100408128,17655.257096358462,21927.24322971143,21927.24322971143,0.0,380928000.0
2.3066285222768785,10.040516149720489,31030,969,8.609296118394086,1.4348826863990145,0.0,0.0,1.4348826863990145,2938.6397417451817,0.0,8.609296118394086,17631.83845047109,21948.25966145657,21948.25966145657,0.0,381296640.0
3.121289038658142,22.67559052493554,31070,970,8.606509616412634,1.4344182694021057,0.0,0.0,1.4344182694021057,2937.6886157355125,0.0,8.606509616412634,17626.131694413074,21976.19316068478,21976.19316068478,0.0,381788160.0
1.723258727788925,5.602756606516613,31100,971,8.604562485899027,1.434093747649838,0.0,0.0,1.434093747649838,2937.0239951868684,0.0,8.604562485899027,17622.143971121208,21997.14929332398,21997.14929332398,0.0,382156800.0
2.040229135751724,7.69237159430519,31130,972,8.62159000119836,1.4369316668663934,0.0,0.0,1.4369316668663934,2942.8360537423737,0.0,8.62159000119836,17657.01632245424,22018.20437512733,22018.20437512733,0.0,382525440.0
2.2208896398544313,9.215525719066981,31160,973,8.626530358138346,1.4377550596897244,0.0,0.0,1.4377550596897244,2944.5223622445556,0.0,8.626530358138346,17667.134173467333,22039.177338076755,22039.177338076755,0.0,382894080.0
3.100330352783203,22.205285647826337,31190,974,8.6067960743835,1.43446601239725,0.0,0.0,1.43446601239725,2937.786393389568,0.0,8.6067960743835,17626.718360337407,22060.124640345573,22060.124640345573,0.0,383262720.0
2.2077510888222607,9.095238991110486,31230,975,8.62128186021982,1.436880310036637,0.0,0.0,1.436880310036637,2942.7308749550325,0.0,8.62128186021982,17656.385249730192,22088.18289550394,22088.18289550394,0.0,383754240.0
2.777737194299698,16.0825879714622,31260,976,8.628872748442584,1.438145458073764,0.0,0.0,1.438145458073764,2945.3218981350687,0.0,8.628872748442584,17671.93138881041,22109.1318300087,22109.1318300087,0.0,384122880.0
2.597349965572357,13.428105899729534,31290,977,8.594066917301491,1.4323444862169152,0.0,0.0,1.4323444862169152,2933.4415077722424,0.0,8.594066917301491,17600.649046633454,22130.090734096244,22130.090734096244,0.0,384491520.0
3.178284949064255,24.005547490231137,31320,978,8.62086854424605,1.4368114240410084,0.0,0.0,1.4368114240410084,2942.589796435985,0.0,8.62086854424605,17655.53877861591,22151.028362771496,22151.028362771496,0.0,384860160.0
3.939186030626297,51.37676516280691,31350,979,8.604829184178435,1.4341381973630725,0.0,0.0,1.4341381973630725,2937.1150281995724,0.0,8.604829184178435,17622.690169197434,22172.03681355156,22172.03681355156,0.0,385228800.0
2.081580737233162,8.017131882116447,31390,980,8.651159853820028,1.4418599756366712,0.0,0.0,1.4418599756366712,2952.9292301039027,0.0,8.651159853820028,17717.575380623417,22199.95687057264,22199.95687057264,0.0,385720320.0
2.2645867228507996,9.62714509976667,31420,981,8.61101265173161,1.4351687752886015,0.0,0.0,1.4351687752886015,2939.225651791056,0.0,8.61101265173161,17635.353910746337,22220.897851632908,22220.897851632908,0.0,386088960.0
1.8019202709198,6.061275587514054,31450,982,8.615984504189345,1.435997417364891,0.0,0.0,1.435997417364891,2940.922710763297,0.0,8.615984504189345,17645.53626457978,22241.949657376856,22241.949657376856,0.0,386457600.0
4.875152122974396,130.99407890411345,31480,983,8.59584017488367,1.4326400291472783,0.0,0.0,1.4326400291472783,2934.046779693626,0.0,8.59584017488367,17604.280678161755,22263.05623763427,22263.05623763427,0.0,386826240.0
2.5601153790950777,12.937309924545316,31510,984,8.616558505508852,1.4360930842514754,0.0,0.0,1.4360930842514754,2941.1186365470217,0.0,8.616558505508852,17646.71181928213,22283.998777290806,22283.998777290806,0.0,387194880.0
2.6593996435403824,14.287708805043717,31550,985,8.587503652915938,1.4312506088193229,0.0,0.0,1.4312506088193229,2931.2012468619732,0.0,8.587503652915938,17587.20748117184,22311.93794489093,22311.93794489093,0.0,387686400.0
2.730076175928116,15.33405506129439,31580,986,8.62345267628171,1.4372421127136186,0.0,0.0,1.4372421127136186,2943.471846837491,0.0,8.62345267628171,17660.831081024942,22332.906789416447,22332.906789416447,0.0,388055040.0
1.9867995828390121,7.292158427877764,31610,987,8.629216557636159,1.4382027596060265,0.0,0.0,1.4382027596060265,2945.4392516731423,0.0,8.629216557636159,17672.635510038854,22353.87967864424,22353.87967864424,0.0,388423680.0
2.165700751543045,8.720710827755884,31640,988,8.61410941242269,1.4356849020704485,0.0,0.0,1.4356849020704485,2940.2826794402786,0.0,8.61410941242269,17641.69607664167,22374.830674396828,22374.830674396828,0.0,388792320.0
2.080923068523407,8.011860998773107,31670,989,8.650989933904054,1.4418316556506756,0.0,0.0,1.4418316556506756,2952.8712307725837,0.0,8.650989933904054,17717.227384635502,22395.826983228326,22395.826983228326,0.0,389160960.0
2.0173548072576524,7.518410961017475,31710,990,8.647612785662321,1.441268797610387,0.0,0.0,1.441268797610387,2951.7184975060727,0.0,8.647612785662321,17710.310985036434,22423.90419124812,22423.90419124812,0.0,389652480.0
2.823404037952423,16.83405701959916,31740,991,8.603820067772176,1.4339700112953626,0.0,0.0,1.4339700112953626,2936.7705831329026,0.0,8.603820067772176,17620.623498797417,22444.987773334607,22444.987773334607,0.0,390021120.0
3.2676367491483687,26.249232464128205,31770,992,8.60083829901969,1.433473049836615,0.0,0.0,1.433473049836615,2935.7528060653876,0.0,8.60083829901969,17614.516836392326,22465.93255477585,22465.93255477585,0.0,390389760.0
2.7540725111961364,15.706466573189715,31800,993,8.654419432782573,1.4424032387970955,0.0,0.0,1.4424032387970955,2954.0418330564517,0.0,8.654419432782573,17724.25099833871,22486.879580324516,22486.879580324516,0.0,390758400.0
3.0837327241897583,21.83977228234427,31830,994,8.612616307484366,1.4354360512473943,0.0,0.0,1.4354360512473943,2939.7730329546634,0.0,8.612616307484366,17638.63819772798,22507.82655416988,22507.82655416988,0.0,391127040.0
1.7226239085197448,5.599200997366278,31870,995,8.63510511469179,1.439184185781965,0.0,0.0,1.439184185781965,2947.449212481464,0.0,8.63510511469179,17684.695274888785,22535.73392150551,22535.73392150551,0.0,391618560.0
2.7823859214782716,16.157525582567413,31900,996,8.597032611617326,1.4328387686028876,0.0,0.0,1.4328387686028876,2934.453798098714,0.0,8.597032611617326,17606.722788592284,22556.677486868575,22556.677486868575,0.0,391987200.0
2.7451384544372557,15.566769071238495,31930,997,8.613232455563193,1.4355387425938655,0.0,0.0,1.4355387425938655,2939.9833448322365,0.0,8.613232455563193,17639.90006899342,22577.629870684817,22577.629870684817,0.0,392355840.0
2.325123739242554,10.22794560573428,31960,998,8.616493716082044,1.4360822860136742,0.0,0.0,1.4360822860136742,2941.0965217560047,0.0,8.616493716082044,17646.579130536025,22598.569866435602,22598.569866435602,0.0,392724480.0
1.980803793668747,7.248566996454982,31990,999,8.660761514422571,1.4434602524037619,0.0,0.0,1.4434602524037619,2956.2065969229043,0.0,8.660761514422571,17737.239581537426,22619.56732007861,22619.56732007861,0.0,393093120.0
2.330136704444885,10.279346669377286,32030,1000,8.65927405225298,1.4432123420421634,0.0,0.0,1.4432123420421634,2955.6988765023507,0.0,8.65927405225298,17734.193259014104,22702.48156775534,22702.48156775534,0.0,393584640.0
2.3874467007815836,10.88566407160087,32060,1001,8.66288215844313,1.4438136930738552,0.0,0.0,1.4438136930738552,2956.9304434152555,0.0,8.66288215844313,17741.58266049153,22723.3433825206,22723.3433825206,0.0,393953280.0
2.5913773477077484,13.34814398323151,32090,1002,8.613533883224989,1.4355889805374982,0.0,0.0,1.4355889805374982,2940.0862321407963,0.0,8.613533883224989,17640.517392844777,22744.24644188024,22744.24644188024,0.0,394321920.0
2.6091202318668367,13.587092101485283,32120,1003,8.620107773616052,1.4366846289360087,0.0,0.0,1.4366846289360087,2942.330120060946,0.0,8.620107773616052,17653.980720365675,22765.21483261697,22765.21483261697,0.0,394690560.0
2.1632257282733915,8.699153553910989,32150,1004,8.638002055899026,1.4396670093165045,0.0,0.0,1.4396670093165045,2948.438035080201,0.0,8.638002055899026,17690.628210481205,22786.162928171456,22786.162928171456,0.0,395059200.0
3.7911452114582063,44.3071122451,32190,1005,8.544521576306085,1.4240869293843477,0.0,0.0,1.4240869293843477,2916.530031379144,0.0,8.544521576306085,17499.180188274862,22814.266394086182,22814.266394086182,0.0,395550720.0
2.864475718140602,17.539854965787384,32220,1006,8.573502491380317,1.4289170818967196,0.0,0.0,1.4289170818967196,2926.422183724482,0.0,8.573502491380317,17558.53310234689,22837.950384054333,22837.950384054333,0.0,395919360.0
1.4765578895807265,4.377850671068466,32250,1007,8.60806194236712,1.4346769903945202,0.0,0.0,1.4346769903945202,2938.2184763279774,0.0,8.60806194236712,17629.310857967863,22858.893197732046,22858.893197732046,0.0,396288000.0
1.8553356409072876,6.393843926088934,32280,1008,8.597627967311725,1.4329379945519543,0.0,0.0,1.4329379945519543,2934.6570128424023,0.0,8.597627967311725,17607.942077054413,22879.96282809414,22879.96282809414,0.0,396656640.0
2.6265589714050295,13.826111906464805,32310,1009,7.746825583428969,1.2911375972381616,0.0,0.0,1.2911375972381616,2644.249799143755,0.0,7.746825583428969,15865.49879486253,22901.15574347973,22901.15574347973,0.0,397025280.0
2.9403494119644167,18.92245689011385,32350,1010,8.617532342738006,1.4362553904563344,0.0,0.0,1.4362553904563344,2941.451039654573,0.0,8.617532342738006,17648.706237927436,22929.0642883759,22929.0642883759,0.0,397516800.0
4.022142946720123,55.82059831612545,32380,1011,8.634293516702277,1.4390489194503795,0.0,0.0,1.4390489194503795,2947.172187034377,0.0,8.634293516702277,17683.033122206263,22949.992909796536,22949.992909796536,0.0,397885440.0
2.4511475592851637,11.601652667322666,32410,1012,8.59521280904348,1.4325354681739133,0.0,0.0,1.4325354681739133,2933.8326388201745,0.0,8.59521280904348,17602.995832921046,22970.95795066841,22970.95795066841,0.0,398254080.0
1.9409651100635528,6.965470173092203,32440,1013,8.622909483148936,1.4371515805248225,0.0,0.0,1.4371515805248225,2943.2864369148365,0.0,8.622909483148936,17659.71862148902,22991.94224009663,22991.94224009663,0.0,398622720.0
2.0901973128318785,8.086510579204367,32470,1014,8.591401338946989,1.4319002231578315,0.0,0.0,1.4319002231578315,2932.531657027239,0.0,8.591401338946989,17595.189942163433,23012.889751836658,23012.889751836658,0.0,398991360.0
1.958785170316696,7.090707828418746,32510,1015,8.634484734054437,1.4390807890090729,0.0,0.0,1.4390807890090729,2947.2374558905813,0.0,8.634484734054437,17683.424735343488,23040.935202840716,23040.935202840716,0.0,399482880.0
2.745148479938507,15.566925136683613,32540,1016,8.61771325062001,1.4362855417700016,0.0,0.0,1.4362855417700016,2941.512789544963,0.0,8.61771325062001,17649.07673726978,23061.895011732355,23061.895011732355,0.0,399851520.0
2.229827678203583,9.298263647925237,32570,1017,8.598780708036323,1.4331301180060536,0.0,0.0,1.4331301180060536,2935.050481676398,0.0,8.598780708036323,17610.30289005839,23082.861061487347,23082.861061487347,0.0,400220160.0
2.1809049248695374,8.854315124422287,32600,1018,8.632743619437678,1.438790603239613,0.0,0.0,1.438790603239613,2946.6431554347273,0.0,8.632743619437678,17679.858932608364,23103.81430516392,23103.81430516392,0.0,400588800.0
3.2873717546463013,26.772406653916853,32630,1019,8.59617837458531,1.4326963957642183,0.0,0.0,1.4326963957642183,2934.162218525119,0.0,8.59617837458531,17604.973311150716,23124.835411204025,23124.835411204025,0.0,400957440.0
